Code;Continent;Country;GDP per capita (Annotations);Year;GDP;Life exp;Population
AFG;Asia;Afghanistan;;1970;1272;37,4601;11290134
AFG;Asia;Afghanistan;;1971;1237;37,9324;11567672
AFG;Asia;Afghanistan;;1972;1007;38,4226;11853698
AFG;Asia;Afghanistan;;1973;1011;38,951;12158000
AFG;Asia;Afghanistan;;1974;1039;39,4687;12469127
AFG;Asia;Afghanistan;;1975;1074;39,9944;12773966
AFG;Asia;Afghanistan;;1976;1105;40,5184;13059861
AFG;Asia;Afghanistan;;1977;1022;41,0821;13340758
AFG;Asia;Afghanistan;;1978;1070;40,0859;13611444
AFG;Asia;Afghanistan;;1979;1023;38,8441;13655575
AFG;Asia;Afghanistan;;1980;1019;39,2581;13169313
AFG;Asia;Afghanistan;;1981;1144;39,4058;11937586
AFG;Asia;Afghanistan;;1982;1270;36,0577;10991380
AFG;Asia;Afghanistan;;1983;1347;36,5174;10917985
AFG;Asia;Afghanistan;;1984;1337;31,4732;11190222
AFG;Asia;Afghanistan;;1985;1304;32,1316;11426855
AFG;Asia;Afghanistan;;1986;1344;38,4001;11420074
AFG;Asia;Afghanistan;;1987;1211;38,8312;11387822
AFG;Asia;Afghanistan;;1988;1101;43,2381;11523299
AFG;Asia;Afghanistan;;1989;999;44,4961;11874089
AFG;Asia;Afghanistan;;1990;963;45,1183;12045664
AFG;Asia;Afghanistan;;1991;881,1704;45,5207;12238879
AFG;Asia;Afghanistan;;1992;843,87537;46,5691;13278983
AFG;Asia;Afghanistan;;1993;578,4028;51,0212;14943175
AFG;Asia;Afghanistan;;1994;428,42456;50,9689;16250800
AFG;Asia;Afghanistan;;1995;632,94037;52,1032;17065837
AFG;Asia;Afghanistan;;1996;600,1753;52,8302;17763266
AFG;Asia;Afghanistan;;1997;570,59814;53,2123;18452100
AFG;Asia;Afghanistan;;1998;545,03876;52,487;19159996
AFG;Asia;Afghanistan;;1999;518,65784;54,5324;19887792
AFG;Asia;Afghanistan;;2000;502,37274;55,0047;20130334
AFG;Asia;Afghanistan;;2001;489,682;55,5113;20284303
AFG;Asia;Afghanistan;;2002;796,8166;56,2251;21378123
AFG;Asia;Afghanistan;;2003;842,8052;57,1713;22733053
AFG;Asia;Afghanistan;;2004;869,03925;57,8098;23560656
AFG;Asia;Afghanistan;;2005;964,4081;58,2468;24404575
AFG;Asia;Afghanistan;;2006;1057,0966;58,5533;25424100
AFG;Asia;Afghanistan;;2007;1259,9967;58,9563;25909852
AFG;Asia;Afghanistan;;2008;1319,6074;59,7081;26482631
AFG;Asia;Afghanistan;;2009;1557,3207;60,2478;27466102
AFG;Asia;Afghanistan;;2010;1627,6716;60,7018;28284088
AFG;Asia;Afghanistan;;2011;1792;61,2503;29347708
AFG;Asia;Afghanistan;;2012;1945;61,7349;30560036
AFG;Asia;Afghanistan;;2013;2025;62,1878;31622709
AFG;Asia;Afghanistan;;2014;2022;62,2599;32792528
AFG;Asia;Afghanistan;;2015;1928;62,2695;33831767
AFG;Asia;Afghanistan;;2016;1931,2438;62,6459;34700613
AFG;Asia;Afghanistan;;2017;1909,733;62,4062;35688941
AFG;Asia;Afghanistan;;2018;1888,814;62,4434;36743040
AFG;Asia;Afghanistan;;2019;2031,7373;62,9411;37856125
AFG;Asia;Afghanistan;;2020;1928,4547;61,4537;39068977
AFG;Asia;Afghanistan;;2021;1485,547;60,4174;40000410
AFG;Asia;Afghanistan;;2022;1357,9878;65,617;40578847
AFG;Asia;Afghanistan;;2023;;66,0346;41454762
ALB;Europe;Albania;;1970;3194;65,2343;2181226
ALB;Europe;Albania;;1971;3322;65,8959;2234995
ALB;Europe;Albania;;1972;3451;66,5263;2289265
ALB;Europe;Albania;;1973;3623;67,1066;2344108
ALB;Europe;Albania;;1974;3637;67,6334;2399397
ALB;Europe;Albania;;1975;3649;68,1198;2454861
ALB;Europe;Albania;;1976;3665;68,5695;2510579
ALB;Europe;Albania;;1977;3681;68,9918;2566603
ALB;Europe;Albania;;1978;3696;69,3665;2624620
ALB;Europe;Albania;;1979;3716;69,6169;2681393
ALB;Europe;Albania;;1980;3741;69,903;2735424
ALB;Europe;Albania;;1981;3762;70,1446;2790413
ALB;Europe;Albania;;1982;3783;70,4249;2846910
ALB;Europe;Albania;;1983;3805;70,7051;2905128
ALB;Europe;Albania;;1984;3826;70,9838;2964961
ALB;Europe;Albania;;1985;3846;71,2816;3026245
ALB;Europe;Albania;;1986;3870;71,6651;3087658
ALB;Europe;Albania;;1987;3894;71,9814;3148843
ALB;Europe;Albania;;1988;3920;72,2167;3212924
ALB;Europe;Albania;;1989;3948;72,4573;3260369
ALB;Europe;Albania;;1990;3983;72,7096;3277965
ALB;Europe;Albania;;1991;2942,1006;73,0011;3282608
ALB;Europe;Albania;;1992;2841,7651;73,303;3282506
ALB;Europe;Albania;;1993;3137,024;73,6377;3277831
ALB;Europe;Albania;;1994;3399,7102;73,8367;3269417
ALB;Europe;Albania;;1995;3666,6506;74,0218;3258573
ALB;Europe;Albania;;1996;3965,6853;74,1134;3245680
ALB;Europe;Albania;;1997;3526,9856;73,3832;3229665
ALB;Europe;Albania;;1998;3873,373;74,3572;3210134
ALB;Europe;Albania;;1999;4432,0425;74,5684;3188598
ALB;Europe;Albania;;2000;4808,4795;74,8262;3166147
ALB;Europe;Albania;;2001;5285,809;75,083;3147943
ALB;Europe;Albania;;2002;5608,9624;75,2987;3134095
ALB;Europe;Albania;;2003;6004,645;75,5566;3118093
ALB;Europe;Albania;;2004;6419,8706;75,9515;3098662
ALB;Europe;Albania;;2005;6858,4673;76,4266;3076156
ALB;Europe;Albania;;2006;7347,33;76,9943;3050805
ALB;Europe;Albania;;2007;7866,1577;77,6907;3022887
ALB;Europe;Albania;;2008;8522,13;78,2484;2992933
ALB;Europe;Albania;;2009;8859,472;78,5088;2961487
ALB;Europe;Albania;;2010;9222,973;78,4141;2928731
ALB;Europe;Albania;;2011;9484;78,3029;2911499
ALB;Europe;Albania;;2012;9634,334;78,0836;2910003
ALB;Europe;Albania;;2013;9748,728;77,9951;2907571
ALB;Europe;Albania;;2014;9942,276;78,0291;2903748
ALB;Europe;Albania;;2015;10192,529;78,358;2898634
ALB;Europe;Albania;;2016;10547,255;78,6433;2897868
ALB;Europe;Albania;;2017;10958,307;78,9003;2898245
ALB;Europe;Albania;;2018;11426,92;79,2377;2894229
ALB;Europe;Albania;;2019;11715,307;79,4669;2885011
ALB;Europe;Albania;;2020;11372,541;77,8241;2871950
ALB;Europe;Albania;;2021;12455,917;76,8442;2849641
ALB;Europe;Albania;;2022;12978,101;78,7688;2827614
ALB;Europe;Albania;;2023;;79,6019;2811660
DZA;Africa;Algeria;;1970;3585;43,328;13783722
DZA;Africa;Algeria;;1971;3188;43,7823;14098937
DZA;Africa;Algeria;;1972;3746;44,384;14427075
DZA;Africa;Algeria;;1973;3757;45,1016;14771150
DZA;Africa;Algeria;;1974;3870;45,9531;15133508
DZA;Africa;Algeria;;1975;4020;46,9211;15678603
DZA;Africa;Algeria;;1976;4157;48,0338;16409171
DZA;Africa;Algeria;;1977;4398;49,2492;17015988
DZA;Africa;Algeria;;1978;4812;50,6152;17506977
DZA;Africa;Algeria;;1979;5088;52,409;18036655
DZA;Africa;Algeria;;1980;5024;54,5124;18607175
DZA;Africa;Algeria;;1981;4991;57,4223;19220708
DZA;Africa;Algeria;;1982;5145;59,5944;19872353
DZA;Africa;Algeria;;1983;5243;61,2511;20558120
DZA;Africa;Algeria;;1984;5361;62,7219;21271969
DZA;Africa;Algeria;;1985;5469;64,155;22008542
DZA;Africa;Algeria;;1986;5262;65,2728;22745501
DZA;Africa;Algeria;;1987;5088;66,13;23443627
DZA;Africa;Algeria;;1988;4850;66,9097;24109538
DZA;Africa;Algeria;;1989;4889;67,4609;24754488
DZA;Africa;Algeria;;1990;4697;67,6584;25375815
DZA;Africa;Algeria;;1991;4708,232;67,6919;25987937
DZA;Africa;Algeria;;1992;4850,223;67,7245;26628570
DZA;Africa;Algeria;;1993;4816,924;67,7974;27277042
DZA;Africa;Algeria;;1994;4856,9854;67,2844;27887277
DZA;Africa;Algeria;;1995;5142,384;67,6914;28470194
DZA;Africa;Algeria;;1996;5451,6343;68,2186;29033045
DZA;Africa;Algeria;;1997;5638,48;68,8594;29579299
DZA;Africa;Algeria;;1998;6069,7773;69,3271;30054135
DZA;Africa;Algeria;;1999;6421,5083;70,0881;30474360
DZA;Africa;Algeria;;2000;6834,5537;70,5759;30903894
DZA;Africa;Algeria;;2001;7218,2456;71,0245;31331226
DZA;Africa;Algeria;;2002;7814,8384;71,6437;31750832
DZA;Africa;Algeria;;2003;8590,178;71,9064;32175813
DZA;Africa;Algeria;;2004;9182,294;72,5359;32628286
DZA;Africa;Algeria;;2005;9969,623;72,836;33109258
DZA;Africa;Algeria;;2006;10385,779;73,1164;33623505
DZA;Africa;Algeria;;2007;10974,742;73,346;34189420
DZA;Africa;Algeria;;2008;11475,002;73,6181;34816963
DZA;Africa;Algeria;;2009;11907,021;73,8711;35490442
DZA;Africa;Algeria;;2010;12587,744;74,1435;36188237
DZA;Africa;Algeria;;2011;13204;74,3834;36903374
DZA;Africa;Algeria;;2012;13392,944;74,6086;37646165
DZA;Africa;Algeria;;2013;13508,265;74,8095;38414176
DZA;Africa;Algeria;;2014;13760,384;74,9923;39205035
DZA;Africa;Algeria;;2015;14007,894;75,1589;40019528
DZA;Africa;Algeria;;2016;14198,272;75,3099;40850719
DZA;Africa;Algeria;;2017;14149,915;75,4313;41689302
DZA;Africa;Algeria;;2018;14083,772;75,5554;42505033
DZA;Africa;Algeria;;2019;14000,279;75,6818;43294551
DZA;Africa;Algeria;;2020;13086,293;73,2568;44042094
DZA;Africa;Algeria;;2021;13337,262;75,2077;44761099
DZA;Africa;Algeria;;2022;13506,444;76,1289;45477391
DZA;Africa;Algeria;;2023;;76,261;46164222
ASM;Oceania;American Samoa;;1970;;66,3642;27052
ASM;Oceania;American Samoa;;1971;;66,7703;27556
ASM;Oceania;American Samoa;;1972;;67,1856;28019
ASM;Oceania;American Samoa;;1973;;67,6043;28465
ASM;Oceania;American Samoa;;1974;;67,9504;28896
ASM;Oceania;American Samoa;;1975;;68,2563;29407
ASM;Oceania;American Samoa;;1976;;68,4748;29981
ASM;Oceania;American Samoa;;1977;;68,7007;30543
ASM;Oceania;American Samoa;;1978;;68,8807;31098
ASM;Oceania;American Samoa;;1979;;69,1135;31632
ASM;Oceania;American Samoa;;1980;;69,4132;32427
ASM;Oceania;American Samoa;;1981;;69,7307;33606
ASM;Oceania;American Samoa;;1982;;69,9752;34937
ASM;Oceania;American Samoa;;1983;;70,1629;36291
ASM;Oceania;American Samoa;;1984;;70,3261;37690
ASM;Oceania;American Samoa;;1985;;70,5321;39128
ASM;Oceania;American Samoa;;1986;;70,7037;40588
ASM;Oceania;American Samoa;;1987;;70,828;42095
ASM;Oceania;American Samoa;;1988;;70,8826;43634
ASM;Oceania;American Samoa;;1989;;70,929;45207
ASM;Oceania;American Samoa;;1990;;71,1074;46659
ASM;Oceania;American Samoa;;1991;;71,312;47903
ASM;Oceania;American Samoa;;1992;;71,5106;49054
ASM;Oceania;American Samoa;;1993;;71,5399;50178
ASM;Oceania;American Samoa;;1994;;71,5688;51273
ASM;Oceania;American Samoa;;1995;;71,5652;52339
ASM;Oceania;American Samoa;;1996;;71,5763;53378
ASM;Oceania;American Samoa;;1997;;71,6065;54385
ASM;Oceania;American Samoa;;1998;;71,5421;55354
ASM;Oceania;American Samoa;;1999;;71,484;56267
ASM;Oceania;American Samoa;;2000;;71,4429;56877
ASM;Oceania;American Samoa;;2001;;71,5734;57072
ASM;Oceania;American Samoa;;2002;;71,7547;57081
ASM;Oceania;American Samoa;;2003;;71,6979;56988
ASM;Oceania;American Samoa;;2004;;72,2768;56841
ASM;Oceania;American Samoa;;2005;;72,3817;56638
ASM;Oceania;American Samoa;;2006;;72,3975;56391
ASM;Oceania;American Samoa;;2007;;72,3649;56134
ASM;Oceania;American Samoa;;2008;;72,43;55848
ASM;Oceania;American Samoa;;2009;;70,8391;55542
ASM;Oceania;American Samoa;;2010;;72,5866;55246
ASM;Oceania;American Samoa;;2011;;72,6621;54917
ASM;Oceania;American Samoa;;2012;;72,7093;54506
ASM;Oceania;American Samoa;;2013;;72,7692;54026
ASM;Oceania;American Samoa;;2014;;72,6873;53489
ASM;Oceania;American Samoa;;2015;;72,6543;52896
ASM;Oceania;American Samoa;;2016;;72,6399;52260
ASM;Oceania;American Samoa;;2017;;72,8009;51605
ASM;Oceania;American Samoa;;2018;;72,794;50927
ASM;Oceania;American Samoa;;2019;;72,7511;50230
ASM;Oceania;American Samoa;;2020;;72,6717;49779
ASM;Oceania;American Samoa;;2021;;72,708;49249
ASM;Oceania;American Samoa;;2022;;72,7521;48365
ASM;Oceania;American Samoa;;2023;;72,8518;47544
AND;Europe;Andorra;;1970;;74,452;19999
AND;Europe;Andorra;;1971;;74,6146;21466
AND;Europe;Andorra;;1972;;74,8635;22978
AND;Europe;Andorra;;1973;;75,0961;24544
AND;Europe;Andorra;;1974;;75,3398;26153
AND;Europe;Andorra;;1975;;75,5675;27799
AND;Europe;Andorra;;1976;;75,8689;29457
AND;Europe;Andorra;;1977;;76,1538;31125
AND;Europe;Andorra;;1978;;76,4879;32758
AND;Europe;Andorra;;1979;;76,8187;34326
AND;Europe;Andorra;;1980;;77,1371;35802
AND;Europe;Andorra;;1981;;77,3915;37194
AND;Europe;Andorra;;1982;;77,6174;38785
AND;Europe;Andorra;;1983;;77,7865;40586
AND;Europe;Andorra;;1984;;77,9159;42291
AND;Europe;Andorra;;1985;;78,006;43845
AND;Europe;Andorra;;1986;;78,1066;45758
AND;Europe;Andorra;;1987;;78,1885;47677
AND;Europe;Andorra;;1988;;78,3641;49441
AND;Europe;Andorra;;1989;;78,5571;50638
AND;Europe;Andorra;;1990;;78,9608;52616
AND;Europe;Andorra;;1991;;79,3458;56691
AND;Europe;Andorra;;1992;;79,7941;60217
AND;Europe;Andorra;;1993;;80,186;63293
AND;Europe;Andorra;;1994;;80,5868;64631
AND;Europe;Andorra;;1995;;80,8037;63936
AND;Europe;Andorra;;1996;;81,009;64006
AND;Europe;Andorra;;1997;;81,1446;64722
AND;Europe;Andorra;;1998;;81,2803;65400
AND;Europe;Andorra;;1999;;81,5505;65732
AND;Europe;Andorra;;2000;;81,8633;65703
AND;Europe;Andorra;;2001;;82,1618;65874
AND;Europe;Andorra;;2002;;82,4485;66528
AND;Europe;Andorra;;2003;;82,7183;69507
AND;Europe;Andorra;;2004;;82,8153;74342
AND;Europe;Andorra;;2005;;83,086;77436
AND;Europe;Andorra;;2006;;83,3745;79609
AND;Europe;Andorra;;2007;;83,6324;81901
AND;Europe;Andorra;;2008;;83,8546;83513
AND;Europe;Andorra;;2009;;84,0997;83907
AND;Europe;Andorra;;2010;;84,1974;80727
AND;Europe;Andorra;;2011;;84,2965;77801
AND;Europe;Andorra;;2012;;84,3339;76858
AND;Europe;Andorra;;2013;;84,4065;75220
AND;Europe;Andorra;;2014;;84,4853;73755
AND;Europe;Andorra;;2015;;84,5316;72195
AND;Europe;Andorra;;2016;;84,4885;72197
AND;Europe;Andorra;;2017;;84,3595;73780
AND;Europe;Andorra;;2018;;84,2416;75181
AND;Europe;Andorra;;2019;;84,098;76492
AND;Europe;Andorra;;2020;;79,4177;77397
AND;Europe;Andorra;;2021;;82,3311;78379
AND;Europe;Andorra;;2022;;84,0164;79722
AND;Europe;Andorra;;2023;;84,0406;80869
AGO;Africa;Angola;;1970;2818;39,6882;5852790
AGO;Africa;Angola;;1971;2754;40,0762;5991114
AGO;Africa;Angola;;1972;2729;40,4686;6174269
AGO;Africa;Angola;;1973;2852;40,8714;6388534
AGO;Africa;Angola;;1974;2727;41,2597;6613368
AGO;Africa;Angola;;1975;1710;40,8174;6842952
AGO;Africa;Angola;;1976;1521;40,8116;7074668
AGO;Africa;Angola;;1977;1500;41,2146;7317837
AGO;Africa;Angola;;1978;1530;41,5731;7576742
AGO;Africa;Angola;;1979;1527;41,9129;7847207
AGO;Africa;Angola;;1980;1532;42,2415;8133867
AGO;Africa;Angola;;1981;1471;42,5556;8435605
AGO;Africa;Angola;;1982;1374;42,8569;8751653
AGO;Africa;Angola;;1983;1288;41,9717;9082985
AGO;Africa;Angola;;1984;1259;42,2455;9425921
AGO;Africa;Angola;;1985;1242;42,495;9779125
AGO;Africa;Angola;;1986;1106;42,7391;10139459
AGO;Africa;Angola;;1987;1211;40,7857;10497863
AGO;Africa;Angola;;1988;1360;41,4711;10861299
AGO;Africa;Angola;;1989;1360;41,6977;11238562
AGO;Africa;Angola;;1990;1384;41,8542;11626361
AGO;Africa;Angola;;1991;1437,1472;43,8116;12023532
AGO;Africa;Angola;;1992;1389,3295;42,2673;12423717
AGO;Africa;Angola;;1993;1080,4806;42,1902;12827136
AGO;Africa;Angola;;1994;1120,8481;43,5671;13249763
AGO;Africa;Angola;;1995;1319,1589;46,1391;13699780
AGO;Africa;Angola;;1996;1533,9839;46,4177;14170973
AGO;Africa;Angola;;1997;1687,3177;46,6882;14660419
AGO;Africa;Angola;;1998;1811,1681;45,4515;15159378
AGO;Africa;Angola;;1999;1899,4152;45,8077;15667235
AGO;Africa;Angola;;2000;2013,6362;46,5005;16194873
AGO;Africa;Angola;;2001;2162,485;47,0323;16747204
AGO;Africa;Angola;;2002;2522,6719;47,8736;17327701
AGO;Africa;Angola;;2003;2711,9282;50,218;17943718
AGO;Africa;Angola;;2004;3064,2986;51,1225;18600426
AGO;Africa;Angola;;2005;3708,7705;52,1295;19291160
AGO;Africa;Angola;;2006;4592,3374;52,9647;20015281
AGO;Africa;Angola;;2007;5773,5483;54,2001;20778570
AGO;Africa;Angola;;2008;6743,748;55,2809;21578656
AGO;Africa;Angola;;2009;7087,604;56,2251;22414775
AGO;Africa;Angola;;2010;7520,6655;57,242;23294822
AGO;Africa;Angola;;2011;8016;58,0931;24218358
AGO;Africa;Angola;;2012;8376,946;58,916;25177398
AGO;Africa;Angola;;2013;8463,942;59,7048;26165616
AGO;Africa;Angola;;2014;8548,293;60,3956;27160767
AGO;Africa;Angola;;2015;8319,567;61,042;28157802
AGO;Africa;Angola;;2016;7819,1475;61,6189;29183072
AGO;Africa;Angola;;2017;7535,6123;62,1221;30234836
AGO;Africa;Angola;;2018;7180,3555;62,6219;31297160
AGO;Africa;Angola;;2019;6886,954;63,0511;32375633
AGO;Africa;Angola;;2020;6279,929;63,1164;33451139
AGO;Africa;Angola;;2021;6137,004;62,9581;34532427
AGO;Africa;Angola;;2022;6118,905;64,2455;35635028
AGO;Africa;Angola;;2023;;64,617;36749909
AIA;North America;Anguilla;;1970;;65,0005;6324
AIA;North America;Anguilla;;1971;;65,4591;6376
AIA;North America;Anguilla;;1972;;65,8726;6427
AIA;North America;Anguilla;;1973;;66,2469;6466
AIA;North America;Anguilla;;1974;;66,6363;6502
AIA;North America;Anguilla;;1975;;67,0556;6519
AIA;North America;Anguilla;;1976;;67,4381;6545
AIA;North America;Anguilla;;1977;;67,8226;6567
AIA;North America;Anguilla;;1978;;68,2252;6587
AIA;North America;Anguilla;;1979;;68,6017;6602
AIA;North America;Anguilla;;1980;;68,919;6612
AIA;North America;Anguilla;;1981;;69,2531;6628
AIA;North America;Anguilla;;1982;;69,5705;6653
AIA;North America;Anguilla;;1983;;69,8947;6672
AIA;North America;Anguilla;;1984;;70,1622;6764
AIA;North America;Anguilla;;1985;;70,4311;6978
AIA;North America;Anguilla;;1986;;70,7542;7245
AIA;North America;Anguilla;;1987;;71,0717;7519
AIA;North America;Anguilla;;1988;;71,3964;7807
AIA;North America;Anguilla;;1989;;71,7765;8116
AIA;North America;Anguilla;;1990;;72,0868;8422
AIA;North America;Anguilla;;1991;;72,4463;8728
AIA;North America;Anguilla;;1992;;72,7807;9005
AIA;North America;Anguilla;;1993;;73,12;9252
AIA;North America;Anguilla;;1994;;73,4412;9489
AIA;North America;Anguilla;;1995;;73,7432;9738
AIA;North America;Anguilla;;1996;;74,0452;10000
AIA;North America;Anguilla;;1997;;74,3392;10278
AIA;North America;Anguilla;;1998;;74,6097;10557
AIA;North America;Anguilla;;1999;;74,8918;10864
AIA;North America;Anguilla;;2000;;75,1471;11196
AIA;North America;Anguilla;;2001;;75,3965;11497
AIA;North America;Anguilla;;2002;;75,6564;11714
AIA;North America;Anguilla;;2003;;75,8948;11903
AIA;North America;Anguilla;;2004;;76,1355;12092
AIA;North America;Anguilla;;2005;;76,3362;12290
AIA;North America;Anguilla;;2006;;76,5687;12493
AIA;North America;Anguilla;;2007;;76,7519;12697
AIA;North America;Anguilla;;2008;;76,9019;12911
AIA;North America;Anguilla;;2009;;77,0431;13138
AIA;North America;Anguilla;;2010;;77,2078;13372
AIA;North America;Anguilla;;2011;;77,3048;13593
AIA;North America;Anguilla;;2012;;77,4058;13401
AIA;North America;Anguilla;;2013;;77,6236;13272
AIA;North America;Anguilla;;2014;;77,6962;13748
AIA;North America;Anguilla;;2015;;77,7411;14235
AIA;North America;Anguilla;;2016;;77,8764;14344
AIA;North America;Anguilla;;2017;;77,1738;14450
AIA;North America;Anguilla;;2018;;78,2359;14747
AIA;North America;Anguilla;;2019;;78,4253;14845
AIA;North America;Anguilla;;2020;;78,6562;14864
AIA;North America;Anguilla;;2021;;78,4144;14503
AIA;North America;Anguilla;;2022;;79,1194;14202
AIA;North America;Anguilla;;2023;;79,3115;14435
ATG;North America;Antigua and Barbuda;;1970;;69,3709;64549
ATG;North America;Antigua and Barbuda;;1971;;69,8607;64747
ATG;North America;Antigua and Barbuda;;1972;;70,3044;64631
ATG;North America;Antigua and Barbuda;;1973;;70,7102;64362
ATG;North America;Antigua and Barbuda;;1974;;71,095;64074
ATG;North America;Antigua and Barbuda;;1975;;71,4474;63856
ATG;North America;Antigua and Barbuda;;1976;;71,7944;63779
ATG;North America;Antigua and Barbuda;;1977;;72,1487;63882
ATG;North America;Antigua and Barbuda;;1978;;72,4997;64055
ATG;North America;Antigua and Barbuda;;1979;;72,8235;64297
ATG;North America;Antigua and Barbuda;;1980;;73,0936;64531
ATG;North America;Antigua and Barbuda;;1981;;73,3205;64686
ATG;North America;Antigua and Barbuda;;1982;;73,5245;64802
ATG;North America;Antigua and Barbuda;;1983;;73,6838;64952
ATG;North America;Antigua and Barbuda;;1984;;73,8077;64899
ATG;North America;Antigua and Barbuda;;1985;;73,8727;64606
ATG;North America;Antigua and Barbuda;;1986;;73,8927;64292
ATG;North America;Antigua and Barbuda;;1987;;73,8734;63964
ATG;North America;Antigua and Barbuda;;1988;;73,8107;63641
ATG;North America;Antigua and Barbuda;;1989;;73,6281;63346
ATG;North America;Antigua and Barbuda;;1990;;73,6024;63087
ATG;North America;Antigua and Barbuda;;1991;;73,4716;63406
ATG;North America;Antigua and Barbuda;;1992;;73,3864;64422
ATG;North America;Antigua and Barbuda;;1993;;73,3902;65601
ATG;North America;Antigua and Barbuda;;1994;;73,4934;66860
ATG;North America;Antigua and Barbuda;;1995;;73,5759;68210
ATG;North America;Antigua and Barbuda;;1996;;73,8389;69629
ATG;North America;Antigua and Barbuda;;1997;;74,0454;71071
ATG;North America;Antigua and Barbuda;;1998;;74,1873;72430
ATG;North America;Antigua and Barbuda;;1999;;74,456;73681
ATG;North America;Antigua and Barbuda;;2000;;74,8191;74929
ATG;North America;Antigua and Barbuda;;2001;;75,1082;76082
ATG;North America;Antigua and Barbuda;;2002;;75,237;77049
ATG;North America;Antigua and Barbuda;;2003;;75,3125;77896
ATG;North America;Antigua and Barbuda;;2004;;75,3295;78734
ATG;North America;Antigua and Barbuda;;2005;;75,3638;79628
ATG;North America;Antigua and Barbuda;;2006;;75,5059;80619
ATG;North America;Antigua and Barbuda;;2007;;75,72;81716
ATG;North America;Antigua and Barbuda;;2008;;76,0753;82926
ATG;North America;Antigua and Barbuda;;2009;;76,3856;84193
ATG;North America;Antigua and Barbuda;;2010;;76,7013;85337
ATG;North America;Antigua and Barbuda;;2011;;77,0227;86350
ATG;North America;Antigua and Barbuda;;2012;;77,1;87275
ATG;North America;Antigua and Barbuda;;2013;;77,0496;88074
ATG;North America;Antigua and Barbuda;;2014;;76,9122;88784
ATG;North America;Antigua and Barbuda;;2015;;76,8924;89421
ATG;North America;Antigua and Barbuda;;2016;;76,9684;89980
ATG;North America;Antigua and Barbuda;;2017;;77,0296;90483
ATG;North America;Antigua and Barbuda;;2018;;77,1325;90942
ATG;North America;Antigua and Barbuda;;2019;;77,1681;91377
ATG;North America;Antigua and Barbuda;;2020;;77,1613;91864
ATG;North America;Antigua and Barbuda;;2021;;77,197;92358
ATG;North America;Antigua and Barbuda;;2022;;77,4833;92850
ATG;North America;Antigua and Barbuda;;2023;;77,5976;93331
ARG;South America;Argentina;;1970;11639;65,6474;23878330
ARG;South America;Argentina;;1971;12003;65,6193;24257212
ARG;South America;Argentina;;1972;12170;65,953;24644332
ARG;South America;Argentina;;1973;12691;66,186;25046007
ARG;South America;Argentina;;1974;13284;66,4053;25461352
ARG;South America;Argentina;;1975;12946;66,9647;25874106
ARG;South America;Argentina;;1976;12696;67,0299;26282282
ARG;South America;Argentina;;1977;13236;67,5946;26701815
ARG;South America;Argentina;;1978;12444;67,9989;27132162
ARG;South America;Argentina;;1979;13114;68,4341;27568894
ARG;South America;Argentina;;1980;13080;68,5761;28011597
ARG;South America;Argentina;;1981;12125;68,8576;28463956
ARG;South America;Argentina;;1982;11550;68,9728;28924268
ARG;South America;Argentina;;1983;11775;69,2905;29391334
ARG;South America;Argentina;;1984;11837;69,3533;29863090
ARG;South America;Argentina;;1985;10895;69,8793;30336448
ARG;South America;Argentina;;1986;11515;70,2812;30811982
ARG;South America;Argentina;;1987;11633;70,6989;31291764
ARG;South America;Argentina;;1988;11244;71,0973;31780534
ARG;South America;Argentina;;1989;10393;71,5019;32270958
ARG;South America;Argentina;;1990;10254;71,6145;32755907
ARG;South America;Argentina;;1991;11223,984;72,0204;33230293
ARG;South America;Argentina;;1992;12267,084;72,0958;33693532
ARG;South America;Argentina;;1993;12926,795;72,3033;34152719
ARG;South America;Argentina;;1994;13571,38;72,7317;34613492
ARG;South America;Argentina;;1995;13086,036;72,8644;35070016
ARG;South America;Argentina;;1996;13715,227;73,0565;35513795
ARG;South America;Argentina;;1997;14722,6455;73,4071;35947790
ARG;South America;Argentina;;1998;15185,959;73,4121;36372862
ARG;South America;Argentina;;1999;14577,832;73,6833;36794687
ARG;South America;Argentina;;2000;14368,942;73,91;37213986
ARG;South America;Argentina;;2001;13651,981;74,1542;37624817
ARG;South America;Argentina;;2002;12094,772;74,3122;38029345
ARG;South America;Argentina;;2003;13088,565;74,3073;38424283
ARG;South America;Argentina;;2004;14183,226;74,8713;38815915
ARG;South America;Argentina;;2005;15344,157;75,2306;39216786
ARG;South America;Argentina;;2006;16490,473;75,2791;39622113
ARG;South America;Argentina;;2007;17891,943;74,7827;40016767
ARG;South America;Argentina;;2008;18520,305;75,4281;40424151
ARG;South America;Argentina;;2009;17328,977;75,5773;40854832
ARG;South America;Argentina;;2010;18979,992;75,68;41288694
ARG;South America;Argentina;;2011;20003;76,0998;41730655
ARG;South America;Argentina;;2012;19573,963;75,8024;42161718
ARG;South America;Argentina;;2013;19821,643;75,8292;42582453
ARG;South America;Argentina;;2014;19112,232;76,2678;43024071
ARG;South America;Argentina;;2015;19423,666;76,5995;43477011
ARG;South America;Argentina;;2016;18819,643;76,105;43900312
ARG;South America;Argentina;;2017;19150,52;76,5434;44288898
ARG;South America;Argentina;;2018;18460,87;76,7698;44654876
ARG;South America;Argentina;;2019;17912,637;76,8475;44973469
ARG;South America;Argentina;;2020;15975,839;75,8781;45191960
ARG;South America;Argentina;;2021;17470,682;73,9485;45312282
ARG;South America;Argentina;;2022;18292,318;75,8061;45407904
ARG;South America;Argentina;;2023;;77,3947;45538402
ARM;Asia;Armenia;;1970;;62,7596;2475628
ARM;Asia;Armenia;;1971;;63,0061;2525348
ARM;Asia;Armenia;;1972;;63,2372;2577081
ARM;Asia;Armenia;;1973;9806;63,4589;2630860
ARM;Asia;Armenia;;1974;;63,6808;2686442
ARM;Asia;Armenia;;1975;;63,9073;2743665
ARM;Asia;Armenia;;1976;;64,1441;2818168
ARM;Asia;Armenia;;1977;;64,4226;2912833
ARM;Asia;Armenia;;1978;;64,7228;3012808
ARM;Asia;Armenia;;1979;;65,043;3078505
ARM;Asia;Armenia;;1980;9291;65,3623;3107418
ARM;Asia;Armenia;;1981;9548;65,7071;3135354
ARM;Asia;Armenia;;1982;9809;66,0755;3163145
ARM;Asia;Armenia;;1983;9865;66,452;3191549
ARM;Asia;Armenia;;1984;10181;66,8119;3224549
ARM;Asia;Armenia;;1985;10485;67,1331;3260438
ARM;Asia;Armenia;;1986;10394;67,3942;3294857
ARM;Asia;Armenia;;1987;9789;67,5713;3328525
ARM;Asia;Armenia;;1988;9301;52,7089;3355123
ARM;Asia;Armenia;;1989;10525;67,7222;3443095
ARM;Asia;Armenia;;1990;9669;67,7332;3552130
ARM;Asia;Armenia;;1991;8141,671;67,8008;3613978
ARM;Asia;Armenia;;1992;4699,611;67,8819;3571870
ARM;Asia;Armenia;;1993;4130,1475;68,1432;3453339
ARM;Asia;Armenia;;1994;4392,98;68,4477;3364620
ARM;Asia;Armenia;;1995;4703,131;68,8131;3307586
ARM;Asia;Armenia;;1996;4811,4897;69,1975;3278738
ARM;Asia;Armenia;;1997;4836,0444;69,5924;3246292
ARM;Asia;Armenia;;1998;4994,053;70,0054;3208399
ARM;Asia;Armenia;;1999;5000,4526;70,418;3167282
ARM;Asia;Armenia;;2000;5139,8257;70,8123;3125630
ARM;Asia;Armenia;;2001;5457,5103;71,1744;3084350
ARM;Asia;Armenia;;2002;6082,146;71,4859;3055636
ARM;Asia;Armenia;;2003;6743,241;71,7343;3038976
ARM;Asia;Armenia;;2004;7229,6484;71,9262;3022544
ARM;Asia;Armenia;;2005;8006,9604;72,0822;3006360
ARM;Asia;Armenia;;2006;8798,75;72,2188;2990371
ARM;Asia;Armenia;;2007;9713,213;72,3589;2974825
ARM;Asia;Armenia;;2008;10080,8125;72,5193;2959996
ARM;Asia;Armenia;;2009;8399,087;72,7136;2945518
ARM;Asia;Armenia;;2010;8330,812;72,9381;2931083
ARM;Asia;Armenia;;2011;8465;73,1852;2923269
ARM;Asia;Armenia;;2012;9076,433;73,4396;2922529
ARM;Asia;Armenia;;2013;9395,087;73,7131;2922526
ARM;Asia;Armenia;;2014;9745,136;73,98;2922433
ARM;Asia;Armenia;;2015;10076,352;74,229;2921179
ARM;Asia;Armenia;;2016;10113,051;74,4937;2918796
ARM;Asia;Armenia;;2017;10894,957;74,7441;2914966
ARM;Asia;Armenia;;2018;11490,369;74,9783;2909971
ARM;Asia;Armenia;;2019;12399,231;75,1931;2903975
ARM;Asia;Armenia;;2020;11546,176;68,8898;2890893
ARM;Asia;Armenia;;2021;12242,478;72,5524;2870339
ARM;Asia;Armenia;;2022;13837,577;74,6333;2880880
ARM;Asia;Armenia;;2023;;75,6827;2943398
ABW;North America;Aruba;;1970;;67,4402;58967
ABW;North America;Aruba;;1971;;67,7826;58798
ABW;North America;Aruba;;1972;;68,3349;58913
ABW;North America;Aruba;;1973;;68,8617;59456
ABW;North America;Aruba;;1974;;69,2782;60144
ABW;North America;Aruba;;1975;;69,5637;60825
ABW;North America;Aruba;;1976;;69,8083;61292
ABW;North America;Aruba;;1977;;70,0538;61532
ABW;North America;Aruba;;1978;;70,2709;61733
ABW;North America;Aruba;;1979;;70,5072;61914
ABW;North America;Aruba;;1980;;70,7712;62051
ABW;North America;Aruba;;1981;;71,3443;62279
ABW;North America;Aruba;;1982;;71,4848;62676
ABW;North America;Aruba;;1983;;71,606;63114
ABW;North America;Aruba;;1984;;71,7107;63484
ABW;North America;Aruba;;1985;;71,7918;63674
ABW;North America;Aruba;;1986;;71,8306;63640
ABW;North America;Aruba;;1987;;72,4476;63419
ABW;North America;Aruba;;1988;;72,5187;63221
ABW;North America;Aruba;;1989;;72,5308;63413
ABW;North America;Aruba;;1990;;72,546;64452
ABW;North America;Aruba;;1991;;72,5921;66564
ABW;North America;Aruba;;1992;;72,7174;68889
ABW;North America;Aruba;;1993;;72,7767;71091
ABW;North America;Aruba;;1994;;72,796;73475
ABW;North America;Aruba;;1995;;72,8322;75930
ABW;North America;Aruba;;1996;;72,8561;78497
ABW;North America;Aruba;;1997;;72,904;81123
ABW;North America;Aruba;;1998;;72,9397;83788
ABW;North America;Aruba;;1999;;72,8568;86483
ABW;North America;Aruba;;2000;;72,9393;88772
ABW;North America;Aruba;;2001;;73,0437;90320
ABW;North America;Aruba;;2002;;73,1355;91393
ABW;North America;Aruba;;2003;;73,2362;92324
ABW;North America;Aruba;;2004;;73,223;93223
ABW;North America;Aruba;;2005;;73,4152;94239
ABW;North America;Aruba;;2006;;73,4984;95403
ABW;North America;Aruba;;2007;;73,6421;96604
ABW;North America;Aruba;;2008;;73,7833;97815
ABW;North America;Aruba;;2009;;73,9738;99040
ABW;North America;Aruba;;2010;;74,2973;100127
ABW;North America;Aruba;;2011;;74,5776;100995
ABW;North America;Aruba;;2012;;74,8415;101774
ABW;North America;Aruba;;2013;;75,0718;102570
ABW;North America;Aruba;;2014;;75,261;103381
ABW;North America;Aruba;;2015;;75,4054;104200
ABW;North America;Aruba;;2016;;75,5398;104989
ABW;North America;Aruba;;2017;;75,6203;105737
ABW;North America;Aruba;;2018;;75,8797;106447
ABW;North America;Aruba;;2019;;76,0193;107089
ABW;North America;Aruba;;2020;;75,4061;107411
ABW;North America;Aruba;;2021;;73,655;107565
ABW;North America;Aruba;;2022;;76,2258;107792
ABW;North America;Aruba;;2023;;76,353;107946
AUS;Oceania;Australia;;1970;19166;70,6534;12599414
AUS;Oceania;Australia;;1971;19590;71,451;12997963
AUS;Oceania;Australia;;1972;19772;71,7682;13304897
AUS;Oceania;Australia;;1973;20527;72,0579;13518689
AUS;Oceania;Australia;;1974;20698;71,8491;13719499
AUS;Oceania;Australia;;1975;20993;72,7834;13893988
AUS;Oceania;Australia;;1976;21613;72,7871;14046758
AUS;Oceania;Australia;;1977;21592;73,4719;14203511
AUS;Oceania;Australia;;1978;21948;73,7403;14367099
AUS;Oceania;Australia;;1979;22826;74,327;14533034
AUS;Oceania;Australia;;1980;22972;74,5655;14721345
AUS;Oceania;Australia;;1981;23368;74,7827;14949210
AUS;Oceania;Australia;;1982;22972;74,7192;15192484
AUS;Oceania;Australia;;1983;22697;75,4402;15414891
AUS;Oceania;Australia;;1984;24009;75,5099;15620653
AUS;Oceania;Australia;;1985;24927;75,4303;15835743
AUS;Oceania;Australia;;1986;25116;76,0716;16069631
AUS;Oceania;Australia;;1987;25971;76,083;16322272
AUS;Oceania;Australia;;1988;26702;76,3443;16594104
AUS;Oceania;Australia;;1989;27407;76,1973;16869362
AUS;Oceania;Australia;;1990;27373;77,0414;17126304
AUS;Oceania;Australia;;1991;26861,275;77,4806;17353191
AUS;Oceania;Australia;;1992;27560,178;77,4731;17549286
AUS;Oceania;Australia;;1993;28622,477;78,006;17722905
AUS;Oceania;Australia;;1994;29844,172;77,8515;17897433
AUS;Oceania;Australia;;1995;30690,062;78,2569;18095340
AUS;Oceania;Australia;;1996;31740,47;78,3436;18305305
AUS;Oceania;Australia;;1997;32857,992;78,6256;18504911
AUS;Oceania;Australia;;1998;34337,14;79,0202;18701710
AUS;Oceania;Australia;;1999;35551,02;79,2769;18909980
AUS;Oceania;Australia;;2000;36603,047;79,6207;19132472
AUS;Oceania;Australia;;2001;37275,992;80,006;19365438
AUS;Oceania;Australia;;2002;38567,066;80,0515;19595356
AUS;Oceania;Australia;;2003;39523,656;80,4396;19819449
AUS;Oceania;Australia;;2004;40887,727;80,7334;20046679
AUS;Oceania;Australia;;2005;41904,445;81,0923;20294490
AUS;Oceania;Australia;;2006;42650,984;81,2581;20590566
AUS;Oceania;Australia;;2007;44033,582;81,2324;20954545
AUS;Oceania;Australia;;2008;44421,64;81,4267;21370595
AUS;Oceania;Australia;;2009;44686,543;81,7283;21783014
AUS;Oceania;Australia;;2010;45400,223;82,0132;22141583
AUS;Oceania;Australia;;2011;46132;82,0911;22479779
AUS;Oceania;Australia;;2012;47045,13;82,2966;22852648
AUS;Oceania;Australia;;2013;47260,953;82,5511;23236271
AUS;Oceania;Australia;;2014;47753,848;82,5182;23595599
AUS;Oceania;Australia;;2015;48145,53;82,605;23947997
AUS;Oceania;Australia;;2016;48675,137;82,8014;24329963
AUS;Oceania;Australia;;2017;49001,902;82,7184;24731044
AUS;Oceania;Australia;;2018;49614,387;83,2582;25119700
AUS;Oceania;Australia;;2019;49814,67;83,2412;25482714
AUS;Oceania;Australia;;2020;48268,945;83,6639;25743787
AUS;Oceania;Australia;;2021;50704,934;83,564;25956417
AUS;Oceania;Australia;;2022;52049,43;82,7662;26200987
AUS;Oceania;Australia;;2023;;83,9228;26451126
AUT;Europe;Austria;;1970;15537;70,086;7466320
AUT;Europe;Austria;;1971;16259;70,2905;7499635
AUT;Europe;Austria;;1972;17169;70,6196;7543263
AUT;Europe;Austria;;1973;17908;71,1953;7585107
AUT;Europe;Austria;;1974;18583;71,1741;7597963
AUT;Europe;Austria;;1975;18564;71,3264;7577833
AUT;Europe;Austria;;1976;19448;71,7881;7564457
AUT;Europe;Austria;;1977;20350;72,135;7567332
AUT;Europe;Austria;;1978;20293;72,2031;7561203
AUT;Europe;Austria;;1979;21436;72,5428;7548345
AUT;Europe;Austria;;1980;21932;72,6676;7548407
AUT;Europe;Austria;;1981;21866;72,9901;7567550
AUT;Europe;Austria;;1982;22254;73,1434;7573078
AUT;Europe;Austria;;1983;22944;73,2168;7561166
AUT;Europe;Austria;;1984;23016;73,7658;7560715
AUT;Europe;Austria;;1985;23514;73,9861;7564310
AUT;Europe;Austria;;1986;24039;74,4574;7569397
AUT;Europe;Austria;;1987;24409;74,9001;7574314
AUT;Europe;Austria;;1988;25112;75,3743;7585346
AUT;Europe;Austria;;1989;26078;75,4635;7620405
AUT;Europe;Austria;;1990;26930;75,7385;7679627
AUT;Europe;Austria;;1991;27689,771;75,7921;7757140
AUT;Europe;Austria;;1992;28072,44;75,992;7842715
AUT;Europe;Austria;;1993;28101,229;76,2247;7907492
AUT;Europe;Austria;;1994;28780,76;76,5414;7938157
AUT;Europe;Austria;;1995;29621,682;76,7753;7950322
AUT;Europe;Austria;;1996;30413,156;77,0256;7960917
AUT;Europe;Austria;;1997;31173,049;77,4279;7969804
AUT;Europe;Austria;;1998;32376,33;77,7823;7978465
AUT;Europe;Austria;;1999;33608,297;77,9554;7993894
AUT;Europe;Austria;;2000;34796,258;78,235;8012929
AUT;Europe;Austria;;2001;35272,223;78,7184;8042233
AUT;Europe;Austria;;2002;35823,586;78,8464;8081640
AUT;Europe;Austria;;2003;36063,12;78,8491;8122604
AUT;Europe;Austria;;2004;36957,113;79,3624;8173496
AUT;Europe;Austria;;2005;37642,76;79,5202;8229204
AUT;Europe;Austria;;2006;38866,848;79,9648;8269901
AUT;Europe;Austria;;2007;40305,273;80,1664;8296948
AUT;Europe;Austria;;2008;40964,793;80,3633;8323250
AUT;Europe;Austria;;2009;39463,656;80,2064;8345073
AUT;Europe;Austria;;2010;40288,348;80,4634;8365087
AUT;Europe;Austria;;2011;41446;80,8281;8393272
AUT;Europe;Austria;;2012;41540,94;80,8407;8431599
AUT;Europe;Austria;;2013;41301,94;81,078;8481411
AUT;Europe;Austria;;2014;41250,508;81,39;8547812
AUT;Europe;Austria;;2015;41255,715;81,1592;8644037
AUT;Europe;Austria;;2016;41545,5;81,5922;8737920
AUT;Europe;Austria;;2017;42216,918;81,6387;8798779
AUT;Europe;Austria;;2018;43032,215;81,6859;8841653
AUT;Europe;Austria;;2019;43488,668;81,9072;8880876
AUT;Europe;Austria;;2020;40503,04;81,8037;8921402
AUT;Europe;Austria;;2021;42184,695;81,8204;8967053
AUT;Europe;Austria;;2022;43792,855;81,2959;9064678
AUT;Europe;Austria;;2023;;81,9559;9130434
AZE;Asia;Azerbaijan;;1970;;56,5859;5183827
AZE;Asia;Azerbaijan;;1971;;57,0431;5283502
AZE;Asia;Azerbaijan;;1972;;57,5032;5380920
AZE;Asia;Azerbaijan;;1973;7068;57,9261;5476614
AZE;Asia;Azerbaijan;;1974;;58,3323;5572229
AZE;Asia;Azerbaijan;;1975;;58,6874;5669260
AZE;Asia;Azerbaijan;;1976;;59,4769;5791042
AZE;Asia;Azerbaijan;;1977;;59,9719;5937643
AZE;Asia;Azerbaijan;;1978;;60,494;6075081
AZE;Asia;Azerbaijan;;1979;;60,9307;6187137
AZE;Asia;Azerbaijan;;1980;7165;61,4333;6284707
AZE;Asia;Azerbaijan;;1981;7490;61,9083;6385607
AZE;Asia;Azerbaijan;;1982;7831;62,2302;6491433
AZE;Asia;Azerbaijan;;1983;8010;62,4786;6602330
AZE;Asia;Azerbaijan;;1984;8360;62,0838;6706289
AZE;Asia;Azerbaijan;;1985;8558;62,6744;6799823
AZE;Asia;Azerbaijan;;1986;8663;62,6027;6891349
AZE;Asia;Azerbaijan;;1987;8995;62,8241;6977658
AZE;Asia;Azerbaijan;;1988;9328;62,672;7081404
AZE;Asia;Azerbaijan;;1989;8421;62,9447;7167583
AZE;Asia;Azerbaijan;;1990;7394;62,7504;7231084
AZE;Asia;Azerbaijan;;1991;7319,136;62,5436;7314317
AZE;Asia;Azerbaijan;;1992;5638,998;60,7729;7405781
AZE;Asia;Azerbaijan;;1993;4315,357;61,4261;7504119
AZE;Asia;Azerbaijan;;1994;3453,3638;60,277;7608894
AZE;Asia;Azerbaijan;;1995;2999,319;61,9313;7719283
AZE;Asia;Azerbaijan;;1996;3074,2197;62,6603;7830981
AZE;Asia;Azerbaijan;;1997;3347,6125;62,9533;7936220
AZE;Asia;Azerbaijan;;1998;3550,364;63,7498;8025808
AZE;Asia;Azerbaijan;;1999;3959,7815;64,7334;8100472
AZE;Asia;Azerbaijan;;2000;4214,8887;65,3772;8174784
AZE;Asia;Azerbaijan;;2001;4498,7944;66,0429;8251776
AZE;Asia;Azerbaijan;;2002;4880,4;66,769;8326141
AZE;Asia;Azerbaijan;;2003;5408,523;67,036;8400528
AZE;Asia;Azerbaijan;;2004;5971,4746;67,4882;8489874
AZE;Asia;Azerbaijan;;2005;7553,6265;67,7103;8597248
AZE;Asia;Azerbaijan;;2006;10160,346;68,489;8711380
AZE;Asia;Azerbaijan;;2007;12699,498;68,6587;8828313
AZE;Asia;Azerbaijan;;2008;14072,627;69,355;8942637
AZE;Asia;Azerbaijan;;2009;15384,293;69,8743;9046336
AZE;Asia;Azerbaijan;;2010;16153,837;70,3088;9146852
AZE;Asia;Azerbaijan;;2011;16176;70,5651;9256156
AZE;Asia;Azerbaijan;;2012;16364,532;71,0799;9376179
AZE;Asia;Azerbaijan;;2013;17146,223;71,4849;9504417
AZE;Asia;Azerbaijan;;2014;17451,1;71,9304;9631136
AZE;Asia;Azerbaijan;;2015;17463,758;72,3486;9752859
AZE;Asia;Azerbaijan;;2016;16770,85;72,5678;9868434
AZE;Asia;Azerbaijan;;2017;16647,016;72,6943;9968510
AZE;Asia;Azerbaijan;;2018;16753,209;73,0156;10039782
AZE;Asia;Azerbaijan;;2019;17029,906;73,29;10110483
AZE;Asia;Azerbaijan;;2020;16189,511;70,3116;10181736
AZE;Asia;Azerbaijan;;2021;16971,725;70,9994;10234372
AZE;Asia;Azerbaijan;;2022;17682,94;74,125;10295307
AZE;Asia;Azerbaijan;;2023;;74,4286;10318209
BHS;North America;Bahamas;;1970;;66,1634;184995
BHS;North America;Bahamas;;1971;;66,5265;190869
BHS;North America;Bahamas;;1972;;66,781;196060
BHS;North America;Bahamas;;1973;;67,1471;200800
BHS;North America;Bahamas;;1974;;67,5849;205357
BHS;North America;Bahamas;;1975;;68,1404;209897
BHS;North America;Bahamas;;1976;;68,5293;214517
BHS;North America;Bahamas;;1977;;68,762;219169
BHS;North America;Bahamas;;1978;;68,873;223770
BHS;North America;Bahamas;;1979;;68,9596;228244
BHS;North America;Bahamas;;1980;;69,0905;232540
BHS;North America;Bahamas;;1981;;69,3678;236626
BHS;North America;Bahamas;;1982;;69,6818;240624
BHS;North America;Bahamas;;1983;;70,0033;244718
BHS;North America;Bahamas;;1984;;70,1918;248879
BHS;North America;Bahamas;;1985;;70,2892;253169
BHS;North America;Bahamas;;1986;;70,3156;257547
BHS;North America;Bahamas;;1987;;70,3829;261947
BHS;North America;Bahamas;;1988;;70,5079;266457
BHS;North America;Bahamas;;1989;;70,7188;271187
BHS;North America;Bahamas;;1990;;70,9449;275954
BHS;North America;Bahamas;;1991;;71,1826;280745
BHS;North America;Bahamas;;1992;;71,2981;285938
BHS;North America;Bahamas;;1993;;71,4202;291350
BHS;North America;Bahamas;;1994;;71,4292;296519
BHS;North America;Bahamas;;1995;;71,4225;301471
BHS;North America;Bahamas;;1996;;71,4638;306281
BHS;North America;Bahamas;;1997;;71,5975;310914
BHS;North America;Bahamas;;1998;;71,8399;315376
BHS;North America;Bahamas;;1999;;72,1465;319623
BHS;North America;Bahamas;;2000;;72,4812;323846
BHS;North America;Bahamas;;2001;;72,7654;327847
BHS;North America;Bahamas;;2002;;73,0234;331625
BHS;North America;Bahamas;;2003;;73,2126;335625
BHS;North America;Bahamas;;2004;;73,235;339794
BHS;North America;Bahamas;;2005;;73,4132;343905
BHS;North America;Bahamas;;2006;;73,4558;348386
BHS;North America;Bahamas;;2007;;73,4628;353343
BHS;North America;Bahamas;;2008;;73,4454;358133
BHS;North America;Bahamas;;2009;;73,4551;362806
BHS;North America;Bahamas;;2010;;73,4487;367482
BHS;North America;Bahamas;;2011;;73,5712;371738
BHS;North America;Bahamas;;2012;;73,7069;375474
BHS;North America;Bahamas;;2013;;73,9304;378957
BHS;North America;Bahamas;;2014;;74,0286;382312
BHS;North America;Bahamas;;2015;;73,8047;385355
BHS;North America;Bahamas;;2016;;74,0421;388060
BHS;North America;Bahamas;;2017;;74,0314;390496
BHS;North America;Bahamas;;2018;;74,062;392718
BHS;North America;Bahamas;;2019;;71,4084;394684
BHS;North America;Bahamas;;2020;;72,9936;395874
BHS;North America;Bahamas;;2021;;70,752;396381
BHS;North America;Bahamas;;2022;;74,4911;397542
BHS;North America;Bahamas;;2023;;74,5518;399452
BHR;Asia;Bahrain;;1970;6038;64,3585;224817
BHR;Asia;Bahrain;;1971;6349;65,2793;230744
BHR;Asia;Bahrain;;1972;6692;66,0947;242129
BHR;Asia;Bahrain;;1973;6975;66,9218;255334
BHR;Asia;Bahrain;;1974;7291;67,6331;269047
BHR;Asia;Bahrain;;1975;6252;68,2764;283251
BHR;Asia;Bahrain;;1976;6875;68,858;297871
BHR;Asia;Bahrain;;1977;7084;69,3834;312825
BHR;Asia;Bahrain;;1978;7037;69,8504;328059
BHR;Asia;Bahrain;;1979;6730;70,2955;343461
BHR;Asia;Bahrain;;1980;6994;70,6844;358990
BHR;Asia;Bahrain;;1981;6875;71,0371;373534
BHR;Asia;Bahrain;;1982;7036;71,3543;386992
BHR;Asia;Bahrain;;1983;7240;71,6373;400721
BHR;Asia;Bahrain;;1984;7264;71,8843;415164
BHR;Asia;Bahrain;;1985;6972;72,0923;430365
BHR;Asia;Bahrain;;1986;6880;72,2574;446290
BHR;Asia;Bahrain;;1987;6786;72,3774;462862
BHR;Asia;Bahrain;;1988;6802;72,4605;479931
BHR;Asia;Bahrain;;1989;6751;72,5238;497329
BHR;Asia;Bahrain;;1990;6542;72,5867;514799
BHR;Asia;Bahrain;;1991;7059,957;72,6682;531883
BHR;Asia;Bahrain;;1992;7993,8926;72,7846;547753
BHR;Asia;Bahrain;;1993;9102,066;72,9393;562820
BHR;Asia;Bahrain;;1994;9935,004;73,1344;577960
BHR;Asia;Bahrain;;1995;10695,393;73,3613;593230
BHR;Asia;Bahrain;;1996;11640,821;73,6103;608593
BHR;Asia;Bahrain;;1997;12528,39;73,8717;624019
BHR;Asia;Bahrain;;1998;13776,008;74,1381;639391
BHR;Asia;Bahrain;;1999;15263,758;74,4053;654622
BHR;Asia;Bahrain;;2000;17021,723;74,6726;669589
BHR;Asia;Bahrain;;2001;18152,963;74,9419;699964
BHR;Asia;Bahrain;;2002;19487,842;75,2086;752205
BHR;Asia;Bahrain;;2003;21391,611;75,4857;811276
BHR;Asia;Bahrain;;2004;23389,602;75,7869;871446
BHR;Asia;Bahrain;;2005;25230,9;76,1249;932618
BHR;Asia;Bahrain;;2006;26840,125;76,5101;994626
BHR;Asia;Bahrain;;2007;28884,697;76,9519;1057419
BHR;Asia;Bahrain;;2008;30612,498;77,4565;1120718
BHR;Asia;Bahrain;;2009;31729,566;78,0162;1183616
BHR;Asia;Bahrain;;2010;34057,715;78,5933;1213248
BHR;Asia;Bahrain;;2011;36372;79,1409;1206733
BHR;Asia;Bahrain;;2012;36711,39;79,6218;1216307
BHR;Asia;Bahrain;;2013;37704,21;79,9981;1257206
BHR;Asia;Bahrain;;2014;38364,83;80,2139;1312857
BHR;Asia;Bahrain;;2015;38369,66;80,3378;1369656
BHR;Asia;Bahrain;;2016;38805,39;80,407;1429609
BHR;Asia;Bahrain;;2017;39553,24;80,4067;1482003
BHR;Asia;Bahrain;;2018;39501,176;80,4118;1497634
BHR;Asia;Bahrain;;2019;39499,707;80,4706;1485675
BHR;Asia;Bahrain;;2020;36890,504;78,6833;1483081
BHR;Asia;Bahrain;;2021;37323,105;78,0826;1501762
BHR;Asia;Bahrain;;2022;38651,6;80,9921;1533460
BHR;Asia;Bahrain;;2023;;81,2835;1569674
BGD;Asia;Bangladesh;;1970;1004;42,6672;69058898
BGD;Asia;Bangladesh;;1971;934;26,5218;70276757
BGD;Asia;Bangladesh;;1972;807;49,6465;71641525
BGD;Asia;Bangladesh;;1973;792;49,9142;73722297
BGD;Asia;Bangladesh;;1974;872;49,5885;75839352
BGD;Asia;Bangladesh;;1975;843;50,6268;77854352
BGD;Asia;Bangladesh;;1976;862;50,9509;79855318
BGD;Asia;Bangladesh;;1977;843;51,2652;81867267
BGD;Asia;Bangladesh;;1978;878;51,5964;83889660
BGD;Asia;Bangladesh;;1979;894;51,9585;85935070
BGD;Asia;Bangladesh;;1980;875;52,2778;88016435
BGD;Asia;Bangladesh;;1981;878;52,6383;90303104
BGD;Asia;Bangladesh;;1982;869;53,0119;92814506
BGD;Asia;Bangladesh;;1983;891;53,4409;95335162
BGD;Asia;Bangladesh;;1984;918;53,8259;97814965
BGD;Asia;Bangladesh;;1985;925;53,9371;100253825
BGD;Asia;Bangladesh;;1986;944;54,5915;102635569
BGD;Asia;Bangladesh;;1987;960;54,8992;104959291
BGD;Asia;Bangladesh;;1988;964;55,1744;107216011
BGD;Asia;Bangladesh;;1989;966;55,5135;109433805
BGD;Asia;Bangladesh;;1990;1006;55,8219;111633722
BGD;Asia;Bangladesh;;1991;1031,4299;53,7809;113787112
BGD;Asia;Bangladesh;;1992;1062,4604;56,5915;115952198
BGD;Asia;Bangladesh;;1993;1095,6564;57,0729;118132363
BGD;Asia;Bangladesh;;1994;1136,4185;57,6403;120343183
BGD;Asia;Bangladesh;;1995;1182,9514;58,2442;122600372
BGD;Asia;Bangladesh;;1996;1234,0841;58,9395;124862185
BGD;Asia;Bangladesh;;1997;1291,5126;59,6713;127198070
BGD;Asia;Bangladesh;;1998;1348,1499;60,4291;129622332
BGD;Asia;Bangladesh;;1999;1412,9813;61,2444;132108065
BGD;Asia;Bangladesh;;2000;1485,3092;62,0487;134544303
BGD;Asia;Bangladesh;;2001;1551,1965;62,8358;136805810
BGD;Asia;Bangladesh;;2002;1621,267;63,5914;138933659
BGD;Asia;Bangladesh;;2003;1710,7313;64,2877;140970355
BGD;Asia;Bangladesh;;2004;1812,6246;64,9118;142902857
BGD;Asia;Bangladesh;;2005;1925,6062;65,5087;144715789
BGD;Asia;Bangladesh;;2006;2057,6985;66,0479;146405983
BGD;Asia;Bangladesh;;2007;2194,4224;66,4578;147989282
BGD;Asia;Bangladesh;;2008;2321,0505;67,0471;149474264
BGD;Asia;Bangladesh;;2009;2448,887;67,5269;150873716
BGD;Asia;Bangladesh;;2010;2599,2083;68,0091;152201978
BGD;Asia;Bangladesh;;2011;2772;68,4988;153591074
BGD;Asia;Bangladesh;;2012;2914,0488;68,9894;155070110
BGD;Asia;Bangladesh;;2013;3057,4697;69,4874;156532134
BGD;Asia;Bangladesh;;2014;3216,8923;70,0162;157964931
BGD;Asia;Bangladesh;;2015;3402,3213;70,5429;159383179
BGD;Asia;Bangladesh;;2016;3598,5103;71,0752;160811934
BGD;Asia;Bangladesh;;2017;3808,8728;71,6056;162186146
BGD;Asia;Bangladesh;;2018;4056,6465;72,1217;163523109
BGD;Asia;Bangladesh;;2019;4242,7515;72,6254;164913060
BGD;Asia;Bangladesh;;2020;4418,9644;71,4211;166298024
BGD;Asia;Bangladesh;;2021;4684,003;71,1035;167658855
BGD;Asia;Bangladesh;;2022;4925,721;74,2647;169384891
BGD;Asia;Bangladesh;;2023;;74,6723;171466986
BRB;North America;Barbados;;1970;10197;68,5182;249398
BRB;North America;Barbados;;1971;10514;68,7865;249177
BRB;North America;Barbados;;1972;10567;69,1321;249666
BRB;North America;Barbados;;1973;10635;69,1082;250330
BRB;North America;Barbados;;1974;10080;69,3795;250786
BRB;North America;Barbados;;1975;9825;69,7897;251188
BRB;North America;Barbados;;1976;10222;70,114;251454
BRB;North America;Barbados;;1977;10541;70,6397;251630
BRB;North America;Barbados;;1978;11014;71,1428;251566
BRB;North America;Barbados;;1979;11837;71,5491;251277
BRB;North America;Barbados;;1980;12318;72,1289;251533
BRB;North America;Barbados;;1981;12065;72,6299;252274
BRB;North America;Barbados;;1982;11424;72,9027;253098
BRB;North America;Barbados;;1983;11419;73,1557;253993
BRB;North America;Barbados;;1984;11772;73,3018;254930
BRB;North America;Barbados;;1985;11848;73,3155;255831
BRB;North America;Barbados;;1986;12404;73,4165;256628
BRB;North America;Barbados;;1987;12683;73,4625;257288
BRB;North America;Barbados;;1988;13087;73,4306;257768
BRB;North America;Barbados;;1989;13498;73,3746;258113
BRB;North America;Barbados;;1990;12994;73,4625;258583
BRB;North America;Barbados;;1991;12298,506;73,5431;259382
BRB;North America;Barbados;;1992;11427,267;73,6101;260272
BRB;North America;Barbados;;1993;11343,598;73,7394;261036
BRB;North America;Barbados;;1994;11405,56;73,7551;261625
BRB;North America;Barbados;;1995;11473,859;73,8796;262046
BRB;North America;Barbados;;1996;11760,825;74,0647;262290
BRB;North America;Barbados;;1997;12124,509;73,9884;262405
BRB;North America;Barbados;;1998;12384,762;74,4652;262434
BRB;North America;Barbados;;1999;12237,948;74,5868;262521
BRB;North America;Barbados;;2000;12600,022;74,5803;262071
BRB;North America;Barbados;;2001;12112,181;74,7065;262429
BRB;North America;Barbados;;2002;12025,474;74,8203;264155
BRB;North America;Barbados;;2003;12094,819;74,8653;265789
BRB;North America;Barbados;;2004;12078,735;75,1499;267297
BRB;North America;Barbados;;2005;12379,45;74,9602;268717
BRB;North America;Barbados;;2006;12889,877;75,0485;270011
BRB;North America;Barbados;;2007;12917,439;75,2625;271298
BRB;North America;Barbados;;2008;12786,107;75,3002;272719
BRB;North America;Barbados;;2009;12094,324;75,4582;274137
BRB;North America;Barbados;;2010;11954,322;75,4882;275251
BRB;North America;Barbados;;2011;11870;75,5985;276150
BRB;North America;Barbados;;2012;11860;75,7373;276949
BRB;North America;Barbados;;2013;11809;75,816;277669
BRB;North America;Barbados;;2014;11780;75,9263;278355
BRB;North America;Barbados;;2015;11849;76,0546;278999
BRB;North America;Barbados;;2016;12124,693;76,1681;279604
BRB;North America;Barbados;;2017;12157,3125;76,2365;280177
BRB;North America;Barbados;;2018;12029,747;76,3784;280719
BRB;North America;Barbados;;2019;12040,277;76,4951;281216
BRB;North America;Barbados;;2020;10487,387;76,6465;281706
BRB;North America;Barbados;;2021;10386,526;76,5797;282157
BRB;North America;Barbados;;2022;11545,848;75,6761;282324
BRB;North America;Barbados;;2023;;76,1782;282347
BLR;Europe;Belarus;;1970;;71,6772;9014901
BLR;Europe;Belarus;;1971;;71,5899;9079747
BLR;Europe;Belarus;;1972;;71,7636;9144638
BLR;Europe;Belarus;;1973;8341;71,7422;9205707
BLR;Europe;Belarus;;1974;;71,6568;9265673
BLR;Europe;Belarus;;1975;;71,4177;9324290
BLR;Europe;Belarus;;1976;;71,2208;9380093
BLR;Europe;Belarus;;1977;;71,0784;9434946
BLR;Europe;Belarus;;1978;;70,9476;9485806
BLR;Europe;Belarus;;1979;;70,8118;9537697
BLR;Europe;Belarus;;1980;9487;70,7483;9603173
BLR;Europe;Belarus;;1981;9844;70,7537;9678048
BLR;Europe;Belarus;;1982;10217;70,7837;9748285
BLR;Europe;Belarus;;1983;10667;70,7121;9815555
BLR;Europe;Belarus;;1984;10957;70,791;9881698
BLR;Europe;Belarus;;1985;11000;71,1922;9944184
BLR;Europe;Belarus;;1986;11230;71,6715;10004289
BLR;Europe;Belarus;;1987;11297;71,9488;10057608
BLR;Europe;Belarus;;1988;11198;71,7496;10107636
BLR;Europe;Belarus;;1989;11893;71,5034;10158779
BLR;Europe;Belarus;;1990;11467;71,1446;10186258
BLR;Europe;Belarus;;1991;11170,761;70,7224;10193889
BLR;Europe;Belarus;;1992;9960,843;70,119;10217561
BLR;Europe;Belarus;;1993;9077,44;69,5221;10241320
BLR;Europe;Belarus;;1994;7932,001;68,9659;10230193
BLR;Europe;Belarus;;1995;6993,622;68,7521;10197466
BLR;Europe;Belarus;;1996;7128,3545;68,5655;10164025
BLR;Europe;Belarus;;1997;7885,0195;68,5006;10122365
BLR;Europe;Belarus;;1998;8481,967;68,2715;10080579
BLR;Europe;Belarus;;1999;8689,713;68,4193;10039221
BLR;Europe;Belarus;;2000;9110,9795;68,4637;9991310
BLR;Europe;Belarus;;2001;9462,374;68,4351;9938068
BLR;Europe;Belarus;;2002;9870,309;68,2983;9873451
BLR;Europe;Belarus;;2003;10492,987;68,4289;9803175
BLR;Europe;Belarus;;2004;11615,686;68,6879;9735089
BLR;Europe;Belarus;;2005;12629,558;68,9822;9667833
BLR;Europe;Belarus;;2006;13792,554;69,436;9608041
BLR;Europe;Belarus;;2007;14856,956;69,9855;9563135
BLR;Europe;Belarus;;2008;16223,997;70,3485;9529357
BLR;Europe;Belarus;;2009;16088,725;70,4088;9507334
BLR;Europe;Belarus;;2010;17172,46;70,5005;9490752
BLR;Europe;Belarus;;2011;17918;71,0679;9472738
BLR;Europe;Belarus;;2012;18245,008;71,8;9463075
BLR;Europe;Belarus;;2013;18456,41;72,6808;9464454
BLR;Europe;Belarus;;2014;18805,18;73,245;9472704
BLR;Europe;Belarus;;2015;18122,863;73,7607;9487289
BLR;Europe;Belarus;;2016;17701,959;74,1532;9499066
BLR;Europe;Belarus;;2017;18193,273;74,3618;9495793
BLR;Europe;Belarus;;2018;18809,494;74,3344;9480031
BLR;Europe;Belarus;;2019;19130,395;74,2555;9435415
BLR;Europe;Belarus;;2020;19053,156;72,269;9350943
BLR;Europe;Belarus;;2021;19541,914;72,2206;9251368
BLR;Europe;Belarus;;2022;18699,799;74,3612;9173240
BLR;Europe;Belarus;;2023;;74,4339;9115679
BEL;Europe;Belgium;;1970;16914;70,9368;9630508
BEL;Europe;Belgium;;1971;17486;71,0861;9666524
BEL;Europe;Belgium;;1972;18336;71,412;9694853
BEL;Europe;Belgium;;1973;19399;71,6353;9718032
BEL;Europe;Belgium;;1974;20153;71,9713;9735809
BEL;Europe;Belgium;;1975;19831;71,9646;9748472
BEL;Europe;Belgium;;1976;20916;72,1041;9758905
BEL;Europe;Belgium;;1977;21025;72,7584;9774018
BEL;Europe;Belgium;;1978;21605;72,7057;9791812
BEL;Europe;Belgium;;1979;22094;73,1993;9811367
BEL;Europe;Belgium;;1980;23060;73,2416;9833093
BEL;Europe;Belgium;;1981;22760;73,6517;9850674
BEL;Europe;Belgium;;1982;23071;73,8793;9862329
BEL;Europe;Belgium;;1983;23071;73,88;9869136
BEL;Europe;Belgium;;1984;23644;74,3691;9874586
BEL;Europe;Belgium;;1985;23873;74,4685;9880338
BEL;Europe;Belgium;;1986;24221;74,6685;9886981
BEL;Europe;Belgium;;1987;24772;75,2903;9899150
BEL;Europe;Belgium;;1988;25905;75,5907;9916566
BEL;Europe;Belgium;;1989;26690;75,6465;9936575
BEL;Europe;Belgium;;1990;27412;76,0586;9960968
BEL;Europe;Belgium;;1991;27848,305;76,1992;9998962
BEL;Europe;Belgium;;1992;28199,574;76,3582;10045988
BEL;Europe;Belgium;;1993;27857,25;76,3632;10084932
BEL;Europe;Belgium;;1994;28706,5;76,7159;10116005
BEL;Europe;Belgium;;1995;29370,088;76,8403;10137264
BEL;Europe;Belgium;;1996;29820,299;77,1847;10156972
BEL;Europe;Belgium;;1997;30894,283;77,4025;10181465
BEL;Europe;Belgium;;1998;31480,744;77,4763;10203185
BEL;Europe;Belgium;;1999;32571,674;77,6479;10226681
BEL;Europe;Belgium;;2000;33719,77;77,7684;10251719
BEL;Europe;Belgium;;2001;33923,344;78,0824;10287005
BEL;Europe;Belgium;;2002;34419,695;78,1678;10332975
BEL;Europe;Belgium;;2003;34588,477;78,3203;10376262
BEL;Europe;Belgium;;2004;35740,35;78,9605;10421298
BEL;Europe;Belgium;;2005;36338,383;79,0532;10478883
BEL;Europe;Belgium;;2006;37051,902;79,3894;10548445
BEL;Europe;Belgium;;2007;38082,875;79,5284;10625488
BEL;Europe;Belgium;;2008;38117,348;79,5793;10709711
BEL;Europe;Belgium;;2009;36998,65;79,8489;10812936
BEL;Europe;Belgium;;2010;37739,33;80,04;10936619
BEL;Europe;Belgium;;2011;38130;80,3664;11038624
BEL;Europe;Belgium;;2012;38173,234;80,2604;11107522
BEL;Europe;Belgium;;2013;38169,832;80,4668;11160277
BEL;Europe;Belgium;;2014;38599,426;81,0802;11210113
BEL;Europe;Belgium;;2015;39160,324;80,8889;11275332
BEL;Europe;Belgium;;2016;39456,863;81,2647;11332707
BEL;Europe;Belgium;;2017;39940,824;81,3624;11376583
BEL;Europe;Belgium;;2018;40471,914;81,4805;11428608
BEL;Europe;Belgium;;2019;41155,527;81,8353;11490623
BEL;Europe;Belgium;;2020;38763,44;80,7977;11540102
BEL;Europe;Belgium;;2021;40970,805;81,6591;11570843
BEL;Europe;Belgium;;2022;41872,395;81,1589;11641814
BEL;Europe;Belgium;;2023;;82,115;11712891
BLZ;North America;Belize;;1970;;63,0436;120746
BLZ;North America;Belize;;1971;;63,5459;122820
BLZ;North America;Belize;;1972;;64,0254;124688
BLZ;North America;Belize;;1973;;64,4869;126461
BLZ;North America;Belize;;1974;;64,9355;128200
BLZ;North America;Belize;;1975;;65,3769;130403
BLZ;North America;Belize;;1976;;65,7649;133117
BLZ;North America;Belize;;1977;;66,1347;135904
BLZ;North America;Belize;;1978;;66,3384;138721
BLZ;North America;Belize;;1979;;66,6769;141693
BLZ;North America;Belize;;1980;;66,8841;145072
BLZ;North America;Belize;;1981;;67,095;148802
BLZ;North America;Belize;;1982;;67,3391;152561
BLZ;North America;Belize;;1983;;67,6007;156310
BLZ;North America;Belize;;1984;;67,9521;160060
BLZ;North America;Belize;;1985;;68,3474;163812
BLZ;North America;Belize;;1986;;68,7426;167568
BLZ;North America;Belize;;1987;;69,1076;171349
BLZ;North America;Belize;;1988;;69,4015;175195
BLZ;North America;Belize;;1989;;69,5342;179124
BLZ;North America;Belize;;1990;;69,5692;183090
BLZ;North America;Belize;;1991;;69,645;187056
BLZ;North America;Belize;;1992;;69,6012;190995
BLZ;North America;Belize;;1993;;69,5946;194916
BLZ;North America;Belize;;1994;;69,5846;199101
BLZ;North America;Belize;;1995;;69,4839;204165
BLZ;North America;Belize;;1996;;69,3627;210321
BLZ;North America;Belize;;1997;;69,1828;217459
BLZ;North America;Belize;;1998;;68,9063;225186
BLZ;North America;Belize;;1999;;68,9764;233066
BLZ;North America;Belize;;2000;;68,9108;240809
BLZ;North America;Belize;;2001;;68,944;248393
BLZ;North America;Belize;;2002;;69,5285;256019
BLZ;North America;Belize;;2003;;69,8185;263794
BLZ;North America;Belize;;2004;;70,1521;271695
BLZ;North America;Belize;;2005;;70,3347;279747
BLZ;North America;Belize;;2006;;70,5352;287889
BLZ;North America;Belize;;2007;;70,6524;296117
BLZ;North America;Belize;;2008;;70,6651;304373
BLZ;North America;Belize;;2009;;70,8058;312619
BLZ;North America;Belize;;2010;;70,8753;320256
BLZ;North America;Belize;;2011;;70,9755;327306
BLZ;North America;Belize;;2012;;71,1342;334421
BLZ;North America;Belize;;2013;;71,2757;341635
BLZ;North America;Belize;;2014;;71,4372;348934
BLZ;North America;Belize;;2015;;71,6467;356341
BLZ;North America;Belize;;2016;;71,8433;364717
BLZ;North America;Belize;;2017;;72,062;373215
BLZ;North America;Belize;;2018;;72,3215;380232
BLZ;North America;Belize;;2019;;72,5766;385833
BLZ;North America;Belize;;2020;;71,5801;390819
BLZ;North America;Belize;;2021;;70,917;395355
BLZ;North America;Belize;;2022;;72,1904;402741
BLZ;North America;Belize;;2023;;73,5656;411112
BEN;Africa;Benin;;1970;1543;43,0293;3065061
BEN;Africa;Benin;;1971;1535;43,3908;3134768
BEN;Africa;Benin;;1972;1640;43,9282;3207549
BEN;Africa;Benin;;1973;1666;44,4352;3283500
BEN;Africa;Benin;;1974;1733;44,8758;3362629
BEN;Africa;Benin;;1975;1570;45,4053;3445406
BEN;Africa;Benin;;1976;1548;45,9515;3532198
BEN;Africa;Benin;;1977;1570;46,504;3623200
BEN;Africa;Benin;;1978;1519;46,941;3718308
BEN;Africa;Benin;;1979;1594;47,3624;3818536
BEN;Africa;Benin;;1980;1691;47,7469;3925258
BEN;Africa;Benin;;1981;1733;48,1223;4038308
BEN;Africa;Benin;;1982;1862;48,4934;4156593
BEN;Africa;Benin;;1983;1728;48,8449;4278981
BEN;Africa;Benin;;1984;1809;49,3992;4405902
BEN;Africa;Benin;;1985;1886;49,9591;4538017
BEN;Africa;Benin;;1986;1867;50,6318;4675421
BEN;Africa;Benin;;1987;1782;51,2576;4818487
BEN;Africa;Benin;;1988;1780;52,0188;4967343
BEN;Africa;Benin;;1989;1715;52,4504;5121659
BEN;Africa;Benin;;1990;1811;53,0205;5281482
BEN;Africa;Benin;;1991;1812,4215;53,441;5446935
BEN;Africa;Benin;;1992;1790,53;54,1366;5617847
BEN;Africa;Benin;;1993;1791,9633;54,6123;5872707
BEN;Africa;Benin;;1994;1731,8035;54,9884;6096510
BEN;Africa;Benin;;1995;1835,5746;55,3657;6226775
BEN;Africa;Benin;;1996;1840,4858;55,648;6391861
BEN;Africa;Benin;;1997;1867,6058;55,9859;6583375
BEN;Africa;Benin;;1998;1862,7557;56,1545;6789492
BEN;Africa;Benin;;1999;1881,6971;56,3363;7002818
BEN;Africa;Benin;;2000;1908,9366;56,5945;7221618
BEN;Africa;Benin;;2001;1928,0967;56,6542;7445599
BEN;Africa;Benin;;2002;1934,3967;56,851;7675430
BEN;Africa;Benin;;2003;1919,6151;57,0924;7913074
BEN;Africa;Benin;;2004;1923,7192;57,3465;8159098
BEN;Africa;Benin;;2005;1875,9193;57,7384;8426145
BEN;Africa;Benin;;2006;1870,5325;57,9659;8693243
BEN;Africa;Benin;;2007;1904,5496;58,2488;8953973
BEN;Africa;Benin;;2008;1920,306;58,099;9228468
BEN;Africa;Benin;;2009;1888,7758;58,258;9509431
BEN;Africa;Benin;;2010;1854,6655;58,3873;9797488
BEN;Africa;Benin;;2011;1836;58,4618;10093626
BEN;Africa;Benin;;2012;1867;58,5585;10397659
BEN;Africa;Benin;;2013;1939;58,8634;10708831
BEN;Africa;Benin;;2014;2008;59,0082;11030008
BEN;Africa;Benin;;2015;2055;59,1233;11360681
BEN;Africa;Benin;;2016;2061,9036;59,2826;11697845
BEN;Africa;Benin;;2017;2115,587;59,5278;12039777
BEN;Africa;Benin;;2018;2192,261;59,7097;12383349
BEN;Africa;Benin;;2019;2276,1038;59,8875;12726760
BEN;Africa;Benin;;2020;2297,7698;60,154;13070169
BEN;Africa;Benin;;2021;2395,1663;59,6103;13413423
BEN;Africa;Benin;;2022;2477,0903;60,4751;13759507
BEN;Africa;Benin;;2023;;60,7738;14111035
BMU;North America;Bermuda;;1970;;68,4038;52147
BMU;North America;Bermuda;;1971;;68,9804;52628
BMU;North America;Bermuda;;1972;;69,6428;52825
BMU;North America;Bermuda;;1973;;70,3738;52963
BMU;North America;Bermuda;;1974;;70,8639;53077
BMU;North America;Bermuda;;1975;;71,1707;53148
BMU;North America;Bermuda;;1976;;71,3313;53232
BMU;North America;Bermuda;;1977;;71,6156;53346
BMU;North America;Bermuda;;1978;;71,9675;53451
BMU;North America;Bermuda;;1979;;72,4018;53538
BMU;North America;Bermuda;;1980;;72,6659;53693
BMU;North America;Bermuda;;1981;;72,8921;54020
BMU;North America;Bermuda;;1982;;73,0406;54407
BMU;North America;Bermuda;;1983;;73,2399;54802
BMU;North America;Bermuda;;1984;;73,3646;55189
BMU;North America;Bermuda;;1985;;73,3733;55569
BMU;North America;Bermuda;;1986;;73,3678;55907
BMU;North America;Bermuda;;1987;;73,4538;56285
BMU;North America;Bermuda;;1988;;73,5551;56714
BMU;North America;Bermuda;;1989;;73,7326;57149
BMU;North America;Bermuda;;1990;;73,9523;57584
BMU;North America;Bermuda;;1991;;74,2043;58007
BMU;North America;Bermuda;;1992;;74,446;58430
BMU;North America;Bermuda;;1993;;74,7659;58834
BMU;North America;Bermuda;;1994;;75,2756;59214
BMU;North America;Bermuda;;1995;;75,9203;59549
BMU;North America;Bermuda;;1996;;76,52;59836
BMU;North America;Bermuda;;1997;;76,9717;60194
BMU;North America;Bermuda;;1998;;77,389;60659
BMU;North America;Bermuda;;1999;;77,8537;61142
BMU;North America;Bermuda;;2000;;78,2508;61569
BMU;North America;Bermuda;;2001;;78,6366;61887
BMU;North America;Bermuda;;2002;;78,8406;62163
BMU;North America;Bermuda;;2003;;78,7147;62405
BMU;North America;Bermuda;;2004;;78,8981;62576
BMU;North America;Bermuda;;2005;;78,8737;62730
BMU;North America;Bermuda;;2006;;78,8695;62855
BMU;North America;Bermuda;;2007;;79,0056;63030
BMU;North America;Bermuda;;2008;;79,1011;63319
BMU;North America;Bermuda;;2009;;79,2293;63587
BMU;North America;Bermuda;;2010;;79,4139;63748
BMU;North America;Bermuda;;2011;;79,6515;63753
BMU;North America;Bermuda;;2012;;79,8475;63665
BMU;North America;Bermuda;;2013;;80,0156;63593
BMU;North America;Bermuda;;2014;;80,1986;63551
BMU;North America;Bermuda;;2015;;80,3378;63482
BMU;North America;Bermuda;;2016;;80,4761;63466
BMU;North America;Bermuda;;2017;;80,6861;63603
BMU;North America;Bermuda;;2018;;80,9856;63852
BMU;North America;Bermuda;;2019;;81,2507;64130
BMU;North America;Bermuda;;2020;;81,4562;64404
BMU;North America;Bermuda;;2021;;81,7451;64672
BMU;North America;Bermuda;;2022;;82,0616;64772
BMU;North America;Bermuda;;2023;;82,3089;64721
BTN;Asia;Bhutan;;1970;;41,1854;308536
BTN;Asia;Bhutan;;1971;;41,83;319219
BTN;Asia;Bhutan;;1972;;42,4868;330265
BTN;Asia;Bhutan;;1973;;43,1358;341713
BTN;Asia;Bhutan;;1974;;43,8002;353548
BTN;Asia;Bhutan;;1975;;44,5129;365800
BTN;Asia;Bhutan;;1976;;45,2302;378499
BTN;Asia;Bhutan;;1977;;45,9504;391649
BTN;Asia;Bhutan;;1978;;46,6912;405256
BTN;Asia;Bhutan;;1979;;47,4455;419208
BTN;Asia;Bhutan;;1980;;48,1981;433412
BTN;Asia;Bhutan;;1981;;48,9749;447851
BTN;Asia;Bhutan;;1982;;49,7755;462495
BTN;Asia;Bhutan;;1983;;50,5534;477473
BTN;Asia;Bhutan;;1984;;51,3133;492794
BTN;Asia;Bhutan;;1985;;52,0334;508399
BTN;Asia;Bhutan;;1986;;52,8263;524327
BTN;Asia;Bhutan;;1987;;53,6201;540570
BTN;Asia;Bhutan;;1988;;54,3848;557002
BTN;Asia;Bhutan;;1989;;55,12;573593
BTN;Asia;Bhutan;;1990;;55,811;589295
BTN;Asia;Bhutan;;1991;;56,4509;599789
BTN;Asia;Bhutan;;1992;;57,208;577780
BTN;Asia;Bhutan;;1993;;57,9059;554680
BTN;Asia;Bhutan;;1994;;58,3951;554509
BTN;Asia;Bhutan;;1995;;59,2766;547995
BTN;Asia;Bhutan;;1996;;59,9816;548792
BTN;Asia;Bhutan;;1997;;60,6392;558698
BTN;Asia;Bhutan;;1998;;61,3225;569439
BTN;Asia;Bhutan;;1999;;62,0323;582589
BTN;Asia;Bhutan;;2000;;61,8417;596871
BTN;Asia;Bhutan;;2001;;63,3226;610801
BTN;Asia;Bhutan;;2002;;63,984;624417
BTN;Asia;Bhutan;;2003;;64,6619;637667
BTN;Asia;Bhutan;;2004;;65,2898;650559
BTN;Asia;Bhutan;;2005;;65,8746;661875
BTN;Asia;Bhutan;;2006;;66,4992;670803
BTN;Asia;Bhutan;;2007;;67,1518;678643
BTN;Asia;Bhutan;;2008;;67,7329;686359
BTN;Asia;Bhutan;;2009;;68,1565;693994
BTN;Asia;Bhutan;;2010;;68,7648;701638
BTN;Asia;Bhutan;;2011;;69,2802;709387
BTN;Asia;Bhutan;;2012;;69,7589;717288
BTN;Asia;Bhutan;;2013;;70,1611;725282
BTN;Asia;Bhutan;;2014;;70,5035;733151
BTN;Asia;Bhutan;;2015;;70,7971;740623
BTN;Asia;Bhutan;;2016;;71,1193;747878
BTN;Asia;Bhutan;;2017;;71,4127;754343
BTN;Asia;Bhutan;;2018;;71,7113;759766
BTN;Asia;Bhutan;;2019;;72,0049;764830
BTN;Asia;Bhutan;;2020;;72,2531;770013
BTN;Asia;Bhutan;;2021;;72,4482;775450
BTN;Asia;Bhutan;;2022;;72,754;780921
BTN;Asia;Bhutan;;2023;;72,9753;786386
BOL;South America;Bolivia;;1970;3469;47,1027;4590008
BOL;South America;Bolivia;;1971;3513;47,4826;4694351
BOL;South America;Bolivia;;1972;3602;47,8291;4800985
BOL;South America;Bolivia;;1973;3757;48,2818;4910200
BOL;South America;Bolivia;;1974;3854;48,7521;5022480
BOL;South America;Bolivia;;1975;4010;49,336;5137540
BOL;South America;Bolivia;;1976;4219;49,9707;5256497
BOL;South America;Bolivia;;1977;4289;50,387;5379169
BOL;South America;Bolivia;;1978;4328;50,8379;5504131
BOL;South America;Bolivia;;1979;4227;51,3527;5630853
BOL;South America;Bolivia;;1980;4100;51,8285;5758905
BOL;South America;Bolivia;;1981;4060;52,2593;5888114
BOL;South America;Bolivia;;1982;3816;52,5108;6018091
BOL;South America;Bolivia;;1983;3585;52,8608;6149066
BOL;South America;Bolivia;;1984;3561;53,3832;6281868
BOL;South America;Bolivia;;1985;3476;53,7774;6416193
BOL;South America;Bolivia;;1986;3306;54,2467;6552481
BOL;South America;Bolivia;;1987;3330;54,9012;6692168
BOL;South America;Bolivia;;1988;3386;55,5046;6835507
BOL;South America;Bolivia;;1989;3408;56,1463;6981771
BOL;South America;Bolivia;;1990;3502;56,7967;7130143
BOL;South America;Bolivia;;1991;3610,0518;57,4388;7280294
BOL;South America;Bolivia;;1992;3592,1367;57,9227;7430337
BOL;South America;Bolivia;;1993;3670,2744;58,6598;7579196
BOL;South America;Bolivia;;1994;3765,1694;59,2821;7727320
BOL;South America;Bolivia;;1995;3865,438;59,7873;7874676
BOL;South America;Bolivia;;1996;3959,4453;60,2866;8021742
BOL;South America;Bolivia;;1997;4079,5378;60,745;8167911
BOL;South America;Bolivia;;1998;4205,6943;61,2274;8313400
BOL;South America;Bolivia;;1999;4146,4707;61,6551;8459810
BOL;South America;Bolivia;;2000;4173,5493;62,0572;8606330
BOL;South America;Bolivia;;2001;4166,4917;62,5381;8752740
BOL;South America;Bolivia;;2002;4193,755;63,0676;8900358
BOL;South America;Bolivia;;2003;4230,3726;63,4553;9050703
BOL;South America;Bolivia;;2004;4330,5557;63,8186;9204297
BOL;South America;Bolivia;;2005;4445,3477;64,1822;9360758
BOL;South America;Bolivia;;2006;4581,9023;64,529;9521685
BOL;South America;Bolivia;;2007;4713,448;64,9386;9685960
BOL;South America;Bolivia;;2008;4924,032;65,2987;9850859
BOL;South America;Bolivia;;2009;5011,3384;65,6555;10016279
BOL;South America;Bolivia;;2010;5141,759;66,0033;10182345
BOL;South America;Bolivia;;2011;5331;66,2816;10348931
BOL;South America;Bolivia;;2012;5503,908;66,5858;10515814
BOL;South America;Bolivia;;2013;5775,7515;66,7773;10682612
BOL;South America;Bolivia;;2014;5988,2773;66,9697;10848889
BOL;South America;Bolivia;;2015;6176,267;67,2052;11014707
BOL;South America;Bolivia;;2016;6337,799;67,3925;11180020
BOL;South America;Bolivia;;2017;6503,387;67,5357;11344591
BOL;South America;Bolivia;;2018;6679,4385;67,6992;11508370
BOL;South America;Bolivia;;2019;6730,809;67,8198;11671386
BOL;South America;Bolivia;;2020;6062,065;62,906;11816301
BOL;South America;Bolivia;;2021;6355,615;61,4268;11937369
BOL;South America;Bolivia;;2022;6481,3906;67,4342;12077156
BOL;South America;Bolivia;;2023;;68,5814;12244161
BES;North America;Bonaire Sint Eustatius and Saba;;1970;;73,2707;9885
BES;North America;Bonaire Sint Eustatius and Saba;;1971;;73,9578;10148
BES;North America;Bonaire Sint Eustatius and Saba;;1972;;74,1219;10377
BES;North America;Bonaire Sint Eustatius and Saba;;1973;;74,1605;10558
BES;North America;Bonaire Sint Eustatius and Saba;;1974;;74,1256;10715
BES;North America;Bonaire Sint Eustatius and Saba;;1975;;74,2869;10878
BES;North America;Bonaire Sint Eustatius and Saba;;1976;;74,7349;11057
BES;North America;Bonaire Sint Eustatius and Saba;;1977;;74,6934;11242
BES;North America;Bonaire Sint Eustatius and Saba;;1978;;74,1763;11437
BES;North America;Bonaire Sint Eustatius and Saba;;1979;;74,329;11621
BES;North America;Bonaire Sint Eustatius and Saba;;1980;;72,9844;11804
BES;North America;Bonaire Sint Eustatius and Saba;;1981;;71,9783;11962
BES;North America;Bonaire Sint Eustatius and Saba;;1982;;73,4972;12078
BES;North America;Bonaire Sint Eustatius and Saba;;1983;;74,025;12177
BES;North America;Bonaire Sint Eustatius and Saba;;1984;;73,9622;12284
BES;North America;Bonaire Sint Eustatius and Saba;;1985;;74,144;12391
BES;North America;Bonaire Sint Eustatius and Saba;;1986;;74,3625;12494
BES;North America;Bonaire Sint Eustatius and Saba;;1987;;74,0005;12601
BES;North America;Bonaire Sint Eustatius and Saba;;1988;;74,1135;12714
BES;North America;Bonaire Sint Eustatius and Saba;;1989;;74,5527;12830
BES;North America;Bonaire Sint Eustatius and Saba;;1990;;74,2827;12958
BES;North America;Bonaire Sint Eustatius and Saba;;1991;;73,9856;13070
BES;North America;Bonaire Sint Eustatius and Saba;;1992;;73,3925;13186
BES;North America;Bonaire Sint Eustatius and Saba;;1993;;73,6815;13297
BES;North America;Bonaire Sint Eustatius and Saba;;1994;;74,6735;13407
BES;North America;Bonaire Sint Eustatius and Saba;;1995;;75,502;13531
BES;North America;Bonaire Sint Eustatius and Saba;;1996;;75,6076;13670
BES;North America;Bonaire Sint Eustatius and Saba;;1997;;74,771;13812
BES;North America;Bonaire Sint Eustatius and Saba;;1998;;75,8261;13959
BES;North America;Bonaire Sint Eustatius and Saba;;1999;;75,7627;14101
BES;North America;Bonaire Sint Eustatius and Saba;;2000;;76,088;14256
BES;North America;Bonaire Sint Eustatius and Saba;;2001;;75,5183;14526
BES;North America;Bonaire Sint Eustatius and Saba;;2002;;75,8828;15033
BES;North America;Bonaire Sint Eustatius and Saba;;2003;;75,7147;15666
BES;North America;Bonaire Sint Eustatius and Saba;;2004;;75,538;16330
BES;North America;Bonaire Sint Eustatius and Saba;;2005;;75,868;17002
BES;North America;Bonaire Sint Eustatius and Saba;;2006;;76,0728;17701
BES;North America;Bonaire Sint Eustatius and Saba;;2007;;76,1089;18408
BES;North America;Bonaire Sint Eustatius and Saba;;2008;;76,5511;19118
BES;North America;Bonaire Sint Eustatius and Saba;;2009;;76,5394;19847
BES;North America;Bonaire Sint Eustatius and Saba;;2010;;76,7429;20583
BES;North America;Bonaire Sint Eustatius and Saba;;2011;;76,3668;21650
BES;North America;Bonaire Sint Eustatius and Saba;;2012;;76,1875;22847
BES;North America;Bonaire Sint Eustatius and Saba;;2013;;76,1863;23835
BES;North America;Bonaire Sint Eustatius and Saba;;2014;;76,9465;24491
BES;North America;Bonaire Sint Eustatius and Saba;;2015;;77,7542;24638
BES;North America;Bonaire Sint Eustatius and Saba;;2016;;77,3659;24567
BES;North America;Bonaire Sint Eustatius and Saba;;2017;;77,6048;24821
BES;North America;Bonaire Sint Eustatius and Saba;;2018;;77,1027;25184
BES;North America;Bonaire Sint Eustatius and Saba;;2019;;77,2373;25652
BES;North America;Bonaire Sint Eustatius and Saba;;2020;;77,213;26476
BES;North America;Bonaire Sint Eustatius and Saba;;2021;;77,8843;27347
BES;North America;Bonaire Sint Eustatius and Saba;;2022;;78,1545;28654
BES;North America;Bonaire Sint Eustatius and Saba;;2023;;77,4355;29920
BIH;Europe;Bosnia and Herzegovina;;1970;4251;64,8442;3773248
BIH;Europe;Bosnia and Herzegovina;;1971;4490;65,1806;3809388
BIH;Europe;Bosnia and Herzegovina;;1972;4661;65,6816;3848278
BIH;Europe;Bosnia and Herzegovina;;1973;4801;66,5858;3887374
BIH;Europe;Bosnia and Herzegovina;;1974;5112;67,6346;3926471
BIH;Europe;Bosnia and Herzegovina;;1975;5247;68,3287;3965749
BIH;Europe;Bosnia and Herzegovina;;1976;5268;68,574;4004560
BIH;Europe;Bosnia and Herzegovina;;1977;5647;68,7792;4042136
BIH;Europe;Bosnia and Herzegovina;;1978;5977;68,8438;4078246
BIH;Europe;Bosnia and Herzegovina;;1979;6376;69,0833;4113302
BIH;Europe;Bosnia and Herzegovina;;1980;6588;69,6033;4148427
BIH;Europe;Bosnia and Herzegovina;;1981;6762;70,0554;4184220
BIH;Europe;Bosnia and Herzegovina;;1982;6841;70,0763;4221104
BIH;Europe;Bosnia and Herzegovina;;1983;6773;70,0971;4258736
BIH;Europe;Bosnia and Herzegovina;;1984;6843;70,2287;4295538
BIH;Europe;Bosnia and Herzegovina;;1985;6875;70,5815;4330362
BIH;Europe;Bosnia and Herzegovina;;1986;7066;70,7506;4362114
BIH;Europe;Bosnia and Herzegovina;;1987;6886;70,8756;4390248
BIH;Europe;Bosnia and Herzegovina;;1988;6668;70,9702;4414409
BIH;Europe;Bosnia and Herzegovina;;1989;6711;71,4447;4433985
BIH;Europe;Bosnia and Herzegovina;;1990;5893;71,5093;4448658
BIH;Europe;Bosnia and Herzegovina;;1991;5128,9395;71,8134;4458350
BIH;Europe;Bosnia and Herzegovina;;1992;3830,219;51,9671;4234620
BIH;Europe;Bosnia and Herzegovina;;1993;2831,0393;50,8941;3904484
BIH;Europe;Bosnia and Herzegovina;;1994;3017,001;66,6025;3725412
BIH;Europe;Bosnia and Herzegovina;;1995;3237,3074;70,1882;3715565
BIH;Europe;Bosnia and Herzegovina;;1996;4915,325;73,4537;3875246
BIH;Europe;Bosnia and Herzegovina;;1997;5913,081;73,8955;4018228
BIH;Europe;Bosnia and Herzegovina;;1998;6589,637;74,4725;4089357
BIH;Europe;Bosnia and Herzegovina;;1999;7025,973;74,9464;4130312
BIH;Europe;Bosnia and Herzegovina;;2000;7082,035;75,292;4159785
BIH;Europe;Bosnia and Herzegovina;;2001;7129,3867;75,5725;4179446
BIH;Europe;Bosnia and Herzegovina;;2002;7391,5923;75,9938;4188006
BIH;Europe;Bosnia and Herzegovina;;2003;7551,408;76,4487;4178523
BIH;Europe;Bosnia and Herzegovina;;2004;7857,3784;76,4891;4140990
BIH;Europe;Bosnia and Herzegovina;;2005;8057,6826;76,4243;4096493
BIH;Europe;Bosnia and Herzegovina;;2006;8410,801;76,0275;4063269
BIH;Europe;Bosnia and Herzegovina;;2007;8811,861;76,1618;4013420
BIH;Europe;Bosnia and Herzegovina;;2008;9199,262;76,3005;3947545
BIH;Europe;Bosnia and Herzegovina;;2009;9018,506;76,7013;3879798
BIH;Europe;Bosnia and Herzegovina;;2010;8982,458;76,827;3811480
BIH;Europe;Bosnia and Herzegovina;;2011;8961;76,9632;3741799
BIH;Europe;Bosnia and Herzegovina;;2012;8894,932;77,0365;3670109
BIH;Europe;Bosnia and Herzegovina;;2013;9113,055;77,1292;3610857
BIH;Europe;Bosnia and Herzegovina;;2014;9228,818;77,089;3564831
BIH;Europe;Bosnia and Herzegovina;;2015;9639,478;77,0733;3518541
BIH;Europe;Bosnia and Herzegovina;;2016;9966,366;77,1241;3472997
BIH;Europe;Bosnia and Herzegovina;;2017;10305,933;77,3855;3428684
BIH;Europe;Bosnia and Herzegovina;;2018;10718,778;77,9425;3386999
BIH;Europe;Bosnia and Herzegovina;;2019;11048,235;77,3939;3345532
BIH;Europe;Bosnia and Herzegovina;;2020;10736,168;76,0395;3299352
BIH;Europe;Bosnia and Herzegovina;;2021;11553,761;74,5673;3244912
BIH;Europe;Bosnia and Herzegovina;;2022;12142,863;76,7772;3204802
BIH;Europe;Bosnia and Herzegovina;;2023;;77,8504;3185072
BWA;Africa;Botswana;;1970;907;56,4464;590338
BWA;Africa;Botswana;;1971;1113;57,0617;600488
BWA;Africa;Botswana;;1972;1361;57,6691;622416
BWA;Africa;Botswana;;1973;1589;58,286;652420
BWA;Africa;Botswana;;1974;1656;58,9137;685455
BWA;Africa;Botswana;;1975;1712;59,5303;720389
BWA;Africa;Botswana;;1976;1801;60,2089;758514
BWA;Africa;Botswana;;1977;1889;60,8665;799587
BWA;Africa;Botswana;;1978;2005;61,4854;849246
BWA;Africa;Botswana;;1979;2184;62,0346;901754
BWA;Africa;Botswana;;1980;2348;62,5267;937493
BWA;Africa;Botswana;;1981;2528;63,0272;970003
BWA;Africa;Botswana;;1982;2640;63,3821;1009273
BWA;Africa;Botswana;;1983;2848;63,6054;1046148
BWA;Africa;Botswana;;1984;3124;63,7059;1083665
BWA;Africa;Botswana;;1985;3301;63,6466;1121954
BWA;Africa;Botswana;;1986;3432;63,3627;1160655
BWA;Africa;Botswana;;1987;3601;62,837;1199180
BWA;Africa;Botswana;;1988;3920;61,6957;1235488
BWA;Africa;Botswana;;1989;5066;61,1887;1270279
BWA;Africa;Botswana;;1990;5267;60,104;1305699
BWA;Africa;Botswana;;1991;5616,011;58,9109;1341767
BWA;Africa;Botswana;;1992;5733,63;58,1903;1380038
BWA;Africa;Botswana;;1993;5787,1143;57,3159;1420120
BWA;Africa;Botswana;;1994;5946,4272;55,9696;1460030
BWA;Africa;Botswana;;1995;6318,4766;54,7127;1498842
BWA;Africa;Botswana;;1996;6647,7676;54,2842;1535917
BWA;Africa;Botswana;;1997;7152,1475;53,594;1571700
BWA;Africa;Botswana;;1998;7185,2725;52,9685;1606906
BWA;Africa;Botswana;;1999;7876,1387;52,4993;1642006
BWA;Africa;Botswana;;2000;8044,142;52,2631;1677384
BWA;Africa;Botswana;;2001;8082,8237;52,2104;1712264
BWA;Africa;Botswana;;2002;8604,067;52,3733;1744765
BWA;Africa;Botswana;;2003;9042,52;52,8508;1775744
BWA;Africa;Botswana;;2004;9329,509;53,5729;1807153
BWA;Africa;Botswana;;2005;9798,087;54,3862;1839881
BWA;Africa;Botswana;;2006;10665,68;55,1119;1874526
BWA;Africa;Botswana;;2007;11602,068;56,7351;1911200
BWA;Africa;Botswana;;2008;12385,149;57,6607;1949973
BWA;Africa;Botswana;;2009;11494,757;58,2975;1990671
BWA;Africa;Botswana;;2010;12544,728;59,1373;2033110
BWA;Africa;Botswana;;2011;13376;59,7149;2073538
BWA;Africa;Botswana;;2012;13134,406;60,3844;2108617
BWA;Africa;Botswana;;2013;14355,76;61,2167;2140687
BWA;Africa;Botswana;;2014;14929,678;62,1675;2172053
BWA;Africa;Botswana;;2015;13980,036;63,215;2203276
BWA;Africa;Botswana;;2016;14752,188;64,3199;2234784
BWA;Africa;Botswana;;2017;15121,662;65,4203;2266749
BWA;Africa;Botswana;;2018;15515,622;66,3709;2299149
BWA;Africa;Botswana;;2019;15747,324;67,1668;2332082
BWA;Africa;Botswana;;2020;14162,686;67,6426;2365895
BWA;Africa;Botswana;;2021;15612,078;63,3025;2401448
BWA;Africa;Botswana;;2022;16351,91;68,7487;2439895
BWA;Africa;Botswana;;2023;;69,1631;2480242
BRA;South America;Brazil;;1970;4635;57,338;95375656
BRA;South America;Brazil;;1971;5024;57,7857;97739280
BRA;South America;Brazil;;1972;5480;58,2553;100146794
BRA;South America;Brazil;;1973;6086;58,6812;102600970
BRA;South America;Brazil;;1974;6416;59,0812;105089675
BRA;South America;Brazil;;1975;6582;59,5561;107619567
BRA;South America;Brazil;;1976;7079;60,0072;110213353
BRA;South America;Brazil;;1977;7248;60,4612;112875287
BRA;South America;Brazil;;1978;7425;60,9215;115600943
BRA;South America;Brazil;;1979;7736;61,3654;118380819
BRA;South America;Brazil;;1980;8249;61,8195;121207451
BRA;South America;Brazil;;1981;7709;62,2672;124063113
BRA;South America;Brazil;;1982;7587;62,7083;126923156
BRA;South America;Brazil;;1983;7203;63,1329;129790081
BRA;South America;Brazil;;1984;7438;63,5532;132658861
BRA;South America;Brazil;;1985;7862;63,9795;135515593
BRA;South America;Brazil;;1986;8281;64,3887;138336371
BRA;South America;Brazil;;1987;8402;64,7849;141104946
BRA;South America;Brazil;;1988;8230;65,1613;143826357
BRA;South America;Brazil;;1989;8333;65,5141;146502975
BRA;South America;Brazil;;1990;7842;65,8624;149143223
BRA;South America;Brazil;;1991;7888,0483;66,203;151724253
BRA;South America;Brazil;;1992;7812,7944;66,5393;154275077
BRA;South America;Brazil;;1993;8166,2354;66,8923;156794574
BRA;South America;Brazil;;1994;8615,688;67,2934;159265011
BRA;South America;Brazil;;1995;8951,694;67,7006;161735079
BRA;South America;Brazil;;1996;9124,516;68,1084;164202549
BRA;South America;Brazil;;1997;9409,946;68,505;166661662
BRA;South America;Brazil;;1998;9419,107;68,8482;169159651
BRA;South America;Brazil;;1999;9441,759;69,2111;171641544
BRA;South America;Brazil;;2000;9834,425;69,5842;174018278
BRA;South America;Brazil;;2001;9953,31;69,98;176301201
BRA;South America;Brazil;;2002;10245,069;70,3958;178503485
BRA;South America;Brazil;;2003;10354,596;70,8841;180622688
BRA;South America;Brazil;;2004;10949,66;71,3611;182675144
BRA;South America;Brazil;;2005;11305,771;71,8319;184688101
BRA;South America;Brazil;;2006;11766,605;72,2963;186653099
BRA;South America;Brazil;;2007;12500,007;72,7297;188552311
BRA;South America;Brazil;;2008;13164,012;73,1109;190367297
BRA;South America;Brazil;;2009;13180,891;73,4569;192079958
BRA;South America;Brazil;;2010;14215,612;73,779;193701931
BRA;South America;Brazil;;2011;14831;74,0473;195284736
BRA;South America;Brazil;;2012;14985,498;74,3346;196876113
BRA;South America;Brazil;;2013;15305,414;74,6093;198478290
BRA;South America;Brazil;;2014;15251,89;74,8225;200085126
BRA;South America;Brazil;;2015;14583,982;75,1064;201675534
BRA;South America;Brazil;;2016;13990,646;75,0805;203218108
BRA;South America;Brazil;;2017;14062,75;75,3835;204703440
BRA;South America;Brazil;;2018;14197,55;75,6335;206107265
BRA;South America;Brazil;;2019;14257,871;75,8093;207455459
BRA;South America;Brazil;;2020;13685,926;74,5058;208660845
BRA;South America;Brazil;;2021;14292,936;73,0377;209550291
BRA;South America;Brazil;;2022;14640,076;74,8719;210306411
BRA;South America;Brazil;;2023;;75,8482;211140731
VGB;North America;British Virgin Islands;;1970;;66,4075;9967
VGB;North America;British Virgin Islands;;1971;;66,6649;10117
VGB;North America;British Virgin Islands;;1972;;66,8986;10256
VGB;North America;British Virgin Islands;;1973;;67,191;10388
VGB;North America;British Virgin Islands;;1974;;67,6524;10521
VGB;North America;British Virgin Islands;;1975;;68,0693;10627
VGB;North America;British Virgin Islands;;1976;;68,408;10733
VGB;North America;British Virgin Islands;;1977;;68,6799;10823
VGB;North America;British Virgin Islands;;1978;;69,0285;10904
VGB;North America;British Virgin Islands;;1979;;69,315;10986
VGB;North America;British Virgin Islands;;1980;;69,6448;11148
VGB;North America;British Virgin Islands;;1981;;69,9062;11499
VGB;North America;British Virgin Islands;;1982;;70,1376;11944
VGB;North America;British Virgin Islands;;1983;;70,3742;12388
VGB;North America;British Virgin Islands;;1984;;70,7114;12844
VGB;North America;British Virgin Islands;;1985;;70,9873;13291
VGB;North America;British Virgin Islands;;1986;;71,2524;13749
VGB;North America;British Virgin Islands;;1987;;71,4921;14213
VGB;North America;British Virgin Islands;;1988;;71,7629;14704
VGB;North America;British Virgin Islands;;1989;;72,0379;15201
VGB;North America;British Virgin Islands;;1990;;72,392;15727
VGB;North America;British Virgin Islands;;1991;;72,7502;16208
VGB;North America;British Virgin Islands;;1992;;73,109;16615
VGB;North America;British Virgin Islands;;1993;;73,4314;17008
VGB;North America;British Virgin Islands;;1994;;73,7938;17430
VGB;North America;British Virgin Islands;;1995;;74,0892;17863
VGB;North America;British Virgin Islands;;1996;;74,3408;18308
VGB;North America;British Virgin Islands;;1997;;74,4693;18783
VGB;North America;British Virgin Islands;;1998;;74,5687;19262
VGB;North America;British Virgin Islands;;1999;;74,6516;19755
VGB;North America;British Virgin Islands;;2000;;74,753;20266
VGB;North America;British Virgin Islands;;2001;;74,8308;20825
VGB;North America;British Virgin Islands;;2002;;74,9708;21454
VGB;North America;British Virgin Islands;;2003;;75,1831;22155
VGB;North America;British Virgin Islands;;2004;;75,4043;22905
VGB;North America;British Virgin Islands;;2005;;75,5694;23693
VGB;North America;British Virgin Islands;;2006;;75,7453;24519
VGB;North America;British Virgin Islands;;2007;;75,8932;25391
VGB;North America;British Virgin Islands;;2008;;76,0696;26308
VGB;North America;British Virgin Islands;;2009;;76,205;27240
VGB;North America;British Virgin Islands;;2010;;76,2892;27698
VGB;North America;British Virgin Islands;;2011;;76,363;28733
VGB;North America;British Virgin Islands;;2012;;76,4335;30369
VGB;North America;British Virgin Islands;;2013;;76,4721;31727
VGB;North America;British Virgin Islands;;2014;;76,5271;32988
VGB;North America;British Virgin Islands;;2015;;76,5582;34523
VGB;North America;British Virgin Islands;;2016;;76,6242;33904
VGB;North America;British Virgin Islands;;2017;;75,6699;32724
VGB;North America;British Virgin Islands;;2018;;76,7281;34682
VGB;North America;British Virgin Islands;;2019;;76,8452;36423
VGB;North America;British Virgin Islands;;2020;;76,8941;37161
VGB;North America;British Virgin Islands;;2021;;75,297;37833
VGB;North America;British Virgin Islands;;2022;;77,177;38346
VGB;North America;British Virgin Islands;;2023;;77,2758;39009
BRN;Asia;Brunei;;1970;;64,4896;135157
BRN;Asia;Brunei;;1971;;64,9748;137931
BRN;Asia;Brunei;;1972;;65,4467;142197
BRN;Asia;Brunei;;1973;;65,9503;147381
BRN;Asia;Brunei;;1974;;66,4416;152669
BRN;Asia;Brunei;;1975;;66,9503;158081
BRN;Asia;Brunei;;1976;;67,4109;163621
BRN;Asia;Brunei;;1977;;67,8328;169287
BRN;Asia;Brunei;;1978;;68,2578;174902
BRN;Asia;Brunei;;1979;;68,6417;180430
BRN;Asia;Brunei;;1980;;69,014;186121
BRN;Asia;Brunei;;1981;;69,3439;191990
BRN;Asia;Brunei;;1982;;69,6691;198177
BRN;Asia;Brunei;;1983;;69,9914;204754
BRN;Asia;Brunei;;1984;;70,2364;211673
BRN;Asia;Brunei;;1985;;70,4987;218928
BRN;Asia;Brunei;;1986;;70,7619;226510
BRN;Asia;Brunei;;1987;;70,9824;233876
BRN;Asia;Brunei;;1988;;71,1834;240928
BRN;Asia;Brunei;;1989;;71,4083;248077
BRN;Asia;Brunei;;1990;;71,6293;255307
BRN;Asia;Brunei;;1991;;71,8583;262604
BRN;Asia;Brunei;;1992;;72,0903;269848
BRN;Asia;Brunei;;1993;;72,3327;276978
BRN;Asia;Brunei;;1994;;72,5706;284098
BRN;Asia;Brunei;;1995;;72,8379;291207
BRN;Asia;Brunei;;1996;;73,0794;298283
BRN;Asia;Brunei;;1997;;73,3262;305357
BRN;Asia;Brunei;;1998;;73,584;312398
BRN;Asia;Brunei;;1999;;73,806;319412
BRN;Asia;Brunei;;2000;;74,0169;326429
BRN;Asia;Brunei;;2001;;74,2089;333353
BRN;Asia;Brunei;;2002;;74,3652;340108
BRN;Asia;Brunei;;2003;;74,5091;346650
BRN;Asia;Brunei;;2004;;74,6033;352921
BRN;Asia;Brunei;;2005;;74,6831;358930
BRN;Asia;Brunei;;2006;;74,7534;364670
BRN;Asia;Brunei;;2007;;74,793;370883
BRN;Asia;Brunei;;2008;;74,8138;377800
BRN;Asia;Brunei;;2009;;74,8144;384965
BRN;Asia;Brunei;;2010;;74,8195;392340
BRN;Asia;Brunei;;2011;;74,8355;399395
BRN;Asia;Brunei;;2012;;74,8428;405564
BRN;Asia;Brunei;;2013;;74,8544;411205
BRN;Asia;Brunei;;2014;;74,862;416757
BRN;Asia;Brunei;;2015;;74,8802;422223
BRN;Asia;Brunei;;2016;;74,9054;427571
BRN;Asia;Brunei;;2017;;74,9429;432787
BRN;Asia;Brunei;;2018;;74,9915;437811
BRN;Asia;Brunei;;2019;;75,049;442690
BRN;Asia;Brunei;;2020;;75,1138;447411
BRN;Asia;Brunei;;2021;;74,8692;451722
BRN;Asia;Brunei;;2022;;72,9171;455374
BRN;Asia;Brunei;;2023;;75,3266;458959
BGR;Europe;Bulgaria;;1970;7608;71,2505;8490822
BGR;Europe;Bulgaria;;1971;7814;70,8551;8538900
BGR;Europe;Bulgaria;;1972;8145;70,8589;8579912
BGR;Europe;Bulgaria;;1973;8423;71,3021;8624799
BGR;Europe;Bulgaria;;1974;8630;71,2172;8682750
BGR;Europe;Bulgaria;;1975;9295;71,0056;8723145
BGR;Europe;Bulgaria;;1976;9535;71,358;8759433
BGR;Europe;Bulgaria;;1977;9398;70,7678;8804690
BGR;Europe;Bulgaria;;1978;9594;71,1261;8813742
BGR;Europe;Bulgaria;;1979;9954;71,2172;8824994
BGR;Europe;Bulgaria;;1980;9634;71,0809;8859539
BGR;Europe;Bulgaria;;1981;9860;71,4778;8887803
BGR;Europe;Bulgaria;;1982;10154;71,0775;8912738
BGR;Europe;Bulgaria;;1983;9942;71,2393;8933328
BGR;Europe;Bulgaria;;1984;10249;71,3472;8952608
BGR;Europe;Bulgaria;;1985;9924;71,0482;8958855
BGR;Europe;Bulgaria;;1986;10170;71,5502;8963473
BGR;Europe;Bulgaria;;1987;10173;71,3442;8976206
BGR;Europe;Bulgaria;;1988;10098;71,4156;8985721
BGR;Europe;Bulgaria;;1989;9908;71,4801;8936386
BGR;Europe;Bulgaria;;1990;8922;71,3213;8822366
BGR;Europe;Bulgaria;;1991;8319,673;71,1938;8695798
BGR;Europe;Bulgaria;;1992;7846,1157;71,178;8559091
BGR;Europe;Bulgaria;;1993;7959,1636;71,1853;8466533
BGR;Europe;Bulgaria;;1994;8212,297;70,8608;8416924
BGR;Europe;Bulgaria;;1995;8566,603;70,962;8357576
BGR;Europe;Bulgaria;;1996;7901,1235;70,8357;8291402
BGR;Europe;Bulgaria;;1997;7927,429;70,3137;8217101
BGR;Europe;Bulgaria;;1998;8322,082;70,8733;8138193
BGR;Europe;Bulgaria;;1999;7921,765;71,5607;8067464
BGR;Europe;Bulgaria;;2000;8410,795;71,5746;8000519
BGR;Europe;Bulgaria;;2001;8832,291;71,8788;7928455
BGR;Europe;Bulgaria;;2002;9471,766;72,128;7861949
BGR;Europe;Bulgaria;;2003;10080,783;72,3727;7804405
BGR;Europe;Bulgaria;;2004;10853,785;72,5754;7749430
BGR;Europe;Bulgaria;;2005;11758,084;72,5591;7695047
BGR;Europe;Bulgaria;;2006;12706,182;72,6899;7640292
BGR;Europe;Bulgaria;;2007;13785,228;73,008;7586896
BGR;Europe;Bulgaria;;2008;14761,715;73,3385;7535589
BGR;Europe;Bulgaria;;2009;14363,259;73,6808;7488016
BGR;Europe;Bulgaria;;2010;14686,461;73,814;7437594
BGR;Europe;Bulgaria;;2011;15112;74,1693;7380023
BGR;Europe;Bulgaria;;2012;15314,524;74,3373;7317020
BGR;Europe;Bulgaria;;2013;15314,154;74,8277;7264605
BGR;Europe;Bulgaria;;2014;15550,346;74,4664;7223450
BGR;Europe;Bulgaria;;2015;16186,409;74,6208;7177515
BGR;Europe;Bulgaria;;2016;16795,824;74,8271;7127436
BGR;Europe;Bulgaria;;2017;17386,271;74,7977;7075642
BGR;Europe;Bulgaria;;2018;17982,424;74,9325;7024745
BGR;Europe;Bulgaria;;2019;18840,764;75,0874;6975466
BGR;Europe;Bulgaria;;2020;18203,832;73,5992;6933656
BGR;Europe;Bulgaria;;2021;19753,994;71,4137;6877222
BGR;Europe;Bulgaria;;2022;20592,455;74,0342;6825862
BGR;Europe;Bulgaria;;2023;;75,6363;6795805
BFA;Africa;Burkina Faso;;1970;1188;39,5404;5610307
BFA;Africa;Burkina Faso;;1971;1219;39,8529;5708002
BFA;Africa;Burkina Faso;;1972;1253;40,3986;5807238
BFA;Africa;Burkina Faso;;1973;1172;40,9475;5911926
BFA;Africa;Burkina Faso;;1974;1132;41,7112;6024905
BFA;Africa;Burkina Faso;;1975;1068;42,4857;6147575
BFA;Africa;Burkina Faso;;1976;1039;43,3266;6280638
BFA;Africa;Burkina Faso;;1977;1090;44,1672;6428739
BFA;Africa;Burkina Faso;;1978;1189;44,9947;6590987
BFA;Africa;Burkina Faso;;1979;1173;45,7017;6763902
BFA;Africa;Burkina Faso;;1980;1165;46,4653;6947900
BFA;Africa;Burkina Faso;;1981;1186;46,8656;7140270
BFA;Africa;Burkina Faso;;1982;1183;47,6334;7340199
BFA;Africa;Burkina Faso;;1983;1140;48,0612;7551136
BFA;Africa;Burkina Faso;;1984;1129;48,4637;7772260
BFA;Africa;Burkina Faso;;1985;1243;48,7475;7999935
BFA;Africa;Burkina Faso;;1986;1400;48,987;8228847
BFA;Africa;Burkina Faso;;1987;1336;49,0968;8457112
BFA;Africa;Burkina Faso;;1988;1403;49,2152;8687441
BFA;Africa;Burkina Faso;;1989;1342;49,2704;8921178
BFA;Africa;Burkina Faso;;1990;1286;49,3145;9159358
BFA;Africa;Burkina Faso;;1991;1331,2303;49,3296;9394631
BFA;Africa;Burkina Faso;;1992;1264,992;49,378;9629280
BFA;Africa;Burkina Faso;;1993;1240,1422;49,4119;9871715
BFA;Africa;Burkina Faso;;1994;1189,1213;49,4695;10123807
BFA;Africa;Burkina Faso;;1995;1191,3074;49,5545;10386723
BFA;Africa;Burkina Faso;;1996;1255,7749;49,6934;10655943
BFA;Africa;Burkina Faso;;1997;1268,2632;49,5597;10934222
BFA;Africa;Burkina Faso;;1998;1293,5734;50,1629;11240668
BFA;Africa;Burkina Faso;;1999;1318,7197;50,4632;11574930
BFA;Africa;Burkina Faso;;2000;1275,4819;50,8081;11925548
BFA;Africa;Burkina Faso;;2001;1283,3822;51,1884;12294996
BFA;Africa;Burkina Faso;;2002;1255,5571;51,4475;12680904
BFA;Africa;Burkina Faso;;2003;1277,5808;51,9586;13082530
BFA;Africa;Burkina Faso;;2004;1268,6866;52,5999;13500536
BFA;Africa;Burkina Faso;;2005;1309,9836;53,271;13932127
BFA;Africa;Burkina Faso;;2006;1322,6372;53,7837;14373713
BFA;Africa;Burkina Faso;;2007;1308,5203;54,3768;14816313
BFA;Africa;Burkina Faso;;2008;1315,4537;55,1985;15258103
BFA;Africa;Burkina Faso;;2009;1287,3678;55,7909;15710067
BFA;Africa;Burkina Faso;;2010;1326,1975;56,343;16176503
BFA;Africa;Burkina Faso;;2011;1344;57,0011;16661907
BFA;Africa;Burkina Faso;;2012;1387,6171;57,4574;17172284
BFA;Africa;Burkina Faso;;2013;1424,2133;57,9033;17695411
BFA;Africa;Burkina Faso;;2014;1443,2963;58,3315;18229466
BFA;Africa;Burkina Faso;;2015;1456,9303;58,7777;18777488
BFA;Africa;Burkina Faso;;2016;1500,0236;59,1732;19334854
BFA;Africa;Burkina Faso;;2017;1548,481;59,5775;19894413
BFA;Africa;Burkina Faso;;2018;1605,3588;59,9719;20438289
BFA;Africa;Burkina Faso;;2019;1651,1173;60,1842;20961956
BFA;Africa;Burkina Faso;;2020;1638,8279;60,4536;21478691
BFA;Africa;Burkina Faso;;2021;1706,9633;60,0463;21995249
BFA;Africa;Burkina Faso;;2022;1704,966;60,7;22509038
BFA;Africa;Burkina Faso;;2023;;61,092;23025777
BDI;Africa;Burundi;;1970;893;43,2251;3530431
BDI;Africa;Burundi;;1971;902;43,1724;3617295
BDI;Africa;Burundi;;1972;866;25,7768;3617134
BDI;Africa;Burundi;;1973;921;37,4086;3611994
BDI;Africa;Burundi;;1974;904;43,3367;3703604
BDI;Africa;Burundi;;1975;883;43,4453;3796617
BDI;Africa;Burundi;;1976;956;43,6913;3882626
BDI;Africa;Burundi;;1977;1020;43,9703;3983585
BDI;Africa;Burundi;;1978;1042;44,4044;4100342
BDI;Africa;Burundi;;1979;1011;45,0381;4203533
BDI;Africa;Burundi;;1980;952;45,7311;4383713
BDI;Africa;Burundi;;1981;1014;46,4119;4566017
BDI;Africa;Burundi;;1982;985;47,0119;4681397
BDI;Africa;Burundi;;1983;991;47,4333;4808530
BDI;Africa;Burundi;;1984;968;47,6871;4926477
BDI;Africa;Burundi;;1985;1057;47,6621;5034043
BDI;Africa;Burundi;;1986;1078;47,4021;5129423
BDI;Africa;Burundi;;1987;1095;47,0665;5247790
BDI;Africa;Burundi;;1988;1119;42,8894;5365332
BDI;Africa;Burundi;;1989;1111;45,7452;5471706
BDI;Africa;Burundi;;1990;1124;45,184;5587051
BDI;Africa;Burundi;;1991;1149,7976;44,66;5703860
BDI;Africa;Burundi;;1992;1128,3474;44,469;5858405
BDI;Africa;Burundi;;1993;1075,6154;37,2214;5676847
BDI;Africa;Burundi;;1994;1057,6414;44,5152;5713856
BDI;Africa;Burundi;;1995;934,20306;44,5888;6066319
BDI;Africa;Burundi;;1996;824,5116;44,8069;6070510
BDI;Africa;Burundi;;1997;800,27203;45,7207;6070038
BDI;Africa;Burundi;;1998;808,3241;46,6781;6187114
BDI;Africa;Burundi;;1999;772,3172;47,6266;6337155
BDI;Africa;Burundi;;2000;739,7609;47,6166;6470196
BDI;Africa;Burundi;;2001;730,4278;48,5094;6634368
BDI;Africa;Burundi;;2002;737,286;49,9237;6824139
BDI;Africa;Burundi;;2003;703,5615;50,997;7043158
BDI;Africa;Burundi;;2004;709,7372;52,2171;7310656
BDI;Africa;Burundi;;2005;691,61975;53,0529;7587303
BDI;Africa;Burundi;;2006;703,36096;53,962;7865545
BDI;Africa;Burundi;;2007;700,95874;54,8317;8161879
BDI;Africa;Burundi;;2008;708,6786;55,5813;8505643
BDI;Africa;Burundi;;2009;709,0326;56,4215;8947653
BDI;Africa;Burundi;;2010;717,6115;57,0883;9376448
BDI;Africa;Burundi;;2011;719;57,8039;9717980
BDI;Africa;Burundi;;2012;727;58,5008;10071033
BDI;Africa;Burundi;;2013;738;59,1786;10439346
BDI;Africa;Burundi;;2014;748;59,7644;10799789
BDI;Africa;Burundi;;2015;694;60,1068;11047581
BDI;Africa;Burundi;;2016;704,635;60,7887;11239459
BDI;Africa;Burundi;;2017;715,09454;61,3452;11506764
BDI;Africa;Burundi;;2018;730,9046;61,8065;11859444
BDI;Africa;Burundi;;2019;738,9831;62,1801;12255339
BDI;Africa;Burundi;;2020;720,446;62,5694;12617041
BDI;Africa;Burundi;;2021;723,1921;62,1013;12965487
BDI;Africa;Burundi;;2022;717,22845;62,8819;13321102
BDI;Africa;Burundi;;2023;;63,6511;13689455
KHM;Asia;Cambodia;;1970;1031;38,6281;6639187
KHM;Asia;Cambodia;;1971;980;38,7005;6620880
KHM;Asia;Cambodia;;1972;920;38,9094;6673890
KHM;Asia;Cambodia;;1973;1239;39,078;6739737
KHM;Asia;Cambodia;;1974;1049;39,2958;6783251
KHM;Asia;Cambodia;;1975;925;12,7845;6581373
KHM;Asia;Cambodia;;1976;1025;11,6323;6134989
KHM;Asia;Cambodia;;1977;1143;11,2952;5668561
KHM;Asia;Cambodia;;1978;1291;11,5726;5211654
KHM;Asia;Cambodia;;1979;1325;41,0717;5088812
KHM;Asia;Cambodia;;1980;1320;47,4978;5199874
KHM;Asia;Cambodia;;1981;1301;48,0351;5284493
KHM;Asia;Cambodia;;1982;1358;48,7555;5436436
KHM;Asia;Cambodia;;1983;1412;49,3829;5636206
KHM;Asia;Cambodia;;1984;1476;50,0891;5845115
KHM;Asia;Cambodia;;1985;1540;50,7986;6043782
KHM;Asia;Cambodia;;1986;1578;51,5552;6285699
KHM;Asia;Cambodia;;1987;1490;53,6738;6557971
KHM;Asia;Cambodia;;1988;1473;54,4333;6812012
KHM;Asia;Cambodia;;1989;1455;54,7681;7073472
KHM;Asia;Cambodia;;1990;1404;55,205;7374754
KHM;Asia;Cambodia;;1991;1425,0455;55,582;7686857
KHM;Asia;Cambodia;;1992;1427,2858;55,7473;8113085
KHM;Asia;Cambodia;;1993;1384,2925;56,0364;8616383
KHM;Asia;Cambodia;;1994;1416,4637;56,2205;9239160
KHM;Asia;Cambodia;;1995;1439,2865;56,562;10018500
KHM;Asia;Cambodia;;1996;1450,5251;56,832;10801268
KHM;Asia;Cambodia;;1997;1466,3667;57,2661;11570986
KHM;Asia;Cambodia;;1998;1476,296;57,8595;12058180
KHM;Asia;Cambodia;;1999;1586,2104;58,6108;12265734
KHM;Asia;Cambodia;;2000;1659,0891;59,4914;12462343
KHM;Asia;Cambodia;;2001;1726,4713;60,4566;12658486
KHM;Asia;Cambodia;;2002;1770,9572;61,3945;12855249
KHM;Asia;Cambodia;;2003;1850,2043;62,3452;13050977
KHM;Asia;Cambodia;;2004;1965,8787;63,2558;13244737
KHM;Asia;Cambodia;;2005;2144,845;64,1128;13439203
KHM;Asia;Cambodia;;2006;2286,3848;64,8859;13639032
KHM;Asia;Cambodia;;2007;2422,7566;65,5491;13841773
KHM;Asia;Cambodia;;2008;2482,0068;66,1469;14053479
KHM;Asia;Cambodia;;2009;2433,3062;66,7473;14276819
KHM;Asia;Cambodia;;2010;2426,687;67,3108;14500730
KHM;Asia;Cambodia;;2011;2496;67,8691;14722587
KHM;Asia;Cambodia;;2012;2649,3062;68,3714;14945090
KHM;Asia;Cambodia;;2013;2813,6704;68,7548;15170210
KHM;Asia;Cambodia;;2014;2982,7285;69,1174;15396771
KHM;Asia;Cambodia;;2015;3149,8743;69,3977;15623253
KHM;Asia;Cambodia;;2016;3312,0815;69,6352;15852802
KHM;Asia;Cambodia;;2017;3488,5952;69,8424;16073374
KHM;Asia;Cambodia;;2018;3692,43;69,9935;16274522
KHM;Asia;Cambodia;;2019;3896,7979;70,1267;16481305
KHM;Asia;Cambodia;;2020;3728,1985;70,0594;16725484
KHM;Asia;Cambodia;;2021;3796,4844;69,3012;16974309
KHM;Asia;Cambodia;;2022;3944,2468;70,528;17201721
KHM;Asia;Cambodia;;2023;;70,6675;17423884
CMR;Africa;Cameroon;;1970;1565;47,9542;6449795
CMR;Africa;Cameroon;;1971;1578;48,5766;6624415
CMR;Africa;Cameroon;;1972;1612;49,1203;6806873
CMR;Africa;Cameroon;;1973;1599;49,517;6996661
CMR;Africa;Cameroon;;1974;1632;49,7337;7193589
CMR;Africa;Cameroon;;1975;1677;49,8911;7397126
CMR;Africa;Cameroon;;1976;1664;50,0165;7597962
CMR;Africa;Cameroon;;1977;1706;50,1302;7796510
CMR;Africa;Cameroon;;1978;1744;50,3191;8011917
CMR;Africa;Cameroon;;1979;1785;50,5352;8239642
CMR;Africa;Cameroon;;1980;1900;50,8516;8512217
CMR;Africa;Cameroon;;1981;2153;51,2274;8816377
CMR;Africa;Cameroon;;1982;2257;51,801;9028676
CMR;Africa;Cameroon;;1983;2345;52,4473;9215395
CMR;Africa;Cameroon;;1984;2450;52,8859;9475085
CMR;Africa;Cameroon;;1985;2585;53,4653;9761728
CMR;Africa;Cameroon;;1986;2683;53,5719;10060342
CMR;Africa;Cameroon;;1987;2471;54,1875;10370753
CMR;Africa;Cameroon;;1988;2287;54,3594;10684972
CMR;Africa;Cameroon;;1989;2021;54,3892;11002749
CMR;Africa;Cameroon;;1990;1930;54,3484;11331827
CMR;Africa;Cameroon;;1991;1833,3545;54,1677;11667186
CMR;Africa;Cameroon;;1992;1754,2467;54,0527;12006362
CMR;Africa;Cameroon;;1993;1677,14;53,8723;12353131
CMR;Africa;Cameroon;;1994;1615,5973;53,5366;12704900
CMR;Africa;Cameroon;;1995;1648,6416;53,3471;13058517
CMR;Africa;Cameroon;;1996;1710,106;53,2003;13414761
CMR;Africa;Cameroon;;1997;1780,4967;53,1048;13775216
CMR;Africa;Cameroon;;1998;1847,2189;53,0433;14144857
CMR;Africa;Cameroon;;1999;1902,266;53,1663;14525145
CMR;Africa;Cameroon;;2000;1961,0879;53,3376;14912632
CMR;Africa;Cameroon;;2001;2028,5474;53,5983;15309489
CMR;Africa;Cameroon;;2002;2084,9207;53,9219;15725534
CMR;Africa;Cameroon;;2003;2143,98;54,2528;16160340
CMR;Africa;Cameroon;;2004;2198,236;54,5782;16610485
CMR;Africa;Cameroon;;2005;2222,911;54,9042;17074599
CMR;Africa;Cameroon;;2006;2269,518;55,3014;17550403
CMR;Africa;Cameroon;;2007;2315,607;55,7101;18049897
CMR;Africa;Cameroon;;2008;2352,7996;56,1164;18574052
CMR;Africa;Cameroon;;2009;2370,1306;56,4855;19113978
CMR;Africa;Cameroon;;2010;2420,1328;56,9652;19668063
CMR;Africa;Cameroon;;2011;2494;57,482;20232312
CMR;Africa;Cameroon;;2012;2536,5469;58,1696;20809530
CMR;Africa;Cameroon;;2013;2590,71;58,7305;21402379
CMR;Africa;Cameroon;;2014;2657,403;59,1301;22059894
CMR;Africa;Cameroon;;2015;2718,3054;59,6866;22763418
CMR;Africa;Cameroon;;2016;2758,029;60,2934;23454165
CMR;Africa;Cameroon;;2017;2779,5483;60,8174;24128609
CMR;Africa;Cameroon;;2018;2815,3162;61,1888;24806377
CMR;Africa;Cameroon;;2019;2832,0767;61,6952;25506095
CMR;Africa;Cameroon;;2020;2769,2869;61,6738;26210566
CMR;Africa;Cameroon;;2021;2791,79;61,1463;26915765
CMR;Africa;Cameroon;;2022;2812,2148;62,4428;27632770
CMR;Africa;Cameroon;;2023;;63,6996;28372690
CAN;North America;Canada;;1970;19207;72,6092;21440022
CAN;North America;Canada;;1971;20024;72,9489;21895694
CAN;North America;Canada;;1972;20837;72,8259;22230876
CAN;North America;Canada;;1973;22058;73,0691;22512229
CAN;North America;Canada;;1974;22643;73,1423;22824085
CAN;North America;Canada;;1975;22819;73,4485;23148981
CAN;North America;Canada;;1976;23754;73,87;23455783
CAN;North America;Canada;;1977;24265;74,1536;23730341
CAN;North America;Canada;;1978;24994;74,4822;23978742
CAN;North America;Canada;;1979;25775;74,8362;24237173
CAN;North America;Canada;;1980;25784;75,0612;24533779
CAN;North America;Canada;;1981;26256;75,4816;24844977
CAN;North America;Canada;;1982;25151;75,6923;25140164
CAN;North America;Canada;;1983;25625;76,0662;25412605
CAN;North America;Canada;;1984;26836;76,3553;25670376
CAN;North America;Canada;;1985;28025;76,3479;25927463
CAN;North America;Canada;;1986;28472;76,4911;26211036
CAN;North America;Canada;;1987;29246;76,7975;26540913
CAN;North America;Canada;;1988;30275;76,8618;26927938
CAN;North America;Canada;;1989;30458;77,1239;27366046
CAN;North America;Canada;;1990;30082;77,4333;27789437
CAN;North America;Canada;;1991;29151,697;77,5939;28157154
CAN;North America;Canada;;1992;29141,191;77,8525;28500066
CAN;North America;Canada;;1993;29657,574;77,7251;28830635
CAN;North America;Canada;;1994;30745,822;77,9007;29147383
CAN;North America;Canada;;1995;31330,72;78,0206;29459138
CAN;North America;Canada;;1996;31594,242;78,272;29767210
CAN;North America;Canada;;1997;32709,691;78,4649;30059088
CAN;North America;Canada;;1998;33785,746;78,6741;30329971
CAN;North America;Canada;;1999;35345,723;78,8851;30599458
CAN;North America;Canada;;2000;36942,562;79,233;30891800
CAN;North America;Canada;;2001;37307,207;79,4494;31213578
CAN;North America;Canada;;2002;38123,99;79,5658;31535579
CAN;North America;Canada;;2003;38559,977;79,7363;31836483
CAN;North America;Canada;;2004;39491,57;80,029;32132680
CAN;North America;Canada;;2005;40485,02;80,131;32440172
CAN;North America;Canada;;2006;41247,15;80,5398;32759174
CAN;North America;Canada;;2007;41806,863;80,5422;33092171
CAN;North America;Canada;;2008;41896,426;80,7304;33449088
CAN;North America;Canada;;2009;40312,62;81,0648;33826370
CAN;North America;Canada;;2010;41209,426;81,3363;34196900
CAN;North America;Canada;;2011;42197;81,5133;34555449
CAN;North America;Canada;;2012;42476,344;81,7037;34922513
CAN;North America;Canada;;2013;43008,83;81,7852;35293421
CAN;North America;Canada;;2014;43800,64;81,8373;35634265
CAN;North America;Canada;;2015;43761,527;81,9084;35962236
CAN;North America;Canada;;2016;43702,08;82,0301;36353345
CAN;North America;Canada;;2017;44493,652;81,9195;36808498
CAN;North America;Canada;;2018;45087,887;81,9247;37294996
CAN;North America;Canada;;2019;45284,215;82,2848;37782934
CAN;North America;Canada;;2020;42493,63;81,6536;38171903
CAN;North America;Canada;;2021;44379,594;81,976;38454058
CAN;North America;Canada;;2022;45529,645;81,2493;38821259
CAN;North America;Canada;;2023;;82,6302;39299098
CPV;Africa;Cape Verde;;1970;1385;56,5591;287895
CPV;Africa;Cape Verde;;1971;1435;57,0274;294052
CPV;Africa;Cape Verde;;1972;1457;57,4856;297388
CPV;Africa;Cape Verde;;1973;1470;57,9792;299890
CPV;Africa;Cape Verde;;1974;1497;58,4324;302578
CPV;Africa;Cape Verde;;1975;1237;58,9759;305853
CPV;Africa;Cape Verde;;1976;1251;59,3962;309462
CPV;Africa;Cape Verde;;1977;1176;59,9856;312843
CPV;Africa;Cape Verde;;1978;1275;60,3813;316163
CPV;Africa;Cape Verde;;1979;1301;60,7259;319485
CPV;Africa;Cape Verde;;1980;1352;61,0307;323310
CPV;Africa;Cape Verde;;1981;1447;61,2988;327859
CPV;Africa;Cape Verde;;1982;1470;61,5185;332729
CPV;Africa;Cape Verde;;1983;1588;61,7668;337661
CPV;Africa;Cape Verde;;1984;1626;61,8293;342511
CPV;Africa;Cape Verde;;1985;1742;62,2808;347370
CPV;Africa;Cape Verde;;1986;1766;62,5839;352321
CPV;Africa;Cape Verde;;1987;1817;62,9099;357308
CPV;Africa;Cape Verde;;1988;1898;63,2419;362339
CPV;Africa;Cape Verde;;1989;1980;63,5656;367820
CPV;Africa;Cape Verde;;1990;1965;63,8691;375437
CPV;Africa;Cape Verde;;1991;1988,3074;64,066;384603
CPV;Africa;Cape Verde;;1992;2029,5961;64,2529;393426
CPV;Africa;Cape Verde;;1993;2159,2202;64,4581;401977
CPV;Africa;Cape Verde;;1994;2291,0803;64,6485;410230
CPV;Africa;Cape Verde;;1995;2444,903;63,6911;418116
CPV;Africa;Cape Verde;;1996;2594,0996;65,5207;425592
CPV;Africa;Cape Verde;;1997;2777,465;66,0824;432803
CPV;Africa;Cape Verde;;1998;2999,6245;66,7144;439789
CPV;Africa;Cape Verde;;1999;3346,88;67,4087;446528
CPV;Africa;Cape Verde;;2000;3583,587;68,1167;453335
CPV;Africa;Cape Verde;;2001;3799,0327;68,7073;460300
CPV;Africa;Cape Verde;;2002;3998,2617;69,4471;467056
CPV;Africa;Cape Verde;;2003;4185,4893;70,0058;473384
CPV;Africa;Cape Verde;;2004;4368,0547;70,4988;479377
CPV;Africa;Cape Verde;;2005;4659,396;70,9365;485128
CPV;Africa;Cape Verde;;2006;5140,8706;71,341;490728
CPV;Africa;Cape Verde;;2007;5597,85;71,487;496196
CPV;Africa;Cape Verde;;2008;5985,107;71,8877;501362
CPV;Africa;Cape Verde;;2009;5926,5063;72,1424;506148
CPV;Africa;Cape Verde;;2010;6033,72;72,5066;509793
CPV;Africa;Cape Verde;;2011;6295;72,9131;511453
CPV;Africa;Cape Verde;;2012;6273;73,3148;511966
CPV;Africa;Cape Verde;;2013;6234;73,4812;512231
CPV;Africa;Cape Verde;;2014;6262;73,7885;512334
CPV;Africa;Cape Verde;;2015;6266;74,0963;512405
CPV;Africa;Cape Verde;;2016;6461,3506;74,3504;512556
CPV;Africa;Cape Verde;;2017;6676,986;74,7103;512899
CPV;Africa;Cape Verde;;2018;6848,757;74,8397;513418
CPV;Africa;Cape Verde;;2019;7297,2793;75,4486;514116
CPV;Africa;Cape Verde;;2020;5831,9985;73,8177;514683
CPV;Africa;Cape Verde;;2021;6173,23;74,4235;516655
CPV;Africa;Cape Verde;;2022;7202,767;75,9068;519750
CPV;Africa;Cape Verde;;2023;;76,0587;522335
CYM;North America;Cayman Islands;;1970;;64,3832;10541
CYM;North America;Cayman Islands;;1971;;64,8266;11119
CYM;North America;Cayman Islands;;1972;;65,3647;11786
CYM;North America;Cayman Islands;;1973;;65,8895;12460
CYM;North America;Cayman Islands;;1974;;66,4887;13135
CYM;North America;Cayman Islands;;1975;;67,0444;13811
CYM;North America;Cayman Islands;;1976;;67,5488;14477
CYM;North America;Cayman Islands;;1977;;68,0803;15130
CYM;North America;Cayman Islands;;1978;;68,5334;15746
CYM;North America;Cayman Islands;;1979;;69,02;16376
CYM;North America;Cayman Islands;;1980;;69,4873;17102
CYM;North America;Cayman Islands;;1981;;69,9507;17924
CYM;North America;Cayman Islands;;1982;;70,4068;18776
CYM;North America;Cayman Islands;;1983;;70,8389;19620
CYM;North America;Cayman Islands;;1984;;71,1874;20480
CYM;North America;Cayman Islands;;1985;;71,5575;21349
CYM;North America;Cayman Islands;;1986;;71,8688;22221
CYM;North America;Cayman Islands;;1987;;72,13;23095
CYM;North America;Cayman Islands;;1988;;72,3513;23969
CYM;North America;Cayman Islands;;1989;;72,5452;24901
CYM;North America;Cayman Islands;;1990;;72,7439;26023
CYM;North America;Cayman Islands;;1991;;72,9112;27316
CYM;North America;Cayman Islands;;1992;;73,0882;28642
CYM;North America;Cayman Islands;;1993;;73,2499;29999
CYM;North America;Cayman Islands;;1994;;73,42;31379
CYM;North America;Cayman Islands;;1995;;73,5972;32764
CYM;North America;Cayman Islands;;1996;;73,7403;34168
CYM;North America;Cayman Islands;;1997;;73,9038;35568
CYM;North America;Cayman Islands;;1998;;74,08;36949
CYM;North America;Cayman Islands;;1999;;74,2318;38305
CYM;North America;Cayman Islands;;2000;;74,3779;39699
CYM;North America;Cayman Islands;;2001;;74,5295;41109
CYM;North America;Cayman Islands;;2002;;74,6095;42534
CYM;North America;Cayman Islands;;2003;;74,6388;43952
CYM;North America;Cayman Islands;;2004;;74,5957;45372
CYM;North America;Cayman Islands;;2005;;74,8632;46809
CYM;North America;Cayman Islands;;2006;;75,0002;48252
CYM;North America;Cayman Islands;;2007;;75,1518;49709
CYM;North America;Cayman Islands;;2008;;75,3859;51175
CYM;North America;Cayman Islands;;2009;;75,6706;52639
CYM;North America;Cayman Islands;;2010;;76,0687;54120
CYM;North America;Cayman Islands;;2011;;76,5618;55630
CYM;North America;Cayman Islands;;2012;;77,1205;57155
CYM;North America;Cayman Islands;;2013;;77,6516;58678
CYM;North America;Cayman Islands;;2014;;77,8646;60179
CYM;North America;Cayman Islands;;2015;;78,1191;61665
CYM;North America;Cayman Islands;;2016;;78,3669;63121
CYM;North America;Cayman Islands;;2017;;78,6149;64561
CYM;North America;Cayman Islands;;2018;;78,8355;65962
CYM;North America;Cayman Islands;;2019;;79,0516;67346
CYM;North America;Cayman Islands;;2020;;79,2299;68703
CYM;North America;Cayman Islands;;2021;;79,2996;70126
CYM;North America;Cayman Islands;;2022;;79,9841;71610
CYM;North America;Cayman Islands;;2023;;80,3576;73055
CAF;Africa;Central African Republic;;1970;1508;45,1758;2097513
CAF;Africa;Central African Republic;;1971;1427;45,7641;2141455
CAF;Africa;Central African Republic;;1972;1368;46,3321;2183773
CAF;Africa;Central African Republic;;1973;1403;46,8838;2226007
CAF;Africa;Central African Republic;;1974;1333;47,4054;2269345
CAF;Africa;Central African Republic;;1975;1323;47,8924;2313925
CAF;Africa;Central African Republic;;1976;1345;48,3554;2348567
CAF;Africa;Central African Republic;;1977;1417;48,7784;2372932
CAF;Africa;Central African Republic;;1978;1398;49,1615;2397963
CAF;Africa;Central African Republic;;1979;1326;49,4997;2423800
CAF;Africa;Central African Republic;;1980;1234;49,7894;2450537
CAF;Africa;Central African Republic;;1981;1219;50,0284;2478413
CAF;Africa;Central African Republic;;1982;1208;50,2126;2507374
CAF;Africa;Central African Republic;;1983;1105;50,3422;2537407
CAF;Africa;Central African Republic;;1984;1146;50,4269;2568610
CAF;Africa;Central African Republic;;1985;1148;50,463;2600939
CAF;Africa;Central African Republic;;1986;1162;50,4446;2634262
CAF;Africa;Central African Republic;;1987;1079;50,3715;2669154
CAF;Africa;Central African Republic;;1988;1073;50,2429;2713967
CAF;Africa;Central African Republic;;1989;1070;50,0744;2783977
CAF;Africa;Central African Republic;;1990;1023;49,8543;2871915
CAF;Africa;Central African Republic;;1991;1006,9958;49,5748;2963195
CAF;Africa;Central African Republic;;1992;965,19336;49,2128;3058837
CAF;Africa;Central African Republic;;1993;933,0602;48,8994;3157842
CAF;Africa;Central African Republic;;1994;952,0174;48,5087;3257956
CAF;Africa;Central African Republic;;1995;978,55664;48,1087;3348062
CAF;Africa;Central African Republic;;1996;885,8864;47,6995;3435973
CAF;Africa;Central African Republic;;1997;917,48;47,2836;3531700
CAF;Africa;Central African Republic;;1998;936,2383;47,0892;3628833
CAF;Africa;Central African Republic;;1999;967,8432;46,9095;3729452
CAF;Africa;Central African Republic;;2000;963,94617;46,6095;3833421
CAF;Africa;Central African Republic;;2001;952,5118;46,7338;3919498
CAF;Africa;Central African Republic;;2002;928,77167;46,8395;4006079
CAF;Africa;Central African Republic;;2003;845,50555;47,3059;4103092
CAF;Africa;Central African Republic;;2004;853,182;47,6964;4192828
CAF;Africa;Central African Republic;;2005;858,5237;48,207;4288814
CAF;Africa;Central African Republic;;2006;881,48517;48,6867;4377582
CAF;Africa;Central African Republic;;2007;897,47833;49,3267;4462777
CAF;Africa;Central African Republic;;2008;901,8513;49,8728;4558989
CAF;Africa;Central African Republic;;2009;898,7005;14,6655;4529051
CAF;Africa;Central African Republic;;2010;910,31036;46,8707;4493003
CAF;Africa;Central African Republic;;2011;909;50,107;4565023
CAF;Africa;Central African Republic;;2012;916;51,3355;4610848
CAF;Africa;Central African Republic;;2013;567;49,4871;4642423
CAF;Africa;Central African Republic;;2014;561;40,2652;4623187
CAF;Africa;Central African Republic;;2015;576;51,9338;4629322
CAF;Africa;Central African Republic;;2016;592,92346;50,9988;4713663
CAF;Africa;Central African Republic;;2017;608,28564;45,2315;4793512
CAF;Africa;Central African Republic;;2018;619,18744;52,2973;4878663
CAF;Africa;Central African Republic;;2019;623,5598;31,5302;4944708
CAF;Africa;Central African Republic;;2020;613,78937;50,5959;5026629
CAF;Africa;Central African Republic;;2021;606,85913;40,2791;5112103
CAF;Africa;Central African Republic;;2022;596,393;18,8177;5098038
CAF;Africa;Central African Republic;;2023;;57,4077;5152415
TCD;Africa;Chad;;1970;880;41,3855;3727834
TCD;Africa;Chad;;1971;877;40,8688;3807326
TCD;Africa;Chad;;1972;800;41,9221;3893253
TCD;Africa;Chad;;1973;746;42,3987;3985914
TCD;Africa;Chad;;1974;829;42,6007;4078363
TCD;Africa;Chad;;1975;952;42,7364;4167237
TCD;Africa;Chad;;1976;918;42,6865;4251299
TCD;Africa;Chad;;1977;830;42,8839;4331668
TCD;Africa;Chad;;1978;808;43,0167;4411370
TCD;Africa;Chad;;1979;622;43,2392;4505384
TCD;Africa;Chad;;1980;583;43,4522;4515461
TCD;Africa;Chad;;1981;521;43,4968;4520965
TCD;Africa;Chad;;1982;524;43,9105;4738486
TCD;Africa;Chad;;1983;577;44,4456;4979137
TCD;Africa;Chad;;1984;601;44,7316;5045152
TCD;Africa;Chad;;1985;642;45,3147;5096274
TCD;Africa;Chad;;1986;662;45,598;5251074
TCD;Africa;Chad;;1987;663;43,071;5438311
TCD;Africa;Chad;;1988;692;46,3521;5625601
TCD;Africa;Chad;;1989;685;46,4337;5819588
TCD;Africa;Chad;;1990;692;45,0738;5982838
TCD;Africa;Chad;;1991;703,28375;46,5959;6205688
TCD;Africa;Chad;;1992;698,739;46,7769;6474651
TCD;Africa;Chad;;1993;680,80054;47,0023;6629147
TCD;Africa;Chad;;1994;713,8271;47,0796;6783456
TCD;Africa;Chad;;1995;700,70764;47,4533;7089063
TCD;Africa;Chad;;1996;694,10504;47,5508;7410107
TCD;Africa;Chad;;1997;719,15314;47,7622;7670371
TCD;Africa;Chad;;1998;753,8608;47,8024;7938841
TCD;Africa;Chad;;1999;733,78125;47,9336;8222710
TCD;Africa;Chad;;2000;716,04236;47,937;8512092
TCD;Africa;Chad;;2001;783,0552;48,3056;8804122
TCD;Africa;Chad;;2002;831,82916;48,3596;9116195
TCD;Africa;Chad;;2003;925,51263;48,6095;9487830
TCD;Africa;Chad;;2004;1200,2726;48,6865;9920036
TCD;Africa;Chad;;2005;1266,105;48,86;10328094
TCD;Africa;Chad;;2006;1225,5164;48,7467;10706426
TCD;Africa;Chad;;2007;1422,3408;49,2102;11081667
TCD;Africa;Chad;;2008;1422,2312;49,5034;11476299
TCD;Africa;Chad;;2009;1533,1794;49,8275;11893753
TCD;Africa;Chad;;2010;1720,3344;50,1067;12312580
TCD;Africa;Chad;;2011;1661;50,4258;12755004
TCD;Africa;Chad;;2012;1742,654;50,7651;13211006
TCD;Africa;Chad;;2013;1776,092;51,0508;13691081
TCD;Africa;Chad;;2014;1829,8347;51,1411;14188680
TCD;Africa;Chad;;2015;1802,3212;51,3196;14647626
TCD;Africa;Chad;;2016;1648,0383;51,6027;15114652
TCD;Africa;Chad;;2017;1555,7141;51,8747;15622756
TCD;Africa;Chad;;2018;1541,4716;52,4467;16156535
TCD;Africa;Chad;;2019;1543,8029;52,9927;16685223
TCD;Africa;Chad;;2020;1463,5312;53,0818;17224686
TCD;Africa;Chad;;2021;1402,6732;53,1362;17828274
TCD;Africa;Chad;;2022;1393,5635;54,5275;18455319
TCD;Africa;Chad;;2023;;55,0692;19319075
CHL;South America;Chile;;1970;8195;62,6344;9845347
CHL;South America;Chile;;1971;8773;63,0715;10009698
CHL;South America;Chile;;1972;8520;63,717;10174678
CHL;South America;Chile;;1973;7911;64,42;10340367
CHL;South America;Chile;;1974;7857;65,0853;10505817
CHL;South America;Chile;;1975;6731;66,0374;10671567
CHL;South America;Chile;;1976;6868;66,8193;10838255
CHL;South America;Chile;;1977;7438;67,5294;11005518
CHL;South America;Chile;;1978;7936;68,0421;11172698
CHL;South America;Chile;;1979;8475;68,8581;11339778
CHL;South America;Chile;;1980;9024;69,4748;11508553
CHL;South America;Chile;;1981;9427;69,8222;11678714
CHL;South America;Chile;;1982;8016;70,291;11850214
CHL;South America;Chile;;1983;7667;70,8302;12026139
CHL;South America;Chile;;1984;7992;71,2153;12207731
CHL;South America;Chile;;1985;8024;71,6153;12395277
CHL;South America;Chile;;1986;8325;72,0606;12588923
CHL;South America;Chile;;1987;8721;72,4662;12790156
CHL;South America;Chile;;1988;9199;72,7881;12999426
CHL;South America;Chile;;1989;10005;73,1876;13215015
CHL;South America;Chile;;1990;10203;73,6752;13437181
CHL;South America;Chile;;1991;10746,491;74,0824;13662482
CHL;South America;Chile;;1992;11773,301;74,3673;13884579
CHL;South America;Chile;;1993;12296,926;74,6793;14102276
CHL;South America;Chile;;1994;12692,551;74,973;14316263
CHL;South America;Chile;;1995;13715,933;75,2984;14527382
CHL;South America;Chile;;1996;14433,319;75,5548;14734049
CHL;South America;Chile;;1997;15079,831;75,8262;14932436
CHL;South America;Chile;;1998;15259,541;76,3241;15127799
CHL;South America;Chile;;1999;14846,418;76,7382;15319311
CHL;South America;Chile;;2000;15211,623;77,1276;15503638
CHL;South America;Chile;;2001;15448,009;77,5798;15683852
CHL;South America;Chile;;2002;15509,825;77,8397;15857926
CHL;South America;Chile;;2003;15809,178;77,8841;16024755
CHL;South America;Chile;;2004;16478,973;78,2765;16187324
CHL;South America;Chile;;2005;17137,486;78,4589;16348780
CHL;South America;Chile;;2006;17920,803;78,5328;16509195
CHL;South America;Chile;;2007;18487,9;78,6519;16671571
CHL;South America;Chile;;2008;18804,03;78,7518;16838987
CHL;South America;Chile;;2009;18184,48;78,8901;17009730
CHL;South America;Chile;;2010;18909,848;79,0954;17181463
CHL;South America;Chile;;2011;19705;79,2357;17351810
CHL;South America;Chile;;2012;20690,797;79,2211;17519116
CHL;South America;Chile;;2013;21171,06;79,5509;17687006
CHL;South America;Chile;;2014;21337,76;79,7137;17864192
CHL;South America;Chile;;2015;21574,018;80,0079;18047630
CHL;South America;Chile;;2016;21715,713;80,2949;18267225
CHL;South America;Chile;;2017;21709,428;80,6096;18558868
CHL;South America;Chile;;2018;22175,664;80,5594;18893185
CHL;South America;Chile;;2019;21924,408;80,3243;19197748
CHL;South America;Chile;;2020;20205,87;79,3488;19370621
CHL;South America;Chile;;2021;22324,96;78,8764;19456323
CHL;South America;Chile;;2022;22740,72;79,1762;19553033
CHL;South America;Chile;;2023;;81,1667;19658833
CHN;Asia;China;;1970;1398;56,8241;823308964
CHN;Asia;China;;1971;1446;57,7312;844069870
CHN;Asia;China;;1972;1431;58,5789;863677810
CHN;Asia;China;;1973;1513;59,4961;882576945
CHN;Asia;China;;1974;1519;60,2408;900307580
CHN;Asia;China;;1975;1594;60,952;916116796
CHN;Asia;China;;1976;1519;61,225;930372293
CHN;Asia;China;;1977;1583;62,458;943546374
CHN;Asia;China;;1978;1744;63,1016;956161482
CHN;Asia;China;;1979;1859;63,7043;969288071
CHN;Asia;China;;1980;1930;64,2433;983163540
CHN;Asia;China;;1981;1962;64,7779;997721072
CHN;Asia;China;;1982;2128;65,2494;1013588177
CHN;Asia;China;;1983;2227;65,7285;1029064952
CHN;Asia;China;;1984;2444;66,1478;1043849645
CHN;Asia;China;;1985;2619;66,5319;1059807818
CHN;Asia;China;;1986;2748;66,8873;1077233607
CHN;Asia;China;;1987;2931;67,263;1096217445
CHN;Asia;China;;1988;3045;67,6071;1115244168
CHN;Asia;China;;1989;3022;67,9303;1133991006
CHN;Asia;China;;1990;2982;68,1547;1153582725
CHN;Asia;China;;1991;3051,3152;68,6099;1170788533
CHN;Asia;China;;1992;3227,7441;69,0587;1184574236
CHN;Asia;China;;1993;3506,48;69,4924;1197308574
CHN;Asia;China;;1994;3730,164;69,8355;1209003099
CHN;Asia;China;;1995;3999,7292;70,3631;1220133929
CHN;Asia;China;;1996;4219,644;70,8225;1230944809
CHN;Asia;China;;1997;4310,828;71,2271;1241139623
CHN;Asia;China;;1998;4309,847;71,6014;1250847122
CHN;Asia;China;;1999;4466,7363;71,9519;1260176650
CHN;Asia;China;;2000;4730,3545;72,2885;1269581174
CHN;Asia;China;;2001;4995,1445;72,6755;1278725061
CHN;Asia;China;;2002;5343,1123;73,0339;1286866835
CHN;Asia;China;;2003;5649,4634;73,3853;1294517323
CHN;Asia;China;;2004;6067,5913;73,7274;1302100316
CHN;Asia;China;;2005;6626,592;74,085;1310027135
CHN;Asia;China;;2006;7271,0356;74,4037;1318054030
CHN;Asia;China;;2007;7895,713;74,7886;1325813576
CHN;Asia;China;;2008;8190,1123;74,8333;1333821011
CHN;Asia;China;;2009;8734,041;75,3174;1342522717
CHN;Asia;China;;2010;9658,419;75,6679;1351561505
CHN;Asia;China;;2011;10221;75,8891;1360250658
CHN;Asia;China;;2012;10946,834;76,2;1369520866
CHN;Asia;China;;2013;11731,295;76,4521;1379008040
CHN;Asia;China;;2014;12515,198;76,7143;1387951970
CHN;Asia;China;;2015;13325,432;76,9755;1396134171
CHN;Asia;China;;2016;14138,955;77,214;1404052628
CHN;Asia;China;;2017;15030,447;77,2353;1412354730
CHN;Asia;China;;2018;15977,008;77,709;1419008954
CHN;Asia;China;;2019;16879,54;77,9396;1423520357
CHN;Asia;China;;2020;17225,969;78,0191;1426106093
CHN;Asia;China;;2021;18666,605;78,1166;1426437269
CHN;Asia;China;;2022;19238,18;78,2021;1425179562
CHN;Asia;China;;2023;;77,9529;1422584930
COL;South America;Colombia;;1970;4932;61,4646;20811790
COL;South America;Colombia;;1971;5091;62,0051;21319099
COL;South America;Colombia;;1972;5348;62,5304;21819572
COL;South America;Colombia;;1973;5577;62,9911;22325375
COL;South America;Colombia;;1974;5767;63,4971;22833475
COL;South America;Colombia;;1975;5772;64,0117;23344650
COL;South America;Colombia;;1976;5918;64,6421;23858815
COL;South America;Colombia;;1977;6046;65,2366;24393499
COL;South America;Colombia;;1978;6443;65,8268;24950342
COL;South America;Colombia;;1979;6658;66,1616;25515627
COL;South America;Colombia;;1980;6786;66,6932;26104503
COL;South America;Colombia;;1981;6782;67,1895;26713267
COL;South America;Colombia;;1982;6698;67,8614;27338334
COL;South America;Colombia;;1983;6655;68,1211;27988176
COL;South America;Colombia;;1984;6741;68,3081;28642690
COL;South America;Colombia;;1985;6809;65,3591;29268470
COL;South America;Colombia;;1986;7071;68,3034;29879114
COL;South America;Colombia;;1987;7296;68,1659;30499471
COL;South America;Colombia;;1988;7442;68,3012;31130530
COL;South America;Colombia;;1989;7533;68,6156;31776280
COL;South America;Colombia;;1990;7693;68,7008;32440064
COL;South America;Colombia;;1991;7713,022;68,7719;33098373
COL;South America;Colombia;;1992;7888,1055;68,7643;33760571
COL;South America;Colombia;;1993;8180,8706;69,0831;34441479
COL;South America;Colombia;;1994;8447,857;69,4223;35127408
COL;South America;Colombia;;1995;8735,884;69,8096;35804670
COL;South America;Colombia;;1996;8770,583;70,2085;36462740
COL;South America;Colombia;;1997;8952,473;70,632;37121155
COL;South America;Colombia;;1998;8863,262;70,9236;37792169
COL;South America;Colombia;;1999;8382,14;70,9131;38454861
COL;South America;Colombia;;2000;8496,792;70,905;39089939
COL;South America;Colombia;;2001;8528,033;71,1853;39709263
COL;South America;Colombia;;2002;8630,542;71,5366;40324684
COL;South America;Colombia;;2003;8855,218;72,3086;40937426
COL;South America;Colombia;;2004;9211,279;72,7605;41543177
COL;South America;Colombia;;2005;9524,723;73,1557;42128978
COL;South America;Colombia;;2006;10039,684;73,4974;42691081
COL;South America;Colombia;;2007;10602,305;73,7509;43235374
COL;South America;Colombia;;2008;10846,737;74,2057;43758805
COL;South America;Colombia;;2009;10894,103;74,5306;44271543
COL;South America;Colombia;;2010;11191,687;74,8757;44777325
COL;South America;Colombia;;2011;11788;75,1803;45259614
COL;South America;Colombia;;2012;12129,81;75,6106;45715807
COL;South America;Colombia;;2013;12633,481;75,8343;46151583
COL;South America;Colombia;;2014;12981,565;75,9497;46565426
COL;South America;Colombia;;2015;13237,291;76,0665;46969938
COL;South America;Colombia;;2016;13367,445;76,2285;47437513
COL;South America;Colombia;;2017;13380,643;76,4178;48131076
COL;South America;Colombia;;2018;13485,702;76,5791;49024463
COL;South America;Colombia;;2019;13603,993;76,7927;49907987
COL;South America;Colombia;;2020;12377,135;74,7565;50629997
COL;South America;Colombia;;2021;13553,399;72,6983;51188174
COL;South America;Colombia;;2022;14468,964;76,5081;51737944
COL;South America;Colombia;;2023;;77,7246;52321152
COM;Africa;Comoros;;1970;961;45,226;244196
COM;Africa;Comoros;;1971;974;45,8488;251878
COM;Africa;Comoros;;1972;966;46,4626;260085
COM;Africa;Comoros;;1973;1006;47,0449;268827
COM;Africa;Comoros;;1974;1004;47,6091;278084
COM;Africa;Comoros;;1975;1038;46,866;287702
COM;Africa;Comoros;;1976;1009;48,6454;297547
COM;Africa;Comoros;;1977;966;49,1703;307588
COM;Africa;Comoros;;1978;964;49,7019;317695
COM;Africa;Comoros;;1979;1023;50,126;327805
COM;Africa;Comoros;;1980;1065;50,6809;337728
COM;Africa;Comoros;;1981;1081;51,2105;347393
COM;Africa;Comoros;;1982;1124;51,7497;357150
COM;Africa;Comoros;;1983;1149;52,1207;367241
COM;Africa;Comoros;;1984;1168;52,7843;377644
COM;Africa;Comoros;;1985;1162;53,2626;388357
COM;Africa;Comoros;;1986;1157;53,7556;399328
COM;Africa;Comoros;;1987;1149;54,1339;410445
COM;Africa;Comoros;;1988;1152;54,6778;421697
COM;Africa;Comoros;;1989;1108;54,9831;433110
COM;Africa;Comoros;;1990;1092;55,6196;444601
COM;Africa;Comoros;;1991;1101,0035;56,1042;455563
COM;Africa;Comoros;;1992;1185,5142;56,5762;465118
COM;Africa;Comoros;;1993;1210,6353;57,0256;473681
COM;Africa;Comoros;;1994;1136,7435;57,4582;482148
COM;Africa;Comoros;;1995;1166,9369;57,8299;490594
COM;Africa;Comoros;;1996;1141,6016;58,1506;499113
COM;Africa;Comoros;;1997;1177,5825;58,2281;507779
COM;Africa;Comoros;;1998;1179,8441;58,3008;516606
COM;Africa;Comoros;;1999;1189,2567;58,8533;525894
COM;Africa;Comoros;;2000;1204,4023;58,9407;536084
COM;Africa;Comoros;;2001;1217,4993;59,5867;547221
COM;Africa;Comoros;;2002;1229,856;59,7228;558927
COM;Africa;Comoros;;2003;1240,0514;60,2402;569808
COM;Africa;Comoros;;2004;1247,2749;60,5567;580711
COM;Africa;Comoros;;2005;1265,6866;60,8827;592679
COM;Africa;Comoros;;2006;1388,0027;61,2291;604752
COM;Africa;Comoros;;2007;1382,5391;61,4753;616935
COM;Africa;Comoros;;2008;1419,3671;61,9548;629314
COM;Africa;Comoros;;2009;1455,2823;62,3017;641949
COM;Africa;Comoros;;2010;1432,5624;62,7473;654846
COM;Africa;Comoros;;2011;1479;63,1048;668064
COM;Africa;Comoros;;2012;1509;63,4626;681637
COM;Africa;Comoros;;2013;1619;63,8388;696203
COM;Africa;Comoros;;2014;1647;64,1427;711512
COM;Africa;Comoros;;2015;1696;64,4727;726685
COM;Africa;Comoros;;2016;1705,7402;64,7916;741745
COM;Africa;Comoros;;2017;1764,7029;65,1272;756672
COM;Africa;Comoros;;2018;1801,6912;65,4009;771597
COM;Africa;Comoros;;2019;1832,4357;65,6622;786582
COM;Africa;Comoros;;2020;1869,9441;65,7559;802172
COM;Africa;Comoros;;2021;1886,0608;65,2009;818178
COM;Africa;Comoros;;2022;1900,3983;66,4806;834191
COM;Africa;Comoros;;2023;;66,7768;850390
COG;Africa;Congo;;1970;2396;53,5549;1397640
COG;Africa;Congo;;1971;2546;53,9826;1441047
COG;Africa;Congo;;1972;2582;54,3606;1486478
COG;Africa;Congo;;1973;2950;54,7436;1533685
COG;Africa;Congo;;1974;2848;55,053;1582304
COG;Africa;Congo;;1975;2745;55,4024;1627033
COG;Africa;Congo;;1976;2794;55,699;1667233
COG;Africa;Congo;;1977;2517;56,0269;1707572
COG;Africa;Congo;;1978;2595;56,2475;1748098
COG;Africa;Congo;;1979;2807;56,5242;1788523
COG;Africa;Congo;;1980;3075;56,8031;1828991
COG;Africa;Congo;;1981;3625;57,0647;1869764
COG;Africa;Congo;;1982;4355;57,236;1910429
COG;Africa;Congo;;1983;4473;57,4284;1950328
COG;Africa;Congo;;1984;4664;57,5404;1999533
COG;Africa;Congo;;1985;4484;57,6085;2059317
COG;Africa;Congo;;1986;4058;57,6328;2120604
COG;Africa;Congo;;1987;3953;57,5904;2183478
COG;Africa;Congo;;1988;3908;57,4935;2247653
COG;Africa;Congo;;1989;3865;57,2925;2313562
COG;Africa;Congo;;1990;3794;57,0703;2380562
COG;Africa;Congo;;1991;3862,5742;56,7645;2449235
COG;Africa;Congo;;1992;3940,9717;56,4826;2519467
COG;Africa;Congo;;1993;3874,1697;56,0414;2595127
COG;Africa;Congo;;1994;3635,9893;55,6414;2673147
COG;Africa;Congo;;1995;3763,5957;55,4737;2749464
COG;Africa;Congo;;1996;3988,8772;55,2403;2826786
COG;Africa;Congo;;1997;3899,7627;48,5746;2887862
COG;Africa;Congo;;1998;4042,7783;52,5509;2952062
COG;Africa;Congo;;1999;3925,6865;54,4272;3032876
COG;Africa;Congo;;2000;4159,2227;55,3706;3151349
COG;Africa;Congo;;2001;4256,6553;55,8849;3272542
COG;Africa;Congo;;2002;4458,6343;56,414;3350770
COG;Africa;Congo;;2003;4467,904;57,1313;3445758
COG;Africa;Congo;;2004;4560,5127;57,9574;3565565
COG;Africa;Congo;;2005;4820,7075;58,7302;3696399
COG;Africa;Congo;;2006;5016,0576;59,474;3837411
COG;Africa;Congo;;2007;4844,97;60,0502;3980430
COG;Africa;Congo;;2008;5081,1313;60,7903;4113514
COG;Africa;Congo;;2009;5379,0044;61,2148;4281218
COG;Africa;Congo;;2010;5738,163;61,7311;4462304
COG;Africa;Congo;;2011;5875;62,2862;4609728
COG;Africa;Congo;;2012;6300,0493;62,6616;4740457
COG;Africa;Congo;;2013;6140,1865;62,9689;4857104
COG;Africa;Congo;;2014;6428,496;63,3491;4975887
COG;Africa;Congo;;2015;6079,4575;63,6622;5097583
COG;Africa;Congo;;2016;5315,17;63,9108;5222545
COG;Africa;Congo;;2017;4977,3423;64,2028;5351013
COG;Africa;Congo;;2018;4637,726;64,472;5483128
COG;Africa;Congo;;2019;4583,337;63,1523;5616656
COG;Africa;Congo;;2020;4203,1104;64,3907;5752792
COG;Africa;Congo;;2021;4168,0244;64,1918;5892187
COG;Africa;Congo;;2022;4187,507;65,0003;6035104
COG;Africa;Congo;;2023;;65,772;6182890
COK;Oceania;Cook Islands;;1970;;63,5739;20512
COK;Oceania;Cook Islands;;1971;;64,6207;20889
COK;Oceania;Cook Islands;;1972;;65,5562;20795
COK;Oceania;Cook Islands;;1973;;65,8918;20211
COK;Oceania;Cook Islands;;1974;;65,9261;19583
COK;Oceania;Cook Islands;;1975;;65,7785;18920
COK;Oceania;Cook Islands;;1976;;65,5459;18270
COK;Oceania;Cook Islands;;1977;;65,3488;17933
COK;Oceania;Cook Islands;;1978;;65,4439;17872
COK;Oceania;Cook Islands;;1979;;65,6843;17799
COK;Oceania;Cook Islands;;1980;;65,8828;17719
COK;Oceania;Cook Islands;;1981;;66,0536;17623
COK;Oceania;Cook Islands;;1982;;66,1464;17498
COK;Oceania;Cook Islands;;1983;;66,3201;17304
COK;Oceania;Cook Islands;;1984;;66,5165;17085
COK;Oceania;Cook Islands;;1985;;66,7509;16853
COK;Oceania;Cook Islands;;1986;;67,0043;16626
COK;Oceania;Cook Islands;;1987;;66,4578;16601
COK;Oceania;Cook Islands;;1988;;67,3625;16771
COK;Oceania;Cook Islands;;1989;;67,5095;16958
COK;Oceania;Cook Islands;;1990;;66,4915;17146
COK;Oceania;Cook Islands;;1991;;67,7135;17329
COK;Oceania;Cook Islands;;1992;;67,8393;17495
COK;Oceania;Cook Islands;;1993;;67,9969;17615
COK;Oceania;Cook Islands;;1994;;68,2004;17710
COK;Oceania;Cook Islands;;1995;;68,4562;17801
COK;Oceania;Cook Islands;;1996;;68,7393;17880
COK;Oceania;Cook Islands;;1997;;66,3964;17648
COK;Oceania;Cook Islands;;1998;;69,3244;17102
COK;Oceania;Cook Islands;;1999;;69,585;16508
COK;Oceania;Cook Islands;;2000;;69,8493;15876
COK;Oceania;Cook Islands;;2001;;70,0852;15259
COK;Oceania;Cook Islands;;2002;;70,3447;14994
COK;Oceania;Cook Islands;;2003;;70,5785;15049
COK;Oceania;Cook Islands;;2004;;70,874;15103
COK;Oceania;Cook Islands;;2005;;71,1716;15153
COK;Oceania;Cook Islands;;2006;;71,4493;15233
COK;Oceania;Cook Islands;;2007;;71,7777;15519
COK;Oceania;Cook Islands;;2008;;72,12;16003
COK;Oceania;Cook Islands;;2009;;72,439;16497
COK;Oceania;Cook Islands;;2010;;72,7522;17000
COK;Oceania;Cook Islands;;2011;;73,0452;17480
COK;Oceania;Cook Islands;;2012;;73,3241;17690
COK;Oceania;Cook Islands;;2013;;73,6124;17629
COK;Oceania;Cook Islands;;2014;;73,8314;17556
COK;Oceania;Cook Islands;;2015;;74,0178;17471
COK;Oceania;Cook Islands;;2016;;74,1646;17360
COK;Oceania;Cook Islands;;2017;;74,3162;17066
COK;Oceania;Cook Islands;;2018;;74,4407;16623
COK;Oceania;Cook Islands;;2019;;74,5561;16151
COK;Oceania;Cook Islands;;2020;;74,5139;15664
COK;Oceania;Cook Islands;;2021;;74,5833;15205
COK;Oceania;Cook Islands;;2022;;75,0787;14747
COK;Oceania;Cook Islands;;2023;;75,2818;14244
CRI;North America;Costa Rica;;1970;5984;66,7871;1838946
CRI;North America;Costa Rica;;1971;6199;67,4131;1888548
CRI;North America;Costa Rica;;1972;6564;68,014;1938261
CRI;North America;Costa Rica;;1973;6884;68,7309;1988348
CRI;North America;Costa Rica;;1974;7061;69,4456;2039649
CRI;North America;Costa Rica;;1975;7007;70,2527;2092716
CRI;North America;Costa Rica;;1976;7182;70,9456;2147772
CRI;North America;Costa Rica;;1977;7602;71,5194;2205035
CRI;North America;Costa Rica;;1978;7763;72,0286;2264516
CRI;North America;Costa Rica;;1979;7905;72,5373;2326490
CRI;North America;Costa Rica;;1980;7828;73,0337;2390641
CRI;North America;Costa Rica;;1981;7461;73,441;2456643
CRI;North America;Costa Rica;;1982;6751;73,8646;2524811
CRI;North America;Costa Rica;;1983;6743;74,2454;2595155
CRI;North America;Costa Rica;;1984;7065;74,5809;2667597
CRI;North America;Costa Rica;;1985;6918;74,7648;2741903
CRI;North America;Costa Rica;;1986;7087;74,9488;2817219
CRI;North America;Costa Rica;;1987;7221;75,2236;2892698
CRI;North America;Costa Rica;;1988;7270;75,5459;2968102
CRI;North America;Costa Rica;;1989;7489;75,8502;3043826
CRI;North America;Costa Rica;;1990;7567;76,0936;3121707
CRI;North America;Costa Rica;;1991;7552,3623;76,2375;3202182
CRI;North America;Costa Rica;;1992;8038,7676;76,3849;3284261
CRI;North America;Costa Rica;;1993;8363,483;76,3153;3367436
CRI;North America;Costa Rica;;1994;8479,568;76,3287;3451122
CRI;North America;Costa Rica;;1995;8576,423;76,44;3535179
CRI;North America;Costa Rica;;1996;8446,781;76,4276;3619012
CRI;North America;Costa Rica;;1997;8683,948;76,6035;3701713
CRI;North America;Costa Rica;;1998;9053,852;76,8686;3782840
CRI;North America;Costa Rica;;1999;9183,8955;77,0581;3862103
CRI;North America;Costa Rica;;2000;9319,767;77,3175;3937737
CRI;North America;Costa Rica;;2001;9451,615;77,609;4008951
CRI;North America;Costa Rica;;2002;9591,554;77,9394;4075710
CRI;North America;Costa Rica;;2003;9831,25;78,2142;4138791
CRI;North America;Costa Rica;;2004;10086,783;78,5116;4200079
CRI;North America;Costa Rica;;2005;10308,374;78,8766;4261240
CRI;North America;Costa Rica;;2006;10880,477;79,049;4321337
CRI;North America;Costa Rica;;2007;11584,677;79,0981;4380250
CRI;North America;Costa Rica;;2008;11935,158;79,1802;4440058
CRI;North America;Costa Rica;;2009;11638,002;79,3718;4499788
CRI;North America;Costa Rica;;2010;12031,571;79,354;4555965
CRI;North America;Costa Rica;;2011;12366;79,624;4609834
CRI;North America;Costa Rica;;2012;12800,048;79,925;4663930
CRI;North America;Costa Rica;;2013;12952,746;80,1892;4716153
CRI;North America;Costa Rica;;2014;13241,992;80,2313;4767126
CRI;North America;Costa Rica;;2015;13557,923;80,4069;4818045
CRI;North America;Costa Rica;;2016;13959,342;79,9879;4867003
CRI;North America;Costa Rica;;2017;14372,68;79,9944;4913177
CRI;North America;Costa Rica;;2018;14583,144;80,0896;4957813
CRI;North America;Costa Rica;;2019;14775,292;80,2963;4999549
CRI;North America;Costa Rica;;2020;13996,39;79,7252;5034323
CRI;North America;Costa Rica;;2021;14931,956;78,0501;5059991
CRI;North America;Costa Rica;;2022;15496,82;79,3164;5081764
CRI;North America;Costa Rica;;2023;;80,7995;5105526
CIV;Africa;Cote d'Ivoire;;1970;2882;44,0446;5411573
CIV;Africa;Cote d'Ivoire;;1971;2874;44,7834;5650875
CIV;Africa;Cote d'Ivoire;;1972;2887;45,5745;5909721
CIV;Africa;Cote d'Ivoire;;1973;2974;46,3723;6184949
CIV;Africa;Cote d'Ivoire;;1974;2931;47,2068;6474062
CIV;Africa;Cote d'Ivoire;;1975;2812;48,0298;6776303
CIV;Africa;Cote d'Ivoire;;1976;3017;48,8626;7057963
CIV;Africa;Cote d'Ivoire;;1977;3033;49,6241;7321955
CIV;Africa;Cote d'Ivoire;;1978;3202;50,3607;7603134
CIV;Africa;Cote d'Ivoire;;1979;3139;50,9835;7902266
CIV;Africa;Cote d'Ivoire;;1980;3253;51,4373;8220717
CIV;Africa;Cote d'Ivoire;;1981;3242;51,7906;8556600
CIV;Africa;Cote d'Ivoire;;1982;3131;52,0903;8907942
CIV;Africa;Cote d'Ivoire;;1983;2901;52,3516;9272742
CIV;Africa;Cote d'Ivoire;;1984;2703;52,6478;9650523
CIV;Africa;Cote d'Ivoire;;1985;2735;52,8613;10040486
CIV;Africa;Cote d'Ivoire;;1986;2718;53,0093;10440924
CIV;Africa;Cote d'Ivoire;;1987;2579;53,1184;10851481
CIV;Africa;Cote d'Ivoire;;1988;2444;53,0616;11275194
CIV;Africa;Cote d'Ivoire;;1989;2343;52,9552;11719774
CIV;Africa;Cote d'Ivoire;;1990;2083;52,7959;12189780
CIV;Africa;Cote d'Ivoire;;1991;2036,2988;52,6211;12683875
CIV;Africa;Cote d'Ivoire;;1992;2011,5693;52,4291;13200313
CIV;Africa;Cote d'Ivoire;;1993;1983,2335;52,2468;13735955
CIV;Africa;Cote d'Ivoire;;1994;1951,5408;52,0052;14287211
CIV;Africa;Cote d'Ivoire;;1995;2035,1682;51,7133;14855566
CIV;Africa;Cote d'Ivoire;;1996;2179,0356;51,5961;15442322
CIV;Africa;Cote d'Ivoire;;1997;2288,8086;51,4983;16047178
CIV;Africa;Cote d'Ivoire;;1998;2393,499;51,22;16663948
CIV;Africa;Cote d'Ivoire;;1999;2417,4575;51,2728;17215937
CIV;Africa;Cote d'Ivoire;;2000;2352,8564;51,3927;17699007
CIV;Africa;Cote d'Ivoire;;2001;2342,8276;51,4284;18178920
CIV;Africa;Cote d'Ivoire;;2002;2298,4565;51,5441;18654772
CIV;Africa;Cote d'Ivoire;;2003;2263,0925;51,4432;19125546
CIV;Africa;Cote d'Ivoire;;2004;2280,788;51,9392;19594997
CIV;Africa;Cote d'Ivoire;;2005;2312,8425;52,4324;20068468
CIV;Africa;Cote d'Ivoire;;2006;2343,927;52,8853;20546808
CIV;Africa;Cote d'Ivoire;;2007;2380,1155;53,4517;21030558
CIV;Africa;Cote d'Ivoire;;2008;2435,2705;54,1794;21514446
CIV;Africa;Cote d'Ivoire;;2009;2508,822;54,7441;21997936
CIV;Africa;Cote d'Ivoire;;2010;2555,0164;55,282;22488068
CIV;Africa;Cote d'Ivoire;;2011;2444;55,9724;22982003
CIV;Africa;Cote d'Ivoire;;2012;2648,7744;56,5698;23467083
CIV;Africa;Cote d'Ivoire;;2013;2821,8762;57,0571;23939775
CIV;Africa;Cote d'Ivoire;;2014;2995,1501;57,7719;24527393
CIV;Africa;Cote d'Ivoire;;2015;3182,1077;58,2807;25246347
CIV;Africa;Cote d'Ivoire;;2016;3328,9795;58,8136;25989404
CIV;Africa;Cote d'Ivoire;;2017;3450,22;59,3151;26733376
CIV;Africa;Cote d'Ivoire;;2018;3497,8928;59,7946;27464175
CIV;Africa;Cote d'Ivoire;;2019;3703,0876;60,2741;28193014
CIV;Africa;Cote d'Ivoire;;2020;3682,1353;60,1397;28915452
CIV;Africa;Cote d'Ivoire;;2021;3853,1626;60,2897;29639737
CIV;Africa;Cote d'Ivoire;;2022;4011,7122;61,5622;30395004
CIV;Africa;Cote d'Ivoire;;2023;;61,9438;31165653
HRV;Europe;Croatia;;1970;8751;69,1747;4462673
HRV;Europe;Croatia;;1971;9414;69,446;4480165
HRV;Europe;Croatia;;1972;9631;69,7534;4497888
HRV;Europe;Croatia;;1973;9969;70,106;4515760
HRV;Europe;Croatia;;1974;10786;70,6122;4533946
HRV;Europe;Croatia;;1975;11053;71,0405;4552725
HRV;Europe;Croatia;;1976;11469;71,3659;4571754
HRV;Europe;Croatia;;1977;12385;71,3716;4590620
HRV;Europe;Croatia;;1978;13265;71,265;4609021
HRV;Europe;Croatia;;1979;13994;71,0947;4626955
HRV;Europe;Croatia;;1980;14193;70,969;4643900
HRV;Europe;Croatia;;1981;14182;70,8764;4664258
HRV;Europe;Croatia;;1982;14123;70,6625;4689152
HRV;Europe;Croatia;;1983;13841;70,7456;4712882
HRV;Europe;Croatia;;1984;14104;70,9782;4734489
HRV;Europe;Croatia;;1985;14067;71,5285;4754549
HRV;Europe;Croatia;;1986;14416;71,7882;4773054
HRV;Europe;Croatia;;1987;14362;71,9377;4790208
HRV;Europe;Croatia;;1988;14207;72,1502;4806029
HRV;Europe;Croatia;;1989;13959;72,4968;4820729
HRV;Europe;Croatia;;1990;12948;72,2429;4835067
HRV;Europe;Croatia;;1991;10296,19;70,5745;4825159
HRV;Europe;Croatia;;1992;9331,893;71,7206;4782235
HRV;Europe;Croatia;;1993;8739,54;72,3053;4729734
HRV;Europe;Croatia;;1994;9352,584;72,6142;4675517
HRV;Europe;Croatia;;1995;10180,252;72,5612;4619362
HRV;Europe;Croatia;;1996;11030,079;72,9752;4562290
HRV;Europe;Croatia;;1997;11997,593;72,9898;4504627
HRV;Europe;Croatia;;1998;12476,047;73,1929;4445669
HRV;Europe;Croatia;;1999;12579,877;73,6092;4385823
HRV;Europe;Croatia;;2000;13244,541;74,0014;4326105
HRV;Europe;Croatia;;2001;13817,681;74,3547;4301079
HRV;Europe;Croatia;;2002;14683,838;74,6461;4305783
HRV;Europe;Croatia;;2003;15740,499;74,7093;4306683
HRV;Europe;Croatia;;2004;16628,574;75,2665;4310050
HRV;Europe;Croatia;;2005;17581,357;75,5705;4313946
HRV;Europe;Croatia;;2006;18707,49;75,6767;4315802
HRV;Europe;Croatia;;2007;19984,037;75,886;4315959
HRV;Europe;Croatia;;2008;20717,316;76,0009;4314635
HRV;Europe;Croatia;;2009;19501,588;76,3127;4310537
HRV;Europe;Croatia;;2010;19511,35;76,6761;4301150
HRV;Europe;Croatia;;2011;19813;76,9926;4280827
HRV;Europe;Croatia;;2012;19413,893;77,2841;4259233
HRV;Europe;Croatia;;2013;19402,938;77,51;4242403
HRV;Europe;Croatia;;2014;19403,594;77,5144;4219485
HRV;Europe;Croatia;;2015;20025,754;77,6329;4183732
HRV;Europe;Croatia;;2016;20915,227;77,6294;4136438
HRV;Europe;Croatia;;2017;21852,021;77,7264;4079198
HRV;Europe;Croatia;;2018;22678,035;77,8654;4024868
HRV;Europe;Croatia;;2019;23590,277;78,197;3986338
HRV;Europe;Croatia;;2020;21672,479;77,4972;3953956
HRV;Europe;Croatia;;2021;25059,947;77,1412;3924607
HRV;Europe;Croatia;;2022;26986,752;78,2779;3907031
HRV;Europe;Croatia;;2023;;78,5803;3896023
CUB;North America;Cuba;;1970;2976;67,9354;8824389
CUB;North America;Cuba;;1971;3161;68,4318;8979089
CUB;North America;Cuba;;1972;3253;68,9491;9123895
CUB;North America;Cuba;;1973;3486;69,3475;9255332
CUB;North America;Cuba;;1974;3609;69,8674;9374184
CUB;North America;Cuba;;1975;3733;70,3749;9479729
CUB;North America;Cuba;;1976;3786;70,8779;9571240
CUB;North America;Cuba;;1977;3913;71,4113;9648443
CUB;North America;Cuba;;1978;4114;71,8899;9711985
CUB;North America;Cuba;;1979;4183;72,272;9763358
CUB;North America;Cuba;;1980;4106;72,6027;9804798
CUB;North America;Cuba;;1981;4420;72,9963;9849325
CUB;North America;Cuba;;1982;4487;73,4393;9912681
CUB;North America;Cuba;;1983;4705;73,564;9991027
CUB;North America;Cuba;;1984;5051;73,5515;10073306
CUB;North America;Cuba;;1985;5120;73,4641;10157229
CUB;North America;Cuba;;1986;5075;73,5578;10244250
CUB;North America;Cuba;;1987;4887;73,5956;10335337
CUB;North America;Cuba;;1988;4994;73,7243;10432590
CUB;North America;Cuba;;1989;4991;73,6899;10533249
CUB;North America;Cuba;;1990;4713;73,8228;10631796
CUB;North America;Cuba;;1991;3982,2656;73,7566;10717640
CUB;North America;Cuba;;1992;3399,9648;73,8464;10785807
CUB;North America;Cuba;;1993;2657,466;73,8735;10841040
CUB;North America;Cuba;;1994;2683,0984;74,0922;10886022
CUB;North America;Cuba;;1995;2860,7573;74,3461;10925362
CUB;North America;Cuba;;1996;3249,6353;74,6904;10962009
CUB;North America;Cuba;;1997;3425,5618;75,0636;10997933
CUB;North America;Cuba;;1998;3415,5452;75,4123;11034716
CUB;North America;Cuba;;1999;3623,5955;75,7191;11072230
CUB;North America;Cuba;;2000;4009,3398;75,9224;11109112
CUB;North America;Cuba;;2001;4231,3237;76,4287;11144134
CUB;North America;Cuba;;2002;4369,0405;76,7655;11177422
CUB;North America;Cuba;;2003;4506,676;77,4048;11209379
CUB;North America;Cuba;;2004;4561,0166;77,3261;11238756
CUB;North America;Cuba;;2005;4713,7065;77,5401;11262553
CUB;North America;Cuba;;2006;5416,141;77,4055;11278550
CUB;North America;Cuba;;2007;5635,6885;77,5503;11287274
CUB;North America;Cuba;;2008;6004,894;77,5891;11291764
CUB;North America;Cuba;;2009;6248,304;77,5835;11294719
CUB;North America;Cuba;;2010;6578,1904;77,8757;11297414
CUB;North America;Cuba;;2011;6928;78,0506;11301578
CUB;North America;Cuba;;2012;7138;78,1618;11303172
CUB;North America;Cuba;;2013;7379;78,0279;11298163
CUB;North America;Cuba;;2014;7628;77,8245;11285780
CUB;North America;Cuba;;2015;7889;77,7453;11275069
CUB;North America;Cuba;;2016;7928,05;77,5706;11265615
CUB;North America;Cuba;;2017;8075,465;77,3003;11247824
CUB;North America;Cuba;;2018;8262,988;77,4259;11227116
CUB;North America;Cuba;;2019;8257,785;77,4133;11202847
CUB;North America;Cuba;;2020;7364,1055;77,4075;11176349
CUB;North America;Cuba;;2021;7485,821;73,2006;11122169
CUB;North America;Cuba;;2022;7648,704;77,6291;11059822
CUB;North America;Cuba;;2023;;78,0855;11019932
CUW;North America;Curacao;;1970;;68,2303;150885
CUW;North America;Curacao;;1971;;68,5055;152199
CUW;North America;Curacao;;1972;;68,8111;153294
CUW;North America;Curacao;;1973;;69,0924;154096
CUW;North America;Curacao;;1974;;69,3938;154689
CUW;North America;Curacao;;1975;;69,6718;155208
CUW;North America;Curacao;;1976;;69,9507;155635
CUW;North America;Curacao;;1977;;70,2023;155980
CUW;North America;Curacao;;1978;;70,4453;156265
CUW;North America;Curacao;;1979;;70,716;156492
CUW;North America;Curacao;;1980;;70,9511;156665
CUW;North America;Curacao;;1981;;71,1746;156805
CUW;North America;Curacao;;1982;;71,3775;156850
CUW;North America;Curacao;;1983;;71,5343;156837
CUW;North America;Curacao;;1984;;71,7147;156797
CUW;North America;Curacao;;1985;;71,8674;156713
CUW;North America;Curacao;;1986;;71,9957;156598
CUW;North America;Curacao;;1987;;72,1389;156456
CUW;North America;Curacao;;1988;;72,2303;156259
CUW;North America;Curacao;;1989;;72,1513;156031
CUW;North America;Curacao;;1990;;72,4386;155750
CUW;North America;Curacao;;1991;;72,5356;155455
CUW;North America;Curacao;;1992;;72,65;155101
CUW;North America;Curacao;;1993;;72,7027;154504
CUW;North America;Curacao;;1994;;72,7911;153677
CUW;North America;Curacao;;1995;;72,8305;152705
CUW;North America;Curacao;;1996;;72,9449;151582
CUW;North America;Curacao;;1997;;73,0349;150316
CUW;North America;Curacao;;1998;;73,0839;148874
CUW;North America;Curacao;;1999;;73,174;147276
CUW;North America;Curacao;;2000;;73,2829;145540
CUW;North America;Curacao;;2001;;73,3602;144758
CUW;North America;Curacao;;2002;;73,4722;145911
CUW;North America;Curacao;;2003;;73,6031;147923
CUW;North America;Curacao;;2004;;73,7354;149805
CUW;North America;Curacao;;2005;;73,8731;151324
CUW;North America;Curacao;;2006;;73,9777;152516
CUW;North America;Curacao;;2007;;74,1368;153672
CUW;North America;Curacao;;2008;;74,3137;154784
CUW;North America;Curacao;;2009;;74,4853;155832
CUW;North America;Curacao;;2010;;75,1167;156881
CUW;North America;Curacao;;2011;;75,5757;158572
CUW;North America;Curacao;;2012;;75,9604;160904
CUW;North America;Curacao;;2013;;76,2386;163122
CUW;North America;Curacao;;2014;;76,3837;165041
CUW;North America;Curacao;;2015;;76,4823;166621
CUW;North America;Curacao;;2016;;76,3222;167787
CUW;North America;Curacao;;2017;;76,4226;168525
CUW;North America;Curacao;;2018;;76,4929;181590
CUW;North America;Curacao;;2019;;76,4917;189555
CUW;North America;Curacao;;2020;;76,5011;185029
CUW;North America;Curacao;;2021;;75,6857;185324
CUW;North America;Curacao;;2022;;76,7287;185350
CUW;North America;Curacao;;2023;;76,7996;185437
CYP;Europe;Cyprus;;1970;6590;68,0502;647443
CYP;Europe;Cyprus;;1971;7382;68,3512;654058
CYP;Europe;Cyprus;;1972;7809;68,6287;661067
CYP;Europe;Cyprus;;1973;7913;69,0052;665946
CYP;Europe;Cyprus;;1974;6503;54,5513;663265
CYP;Europe;Cyprus;;1975;5528;70,3363;659408
CYP;Europe;Cyprus;;1976;6652;70,805;662045
CYP;Europe;Cyprus;;1977;7704;71,2577;667104
CYP;Europe;Cyprus;;1978;8257;71,741;672259
CYP;Europe;Cyprus;;1979;9011;72,1792;677552
CYP;Europe;Cyprus;;1980;9451;72,8436;683082
CYP;Europe;Cyprus;;1981;9631;73,053;688895
CYP;Europe;Cyprus;;1982;10131;73,5183;696503
CYP;Europe;Cyprus;;1983;10544;73,7076;707224
CYP;Europe;Cyprus;;1984;11330;74;719345
CYP;Europe;Cyprus;;1985;11725;74,6401;731290
CYP;Europe;Cyprus;;1986;12121;74,9298;743116
CYP;Europe;Cyprus;;1987;12792;75,2645;754796
CYP;Europe;Cyprus;;1988;13748;75,3903;766238
CYP;Europe;Cyprus;;1989;14712;75,8415;777429
CYP;Europe;Cyprus;;1990;15560;76,0442;788355
CYP;Europe;Cyprus;;1991;15417,124;76,2464;798950
CYP;Europe;Cyprus;;1992;16570,396;76,2908;810344
CYP;Europe;Cyprus;;1993;16439,24;76,2943;826042
CYP;Europe;Cyprus;;1994;17210,986;76,3831;844669
CYP;Europe;Cyprus;;1995;18751,486;76,5828;862698
CYP;Europe;Cyprus;;1996;18875,29;76,8797;880295
CYP;Europe;Cyprus;;1997;19264,787;77,1187;897574
CYP;Europe;Cyprus;;1998;20212,738;77,1641;914552
CYP;Europe;Cyprus;;1999;21147,525;77,5715;931235
CYP;Europe;Cyprus;;2000;22326,799;77,9;947667
CYP;Europe;Cyprus;;2001;23095,736;78,1848;964129
CYP;Europe;Cyprus;;2002;23828,072;78,7582;981443
CYP;Europe;Cyprus;;2003;24347,076;78,9081;999600
CYP;Europe;Cyprus;;2004;25355,24;79,0067;1017875
CYP;Europe;Cyprus;;2005;26164,209;79,1975;1036156
CYP;Europe;Cyprus;;2006;27142,018;79,4561;1054424
CYP;Europe;Cyprus;;2007;28109,996;79,7982;1072727
CYP;Europe;Cyprus;;2008;28736,975;79,9063;1091029
CYP;Europe;Cyprus;;2009;27735,033;80,3749;1109377
CYP;Europe;Cyprus;;2010;27630,104;80,6325;1127826
CYP;Europe;Cyprus;;2011;27272;80,8546;1146493
CYP;Europe;Cyprus;;2012;25933,494;81,1284;1165403
CYP;Europe;Cyprus;;2013;24281,812;81,3165;1183899
CYP;Europe;Cyprus;;2014;24114,586;81,3373;1201806
CYP;Europe;Cyprus;;2015;25081,504;81,4637;1219504
CYP;Europe;Cyprus;;2016;26607,555;81,5341;1237114
CYP;Europe;Cyprus;;2017;27872,812;81,5431;1254274
CYP;Europe;Cyprus;;2018;29089,975;81,5558;1270743
CYP;Europe;Cyprus;;2019;30284,795;81,4543;1286669
CYP;Europe;Cyprus;;2020;28634,457;81,2302;1302250
CYP;Europe;Cyprus;;2021;30252,326;80,5735;1317311
CYP;Europe;Cyprus;;2022;31523,498;80,4337;1331376
CYP;Europe;Cyprus;;2023;;81,648;1344981
CZE;Europe;Czechia;;1970;8748;69,4882;9801253
CZE;Europe;Czechia;;1971;9177;69,7361;9822783
CZE;Europe;Czechia;;1972;9626;70,2302;9858071
CZE;Europe;Czechia;;1973;10026;70,0883;9906214
CZE;Europe;Czechia;;1974;10444;70,174;9965950
CZE;Europe;Czechia;;1975;10954;70,485;10030787
CZE;Europe;Czechia;;1976;11317;70,6014;10092941
CZE;Europe;Czechia;;1977;11634;70,6413;10149369
CZE;Europe;Czechia;;1978;12055;70,7115;10200753
CZE;Europe;Czechia;;1979;12164;70,8228;10246154
CZE;Europe;Czechia;;1980;12336;70,3404;10275404
CZE;Europe;Czechia;;1981;12306;70,7717;10289518
CZE;Europe;Czechia;;1982;12109;70,8766;10299006
CZE;Europe;Czechia;;1983;12301;70,6398;10302947
CZE;Europe;Czechia;;1984;12573;70,8965;10303816
CZE;Europe;Czechia;;1985;12855;71,1021;10305141
CZE;Europe;Czechia;;1986;13211;71,053;10304374
CZE;Europe;Czechia;;1987;13514;71,51;10303422
CZE;Europe;Czechia;;1988;13791;71,714;10305448
CZE;Europe;Czechia;;1989;14027;71,7544;10305609
CZE;Europe;Czechia;;1990;14178;71,4086;10301989
CZE;Europe;Czechia;;1991;12724,541;71,9699;10304420
CZE;Europe;Czechia;;1992;12810,432;72,3298;10312449
CZE;Europe;Czechia;;1993;12974,197;72,8528;10320404
CZE;Europe;Czechia;;1994;13517,582;73,0817;10322332
CZE;Europe;Czechia;;1995;14550,1045;73,1772;10312041
CZE;Europe;Czechia;;1996;15386,32;73,8344;10296140
CZE;Europe;Czechia;;1997;15494,317;73,946;10280049
CZE;Europe;Czechia;;1998;15657,426;74,5527;10265430
CZE;Europe;Czechia;;1999;16102,508;74,7414;10251385
CZE;Europe;Czechia;;2000;17056,16;74,9781;10236809
CZE;Europe;Czechia;;2001;17868,568;75,3141;10231942
CZE;Europe;Czechia;;2002;18431,027;75,4424;10239474
CZE;Europe;Czechia;;2003;19344,09;75,3959;10248907
CZE;Europe;Czechia;;2004;20555,035;75,9416;10261453
CZE;Europe;Czechia;;2005;22128,58;76,1561;10280155
CZE;Europe;Czechia;;2006;23888,164;76,708;10304592
CZE;Europe;Czechia;;2007;25382,807;76,9189;10337539
CZE;Europe;Czechia;;2008;26186,045;77,1722;10378298
CZE;Europe;Czechia;;2009;25093,863;77,2578;10420985
CZE;Europe;Czechia;;2010;25922,395;77,5677;10464035
CZE;Europe;Czechia;;2011;26725;77,8144;10495508
CZE;Europe;Czechia;;2012;26483,38;77,9977;10507339
CZE;Europe;Czechia;;2013;26467,629;78,169;10511164
CZE;Europe;Czechia;;2014;27030,19;78,7439;10517223
CZE;Europe;Czechia;;2015;28437,604;78,5609;10524418
CZE;Europe;Czechia;;2016;29097,504;78,9744;10531946
CZE;Europe;Czechia;;2017;30531,383;78,926;10541343
CZE;Europe;Czechia;;2018;31405,09;78,9612;10548934
CZE;Europe;Czechia;;2019;32226,553;79,1853;10554872
CZE;Europe;Czechia;;2020;30365,37;78,237;10550129
CZE;Europe;Czechia;;2021;31452,557;77,2342;10530683
CZE;Europe;Czechia;;2022;32247,395;79,1648;10673216
CZE;Europe;Czechia;;2023;;79,8341;10809722
COD;Africa;Democratic Republic of Congo;;1970;1224;43,3005;20137442
COD;Africa;Democratic Republic of Congo;;1971;1267;43,578;20695568
COD;Africa;Democratic Republic of Congo;;1972;1235;43,869;21251166
COD;Africa;Democratic Republic of Congo;;1973;1305;44,0905;21827663
COD;Africa;Democratic Republic of Congo;;1974;1312;44,3111;22418883
COD;Africa;Democratic Republic of Congo;;1975;1213;44,5299;23021102
COD;Africa;Democratic Republic of Congo;;1976;1111;44,695;23624035
COD;Africa;Democratic Republic of Congo;;1977;1086;44,8656;24229060
COD;Africa;Democratic Republic of Congo;;1978;993;44,6277;24992694
COD;Africa;Democratic Republic of Congo;;1979;961;45,2779;25886782
COD;Africa;Democratic Republic of Congo;;1980;953;45,5429;26711098
COD;Africa;Democratic Republic of Congo;;1981;950;45,7262;27500518
COD;Africa;Democratic Republic of Congo;;1982;920;45,946;28338193
COD;Africa;Democratic Republic of Congo;;1983;909;46,2067;29250969
COD;Africa;Democratic Republic of Congo;;1984;932;46,5143;30245088
COD;Africa;Democratic Republic of Congo;;1985;909;46,6634;31264819
COD;Africa;Democratic Republic of Congo;;1986;923;47,0156;32265200
COD;Africa;Democratic Republic of Congo;;1987;918;47,3623;33298910
COD;Africa;Democratic Republic of Congo;;1988;894;47,755;34382756
COD;Africa;Democratic Republic of Congo;;1989;861;48,1494;35486863
COD;Africa;Democratic Republic of Congo;;1990;813;48,5381;36684065
COD;Africa;Democratic Republic of Congo;;1991;737,9345;48,9442;37925828
COD;Africa;Democratic Republic of Congo;;1992;656,69165;49,3232;39228908
COD;Africa;Democratic Republic of Congo;;1993;563,71094;49,6213;40656338
COD;Africa;Democratic Republic of Congo;;1994;525,38873;49,8795;42626873
COD;Africa;Democratic Republic of Congo;;1995;531,9909;50,381;44433718
COD;Africa;Democratic Republic of Congo;;1996;523,86804;49,3762;45296125
COD;Africa;Democratic Republic of Congo;;1997;489,64215;50,4609;46029907
COD;Africa;Democratic Republic of Congo;;1998;472,92395;49,6637;47297595
COD;Africa;Democratic Republic of Congo;;1999;452,00443;50,0888;48912972
COD;Africa;Democratic Republic of Congo;;2000;414,04694;51,8871;50507445
COD;Africa;Democratic Republic of Congo;;2001;403,6019;52,2054;52132646
COD;Africa;Democratic Republic of Congo;;2002;413,82523;52,3712;53750529
COD;Africa;Democratic Republic of Congo;;2003;436,02847;52,9519;55343873
COD;Africa;Democratic Republic of Congo;;2004;463,99698;53,5341;56997740
COD;Africa;Democratic Republic of Congo;;2005;490,6905;54,0014;58775726
COD;Africa;Democratic Republic of Congo;;2006;515,25836;54,4977;60615909
COD;Africa;Democratic Republic of Congo;;2007;546,0368;54,9543;62477753
COD;Africa;Democratic Republic of Congo;;2008;578,8487;55,3884;64390658
COD;Africa;Democratic Republic of Congo;;2009;595,01605;55,7981;66412038
COD;Africa;Democratic Republic of Congo;;2010;637,1298;56,4111;68563038
COD;Africa;Democratic Republic of Congo;;2011;681;56,9106;70849311
COD;Africa;Democratic Republic of Congo;;2012;714,7897;57,3502;73254623
COD;Africa;Democratic Republic of Congo;;2013;756,906;57,7953;75789397
COD;Africa;Democratic Republic of Congo;;2014;784,5593;58,2355;78403248
COD;Africa;Democratic Republic of Congo;;2015;806,7695;58,6576;81035532
COD;Africa;Democratic Republic of Congo;;2016;783,0341;59,0814;83956416
COD;Africa;Democratic Republic of Congo;;2017;785,1293;59,4952;87083400
COD;Africa;Democratic Republic of Congo;;2018;796,89246;59,9265;90047647
COD;Africa;Democratic Republic of Congo;;2019;806,479;60,2425;92947450
COD;Africa;Democratic Republic of Congo;;2020;794,2714;60,4283;95990000
COD;Africa;Democratic Republic of Congo;;2021;817,43225;60,0444;99148930
COD;Africa;Democratic Republic of Congo;;2022;844,172;60,9789;102396974
COD;Africa;Democratic Republic of Congo;;2023;;61,895;105789733
DNK;Europe;Denmark;;1970;20221;73,364;4928674
DNK;Europe;Denmark;;1971;20617;73,4274;4963064
DNK;Europe;Denmark;;1972;21579;73,4675;4991569
DNK;Europe;Denmark;;1973;22228;73,6944;5021765
DNK;Europe;Denmark;;1974;21919;73,8216;5045639
DNK;Europe;Denmark;;1975;21712;74,1002;5060403
DNK;Europe;Denmark;;1976;23059;73,7697;5072803
DNK;Europe;Denmark;;1977;23360;74,6592;5088571
DNK;Europe;Denmark;;1978;23632;74,4263;5104341
DNK;Europe;Denmark;;1979;24409;74,2409;5116862
DNK;Europe;Denmark;;1980;24272;74,1295;5123079
DNK;Europe;Denmark;;1981;24063;74,2506;5121628
DNK;Europe;Denmark;;1982;24807;74,5967;5117897
DNK;Europe;Denmark;;1983;25450;74,4556;5114468
DNK;Europe;Denmark;;1984;26581;74,6164;5111831
DNK;Europe;Denmark;;1985;27710;74,4801;5113878
DNK;Europe;Denmark;;1986;28681;74,6392;5120691
DNK;Europe;Denmark;;1987;28728;74,7445;5127134
DNK;Europe;Denmark;;1988;29049;74,8395;5129650
DNK;Europe;Denmark;;1989;29108;74,8597;5132717
DNK;Europe;Denmark;;1990;29412;74,8655;5141024
DNK;Europe;Denmark;;1991;29915,447;75,2271;5154346
DNK;Europe;Denmark;;1992;30573,574;75,2686;5171372
DNK;Europe;Denmark;;1993;30649,537;75,1891;5188638
DNK;Europe;Denmark;;1994;32359,297;75,4408;5206188
DNK;Europe;Denmark;;1995;33356,14;75,287;5233364
DNK;Europe;Denmark;;1996;34325,44;75,6636;5263071
DNK;Europe;Denmark;;1997;35499,062;76,0409;5285041
DNK;Europe;Denmark;;1998;36361,23;76,4357;5304263
DNK;Europe;Denmark;;1999;37523,426;76,5777;5321814
DNK;Europe;Denmark;;2000;39021,176;76,8152;5339659
DNK;Europe;Denmark;;2001;39425,863;76,9736;5358825
DNK;Europe;Denmark;;2002;39709,37;77,0989;5375967
DNK;Europe;Denmark;;2003;39983,145;77,4012;5390621
DNK;Europe;Denmark;;2004;41178,562;77,7853;5404594
DNK;Europe;Denmark;;2005;42264,63;78,2259;5419550
DNK;Europe;Denmark;;2006;44025,484;78,2234;5437425
DNK;Europe;Denmark;;2007;44481,47;78,3494;5461604
DNK;Europe;Denmark;;2008;44246,4;78,7144;5493762
DNK;Europe;Denmark;;2009;42090,17;78,9574;5523169
DNK;Europe;Denmark;;2010;42932,4;79,2473;5547865
DNK;Europe;Denmark;;2011;43575;79,786;5570848
DNK;Europe;Denmark;;2012;43509,613;80,0822;5591911
DNK;Europe;Denmark;;2013;43743,61;80,3063;5615333
DNK;Europe;Denmark;;2014;44215,633;80,6319;5643795
DNK;Europe;Denmark;;2015;44940,887;80,7394;5683698
DNK;Europe;Denmark;;2016;46018,984;80,8814;5728196
DNK;Europe;Denmark;;2017;47022,01;81,1116;5765164
DNK;Europe;Denmark;;2018;47717,457;80,9909;5793824
DNK;Europe;Denmark;;2019;48238,656;81,4343;5814618
DNK;Europe;Denmark;;2020;47171,086;81,5458;5831529
DNK;Europe;Denmark;;2021;49258,75;81,4363;5856774
DNK;Europe;Denmark;;2022;50689,68;81,2906;5902901
DNK;Europe;Denmark;;2023;;81,9328;5948134
DJI;Africa;Djibouti;;1970;4774;47,5361;145188
DJI;Africa;Djibouti;;1971;4846;47,2593;155152
DJI;Africa;Djibouti;;1972;4787;48,5318;166268
DJI;Africa;Djibouti;;1973;4801;49,0967;178460
DJI;Africa;Djibouti;;1974;4414;49,5203;192622
DJI;Africa;Djibouti;;1975;4691;49,9228;209922
DJI;Africa;Djibouti;;1976;4878;50,3352;230747
DJI;Africa;Djibouti;;1977;4036;50,7555;254629
DJI;Africa;Djibouti;;1978;3419;51,1715;280042
DJI;Africa;Djibouti;;1979;3308;51,5968;304525
DJI;Africa;Djibouti;;1980;3167;52,0462;325822
DJI;Africa;Djibouti;;1981;3091;52,3553;343056
DJI;Africa;Djibouti;;1982;3043;52,8928;356887
DJI;Africa;Djibouti;;1983;2963;53,3338;369558
DJI;Africa;Djibouti;;1984;2944;53,7454;384072
DJI;Africa;Djibouti;;1985;2880;54,0746;402691
DJI;Africa;Djibouti;;1986;2743;54,4937;426345
DJI;Africa;Djibouti;;1987;2670;54,832;454409
DJI;Africa;Djibouti;;1988;2652;55,1326;484531
DJI;Africa;Djibouti;;1989;2436;55,3686;523362
DJI;Africa;Djibouti;;1990;2308;55,4689;579544
DJI;Africa;Djibouti;;1991;2013,3427;55,1935;631096
DJI;Africa;Djibouti;;1992;2141,634;54,3753;626016
DJI;Africa;Djibouti;;1993;2290,7847;55,734;614247
DJI;Africa;Djibouti;;1994;2175,3618;55,5916;626717
DJI;Africa;Djibouti;;1995;2262,4287;56,234;633075
DJI;Africa;Djibouti;;1996;2081,9954;56,3297;648354
DJI;Africa;Djibouti;;1997;2080,5134;56,207;671826
DJI;Africa;Djibouti;;1998;1974,5657;56,4263;699355
DJI;Africa;Djibouti;;1999;1930,5078;56,5638;724228
DJI;Africa;Djibouti;;2000;1880,9988;56,7341;747326
DJI;Africa;Djibouti;;2001;1845,6991;57,5059;771311
DJI;Africa;Djibouti;;2002;1824,4551;57,8239;795576
DJI;Africa;Djibouti;;2003;1945,6655;58,0406;813528
DJI;Africa;Djibouti;;2004;2097,1233;58,1033;826133
DJI;Africa;Djibouti;;2005;2126,8052;58,5483;839174
DJI;Africa;Djibouti;;2006;2342,2192;58,9617;855767
DJI;Africa;Djibouti;;2007;2396,018;59,3617;874530
DJI;Africa;Djibouti;;2008;2463,4448;59,815;892739
DJI;Africa;Djibouti;;2009;2521,5046;60,3511;911524
DJI;Africa;Djibouti;;2010;2543,8733;60,7431;930252
DJI;Africa;Djibouti;;2011;2590;61,3373;948565
DJI;Africa;Djibouti;;2012;2654;61,7188;966754
DJI;Africa;Djibouti;;2013;2724;62,1162;984833
DJI;Africa;Djibouti;;2014;2823;62,4274;1002720
DJI;Africa;Djibouti;;2015;2941;62,8326;1020316
DJI;Africa;Djibouti;;2016;3084,5425;63,335;1037660
DJI;Africa;Djibouti;;2017;3197,9792;63,71;1054844
DJI;Africa;Djibouti;;2018;3308,117;64,1051;1071886
DJI;Africa;Djibouti;;2019;3436,9502;64,3809;1088710
DJI;Africa;Djibouti;;2020;3426,696;64,2001;1105193
DJI;Africa;Djibouti;;2021;3541,5713;63,8301;1121251
DJI;Africa;Djibouti;;2022;3623,0603;65,5402;1137101
DJI;Africa;Djibouti;;2023;;65,9865;1152951
DMA;North America;Dominica;;1970;1492;66,2084;68927
DMA;North America;Dominica;;1971;1578;66,7626;69548
DMA;North America;Dominica;;1972;1674;67,468;70072
DMA;North America;Dominica;;1973;1793;68,0971;70603
DMA;North America;Dominica;;1974;1894;68,5847;71106
DMA;North America;Dominica;;1975;1940;69,0595;71589
DMA;North America;Dominica;;1976;2066;69,4108;72036
DMA;North America;Dominica;;1977;2117;69,7153;72424
DMA;North America;Dominica;;1978;2365;70,1146;72741
DMA;North America;Dominica;;1979;1932;69,1948;72978
DMA;North America;Dominica;;1980;2219;71,0125;73102
DMA;North America;Dominica;;1981;2499;71,4595;73004
DMA;North America;Dominica;;1982;2592;71,7485;72704
DMA;North America;Dominica;;1983;2644;72,0047;72385
DMA;North America;Dominica;;1984;2802;71,9135;72075
DMA;North America;Dominica;;1985;2872;71,9177;71768
DMA;North America;Dominica;;1986;3107;71,6705;71426
DMA;North America;Dominica;;1987;3370;71,3682;71044
DMA;North America;Dominica;;1988;3687;70,9743;70628
DMA;North America;Dominica;;1989;3714;70,6629;70171
DMA;North America;Dominica;;1990;3939;70,4712;69644
DMA;North America;Dominica;;1991;4083,9958;70,3977;69321
DMA;North America;Dominica;;1992;4271,69;70,4726;69344
DMA;North America;Dominica;;1993;4339,817;70,6121;69453
DMA;North America;Dominica;;1994;4459,365;70,7766;69493
DMA;North America;Dominica;;1995;4606,734;70,8316;69490
DMA;North America;Dominica;;1996;4894,842;71,0394;69422
DMA;North America;Dominica;;1997;5170,808;71,1955;69315
DMA;North America;Dominica;;1998;5462,6973;71,3524;69144
DMA;North America;Dominica;;1999;5584,024;71,5274;68883
DMA;North America;Dominica;;2000;5696,955;71,7154;68527
DMA;North America;Dominica;;2001;5799,8164;71,8624;68299
DMA;North America;Dominica;;2002;5771,375;71,9275;68385
DMA;North America;Dominica;;2003;6321,9556;71,9423;68552
DMA;North America;Dominica;;2004;6602,7;71,9865;68664
DMA;North America;Dominica;;2005;6697,5347;72,0161;68750
DMA;North America;Dominica;;2006;7133,7812;72,0071;68823
DMA;North America;Dominica;;2007;7698,7734;71,9008;68862
DMA;North America;Dominica;;2008;8454,0625;71,9446;68866
DMA;North America;Dominica;;2009;8511,858;71,8353;68879
DMA;North America;Dominica;;2010;8768,478;71,6797;68872
DMA;North America;Dominica;;2011;8944;71,5167;69073
DMA;North America;Dominica;;2012;8823;71,3909;69138
DMA;North America;Dominica;;2013;9145;71,2283;69733
DMA;North America;Dominica;;2014;9507;71,1892;70387
DMA;North America;Dominica;;2015;9319;69,9683;70429
DMA;North America;Dominica;;2016;9567,251;71,1889;69627
DMA;North America;Dominica;;2017;8877,882;68,6199;68514
DMA;North America;Dominica;;2018;9153,232;71,3779;68195
DMA;North America;Dominica;;2019;9575,093;71,3052;67901
DMA;North America;Dominica;;2020;7974,3066;71,2693;67588
DMA;North America;Dominica;;2021;8419,473;69,8318;67222
DMA;North America;Dominica;;2022;8879,6455;71,0806;66847
DMA;North America;Dominica;;2023;;71,1325;66531
DOM;North America;Dominican Republic;;1970;2488;58,4931;4399294
DOM;North America;Dominican Republic;;1971;2678;59,0897;4524238
DOM;North America;Dominican Republic;;1972;2928;59,6615;4651892
DOM;North America;Dominican Republic;;1973;3196;60,2284;4782235
DOM;North America;Dominican Republic;;1974;3295;60,757;4914198
DOM;North America;Dominican Republic;;1975;3365;61,2538;5046783
DOM;North America;Dominican Republic;;1976;3504;61,7394;5180404
DOM;North America;Dominican Republic;;1977;3586;62,1995;5315446
DOM;North America;Dominican Republic;;1978;3583;62,6236;5451891
DOM;North America;Dominican Republic;;1979;3649;62,4251;5589694
DOM;North America;Dominican Republic;;1980;3781;63,3913;5729043
DOM;North America;Dominican Republic;;1981;3846;63,7757;5868459
DOM;North America;Dominican Republic;;1982;3826;64,1978;6007115
DOM;North America;Dominican Republic;;1983;3905;64,63;6147244
DOM;North America;Dominican Republic;;1984;3830;65,1339;6289048
DOM;North America;Dominican Republic;;1985;3653;65,6139;6430404
DOM;North America;Dominican Republic;;1986;3682;66,0594;6571213
DOM;North America;Dominican Republic;;1987;3877;66,4897;6712519
DOM;North America;Dominican Republic;;1988;3821;66,9144;6855737
DOM;North America;Dominican Republic;;1989;4219;67,3312;7002300
DOM;North America;Dominican Republic;;1990;3939;67,7459;7151165
DOM;North America;Dominican Republic;;1991;3969,5686;68,1543;7299849
DOM;North America;Dominican Republic;;1992;4185,406;68,5251;7447476
DOM;North America;Dominican Republic;;1993;4490,016;68,8601;7594567
DOM;North America;Dominican Republic;;1994;4597,151;69,1597;7741694
DOM;North America;Dominican Republic;;1995;4851,629;69,3937;7888120
DOM;North America;Dominican Republic;;1996;5198,5664;69,5951;8032895
DOM;North America;Dominican Republic;;1997;5616,89;69,8089;8174081
DOM;North America;Dominican Republic;;1998;6012,6924;69,8754;8310369
DOM;North America;Dominican Republic;;1999;6419,7812;70,1781;8446207
DOM;North America;Dominican Republic;;2000;6788,084;70,3647;8584196
DOM;North America;Dominican Republic;;2001;6917,0303;70,5531;8720287
DOM;North America;Dominican Republic;;2002;7327,3657;70,7193;8852231
DOM;North America;Dominican Republic;;2003;7324,6973;70,8562;8980626
DOM;North America;Dominican Republic;;2004;7441,4478;70,7303;9104889
DOM;North America;Dominican Republic;;2005;8156,431;71,0435;9225035
DOM;North America;Dominican Republic;;2006;9059,885;71,0542;9341187
DOM;North America;Dominican Republic;;2007;9866,458;71,0973;9455663
DOM;North America;Dominican Republic;;2008;10225,529;71,3307;9573135
DOM;North America;Dominican Republic;;2009;10365,675;71,5866;9695270
DOM;North America;Dominican Republic;;2010;11276,461;72,0393;9820180
DOM;North America;Dominican Republic;;2011;11679;72,4958;9945623
DOM;North America;Dominican Republic;;2012;11854,366;72,8165;10070409
DOM;North America;Dominican Republic;;2013;12290,143;73,0383;10193838
DOM;North America;Dominican Republic;;2014;13011,521;73,1449;10315523
DOM;North America;Dominican Republic;;2015;13765,119;72,9821;10434826
DOM;North America;Dominican Republic;;2016;14530,1;72,8894;10551430
DOM;North America;Dominican Republic;;2017;15053,832;73,3702;10666846
DOM;North America;Dominican Republic;;2018;15944,744;73,5553;10782048
DOM;North America;Dominican Republic;;2019;16587,236;73,1119;10894043
DOM;North America;Dominican Republic;;2020;15325,654;72,6358;11008298
DOM;North America;Dominican Republic;;2021;17046,646;71,7575;11123480
DOM;North America;Dominican Republic;;2022;17713,52;74,2108;11230734
DOM;North America;Dominican Republic;;2023;;73,7201;11331269
TLS;Asia;East Timor;;1970;;37,3617;553079
TLS;Asia;East Timor;;1971;;37,9094;562974
TLS;Asia;East Timor;;1972;;38,443;572975
TLS;Asia;East Timor;;1973;;38,9664;582862
TLS;Asia;East Timor;;1974;;36,4539;590831
TLS;Asia;East Timor;;1975;;24,3142;598168
TLS;Asia;East Timor;;1976;;25,8634;607632
TLS;Asia;East Timor;;1977;;24,875;618319
TLS;Asia;East Timor;;1978;;22,9333;628780
TLS;Asia;East Timor;;1979;;24,1718;638725
TLS;Asia;East Timor;;1980;;30,1957;649877
TLS;Asia;East Timor;;1981;;31,2475;660503
TLS;Asia;East Timor;;1982;;32,2467;669156
TLS;Asia;East Timor;;1983;;32,6944;677704
TLS;Asia;East Timor;;1984;;34,4685;686786
TLS;Asia;East Timor;;1985;;34,3419;696671
TLS;Asia;East Timor;;1986;;34,7636;707191
TLS;Asia;East Timor;;1987;;35,9743;718487
TLS;Asia;East Timor;;1988;;36,0471;730753
TLS;Asia;East Timor;;1989;;44,7954;744860
TLS;Asia;East Timor;;1990;;45,1849;760348
TLS;Asia;East Timor;;1991;;45,0763;778286
TLS;Asia;East Timor;;1992;;46,1901;799323
TLS;Asia;East Timor;;1993;;47,0075;821445
TLS;Asia;East Timor;;1994;;47,8608;844501
TLS;Asia;East Timor;;1995;;47,5429;868152
TLS;Asia;East Timor;;1996;;48,2602;892289
TLS;Asia;East Timor;;1997;;48,9681;917189
TLS;Asia;East Timor;;1998;;48,5826;942537
TLS;Asia;East Timor;;1999;;45,2456;834699
TLS;Asia;East Timor;;2000;;58,0969;745095
TLS;Asia;East Timor;;2001;;58,7722;812253
TLS;Asia;East Timor;;2002;;59,4766;879170
TLS;Asia;East Timor;;2003;;60,1304;916876
TLS;Asia;East Timor;;2004;;60,7428;929081
TLS;Asia;East Timor;;2005;;61,2717;948310
TLS;Asia;East Timor;;2006;;61,8807;976610
TLS;Asia;East Timor;;2007;;62,3957;1004898
TLS;Asia;East Timor;;2008;;62,8575;1032431
TLS;Asia;East Timor;;2009;;63,2652;1058783
TLS;Asia;East Timor;;2010;;63,6599;1084688
TLS;Asia;East Timor;;2011;;64,0223;1110212
TLS;Asia;East Timor;;2012;;64,3844;1134891
TLS;Asia;East Timor;;2013;;64,7189;1158697
TLS;Asia;East Timor;;2014;;65,0268;1181913
TLS;Asia;East Timor;;2015;;65,3262;1205133
TLS;Asia;East Timor;;2016;;65,6099;1228314
TLS;Asia;East Timor;;2017;;65,8982;1251711
TLS;Asia;East Timor;;2018;;66,2039;1275962
TLS;Asia;East Timor;;2019;;66,4964;1300946
TLS;Asia;East Timor;;2020;;66,9191;1326051
TLS;Asia;East Timor;;2021;;66,1993;1350142
TLS;Asia;East Timor;;2022;;67,3684;1369299
TLS;Asia;East Timor;;2023;;67,6894;1384292
ECU;South America;Ecuador;;1970;4535;58,8496;6155392
ECU;South America;Ecuador;;1971;4658;59,3426;6340056
ECU;South America;Ecuador;;1972;4801;59,8165;6529040
ECU;South America;Ecuador;;1973;5244;60,3061;6722036
ECU;South America;Ecuador;;1974;5392;60,7;6918571
ECU;South America;Ecuador;;1975;5514;61,0849;7118258
ECU;South America;Ecuador;;1976;5877;61,4251;7320913
ECU;South America;Ecuador;;1977;6073;61,9347;7526826
ECU;South America;Ecuador;;1978;6314;62,3972;7736176
ECU;South America;Ecuador;;1979;6472;62,8541;7948871
ECU;South America;Ecuador;;1980;6582;63,3261;8165882
ECU;South America;Ecuador;;1981;6664;63,8092;8386913
ECU;South America;Ecuador;;1982;6558;64,2712;8611296
ECU;South America;Ecuador;;1983;6252;64,6593;8840424
ECU;South America;Ecuador;;1984;6336;65,2016;9074783
ECU;South America;Ecuador;;1985;6433;65,6253;9311152
ECU;South America;Ecuador;;1986;6452;66,1225;9545999
ECU;South America;Ecuador;;1987;5893;66,5868;9779290
ECU;South America;Ecuador;;1988;6357;67,0383;10010804
ECU;South America;Ecuador;;1989;6207;67,8172;10241859
ECU;South America;Ecuador;;1990;6221;68,445;10473674
ECU;South America;Ecuador;;1991;6513,337;69,0402;10702377
ECU;South America;Ecuador;;1992;6715,474;69,4678;10930128
ECU;South America;Ecuador;;1993;6770,1787;70,0695;11154283
ECU;South America;Ecuador;;1994;6940,0903;70,8759;11372197
ECU;South America;Ecuador;;1995;6985,1553;71,3485;11590519
ECU;South America;Ecuador;;1996;6993,644;71,8201;11810954
ECU;South America;Ecuador;;1997;7181,101;72,007;12031129
ECU;South America;Ecuador;;1998;7307,1694;71,9493;12251188
ECU;South America;Ecuador;;1999;6884,7925;71,9198;12470800
ECU;South America;Ecuador;;2000;6908,243;72,0896;12689215
ECU;South America;Ecuador;;2001;7131,194;72,5709;12910736
ECU;South America;Ecuador;;2002;7359,707;73,1643;13138473
ECU;South America;Ecuador;;2003;7468,5034;73,632;13372304
ECU;South America;Ecuador;;2004;7958,921;73,8676;13608700
ECU;South America;Ecuador;;2005;8256,777;73,9092;13846162
ECU;South America;Ecuador;;2006;8521,56;74,0104;14086138
ECU;South America;Ecuador;;2007;8633,584;74,2259;14328783
ECU;South America;Ecuador;;2008;9103,872;74,7085;14575201
ECU;South America;Ecuador;;2009;9081,37;74,9011;14825960
ECU;South America;Ecuador;;2010;9327,213;75,1876;15076697
ECU;South America;Ecuador;;2011;9985;75,1794;15326232
ECU;South America;Ecuador;;2012;10398,948;75,4857;15572195
ECU;South America;Ecuador;;2013;10761,351;75,8322;15807132
ECU;South America;Ecuador;;2014;11016,161;76,1409;16035127
ECU;South America;Ecuador;;2015;10878,766;76,2219;16266229
ECU;South America;Ecuador;;2016;10603,806;76,0942;16505142
ECU;South America;Ecuador;;2017;10715,15;76,2197;16759515
ECU;South America;Ecuador;;2018;10716,904;77,2484;17049542
ECU;South America;Ecuador;;2019;10586,937;77,2862;17340017
ECU;South America;Ecuador;;2020;9646,065;72,0036;17546058
ECU;South America;Ecuador;;2021;9937,696;72,7465;17682454
ECU;South America;Ecuador;;2022;10124,076;76,5767;17823900
ECU;South America;Ecuador;;2023;;77,3924;17980079
EGY;Africa;Egypt;;1970;1999;49,0001;34623990
EGY;Africa;Egypt;;1971;2045;49,4805;35433370
EGY;Africa;Egypt;;1972;2047;49,9084;36258327
EGY;Africa;Egypt;;1973;2063;50,0977;37102044
EGY;Africa;Egypt;;1974;2099;51,044;37969667
EGY;Africa;Egypt;;1975;2265;51,7342;38875326
EGY;Africa;Egypt;;1976;2560;52,4844;39795558
EGY;Africa;Egypt;;1977;2817;53,2719;40748878
EGY;Africa;Egypt;;1978;2939;54,0748;41761437
EGY;Africa;Egypt;;1979;3076;54,8755;42818635
EGY;Africa;Egypt;;1980;3298;55,6726;43950413
EGY;Africa;Egypt;;1981;3309;56,4544;45147226
EGY;Africa;Egypt;;1982;3543;57,219;46407612
EGY;Africa;Egypt;;1983;3701;57,9667;47786401
EGY;Africa;Egypt;;1984;3810;58,697;49247336
EGY;Africa;Egypt;;1985;3939;59,4051;50734974
EGY;Africa;Egypt;;1986;3921;60,0849;52206296
EGY;Africa;Egypt;;1987;3929;60,7358;53674436
EGY;Africa;Egypt;;1988;4001;61,3581;55187680
EGY;Africa;Egypt;;1989;4030;61,9485;56710641
EGY;Africa;Egypt;;1990;4022;62,5132;58396625
EGY;Africa;Egypt;;1991;4180,133;63,0594;60029001
EGY;Africa;Egypt;;1992;4338,9536;63,5852;61480663
EGY;Africa;Egypt;;1993;4542,6323;64,1471;62915681
EGY;Africa;Egypt;;1994;4746,5884;64,6632;64285596
EGY;Africa;Egypt;;1995;5001,067;65,2143;65652621
EGY;Africa;Egypt;;1996;5293,1006;65,7334;67028045
EGY;Africa;Egypt;;1997;5594,597;66,2066;68431738
EGY;Africa;Egypt;;1998;5884,802;66,6355;69943297
EGY;Africa;Egypt;;1999;6211,0156;67,0104;71520953
EGY;Africa;Egypt;;2000;6593,5317;67,3323;73083287
EGY;Africa;Egypt;;2001;6914,937;67,6118;74652035
EGY;Africa;Egypt;;2002;7142,6865;67,8456;76239140
EGY;Africa;Egypt;;2003;7365,8027;68,0451;77853548
EGY;Africa;Egypt;;2004;7661,86;68,211;79477441
EGY;Africa;Egypt;;2005;8021,8833;68,3552;81101012
EGY;Africa;Egypt;;2006;8509,614;68,4929;82700404
EGY;Africa;Egypt;;2007;9130,598;68,6266;84276224
EGY;Africa;Egypt;;2008;9698,017;68,7613;85864791
EGY;Africa;Egypt;;2009;10159,002;68,915;87501635
EGY;Africa;Egypt;;2010;10719,291;69,0782;89196073
EGY;Africa;Egypt;;2011;10737;69,2322;91093066
EGY;Africa;Egypt;;2012;10774,53;69,4643;93161000
EGY;Africa;Egypt;;2013;10871,145;69,6317;95333551
EGY;Africa;Egypt;;2014;11135,728;69,9112;97528655
EGY;Africa;Egypt;;2015;11312,848;70,1346;99597334
EGY;Africa;Egypt;;2016;11458,447;70,4367;101644583
EGY;Africa;Egypt;;2017;11545,594;70,7086;103696055
EGY;Africa;Egypt;;2018;11895,312;70,9741;105682092
EGY;Africa;Egypt;;2019;12300,201;71,2128;107553159
EGY;Africa;Egypt;;2020;12234,504;69,7897;109315118
EGY;Africa;Egypt;;2021;12868,262;68,9759;110957005
EGY;Africa;Egypt;;2022;13205,406;71,0097;112618252
EGY;Africa;Egypt;;2023;;71,6335;114535772
SLV;North America;El Salvador;;1970;3488;51,3643;3668799
SLV;North America;El Salvador;;1971;3553;51,6651;3757531
SLV;North America;El Salvador;;1972;3668;51,9564;3846835
SLV;North America;El Salvador;;1973;3767;52,7817;3938073
SLV;North America;El Salvador;;1974;3912;52,8912;4029675
SLV;North America;El Salvador;;1975;4030;53,4217;4120451
SLV;North America;El Salvador;;1976;4084;54,375;4210312
SLV;North America;El Salvador;;1977;4221;54,0472;4301259
SLV;North America;El Salvador;;1978;4375;54,7087;4394126
SLV;North America;El Salvador;;1979;4194;53,8047;4480389
SLV;North America;El Salvador;;1980;3781;48,5892;4540377
SLV;North America;El Salvador;;1981;3507;50,8887;4570602
SLV;North America;El Salvador;;1982;3339;53,3423;4622478
SLV;North America;El Salvador;;1983;3330;54,3735;4707368
SLV;North America;El Salvador;;1984;3357;56,5713;4798003
SLV;North America;El Salvador;;1985;3366;58,0306;4894703
SLV;North America;El Salvador;;1986;3327;59,3292;4992772
SLV;North America;El Salvador;;1987;3351;59,4024;5092443
SLV;North America;El Salvador;;1988;3344;59,9769;5195828
SLV;North America;El Salvador;;1989;3322;61,2536;5298977
SLV;North America;El Salvador;;1990;3378;61,981;5399728
SLV;North America;El Salvador;;1991;3493,5762;62,5423;5495081
SLV;North America;El Salvador;;1992;3750,5173;62,9439;5585611
SLV;North America;El Salvador;;1993;4052,9578;63,9976;5659959
SLV;North America;El Salvador;;1994;4316,398;64,47;5714138
SLV;North America;El Salvador;;1995;4592,2837;64,9031;5762135
SLV;North America;El Salvador;;1996;4671,339;65,4804;5805286
SLV;North America;El Salvador;;1997;4882,68;66,2484;5844578
SLV;North America;El Salvador;;1998;5077,892;66,6548;5880786
SLV;North America;El Salvador;;1999;5263,8867;67,2851;5913908
SLV;North America;El Salvador;;2000;5403,715;67,7114;5943363
SLV;North America;El Salvador;;2001;5550,187;67,9645;5968058
SLV;North America;El Salvador;;2002;5751,0605;68,5264;5986629
SLV;North America;El Salvador;;2003;5957,201;68,7918;5998597
SLV;North America;El Salvador;;2004;6145,98;69,2948;6004673
SLV;North America;El Salvador;;2005;6441,4956;69,3356;6005583
SLV;North America;El Salvador;;2006;6782,2314;69,6123;6002321
SLV;North America;El Salvador;;2007;7139,182;69,8195;6009820
SLV;North America;El Salvador;;2008;7312,656;70,1378;6029302
SLV;North America;El Salvador;;2009;7166,159;70,3586;6048284
SLV;North America;El Salvador;;2010;7351,1147;70,9088;6068253
SLV;North America;El Salvador;;2011;7607;71,1918;6090128
SLV;North America;El Salvador;;2012;7726;71,4201;6113977
SLV;North America;El Salvador;;2013;7845;71,2251;6138845
SLV;North America;El Salvador;;2014;7935;71,1442;6162952
SLV;North America;El Salvador;;2015;8109;70,9524;6183675
SLV;North America;El Salvador;;2016;8289,273;70,9081;6200808
SLV;North America;El Salvador;;2017;8454,2;71,0074;6213538
SLV;North America;El Salvador;;2018;8644,79;71,3836;6219803
SLV;North America;El Salvador;;2019;8849,834;71,7253;6222316
SLV;North America;El Salvador;;2020;8137,9746;70,2436;6234679
SLV;North America;El Salvador;;2021;9017,392;69,9414;6255780
SLV;North America;El Salvador;;2022;9218,905;71,9695;6280316
SLV;North America;El Salvador;;2023;;72,0993;6309629
GNQ;Africa;Equatorial Guinea;;1970;1934;31,0861;320815
GNQ;Africa;Equatorial Guinea;;1971;1989;37,2292;315946
GNQ;Africa;Equatorial Guinea;;1972;2007;44,4405;309474
GNQ;Africa;Equatorial Guinea;;1973;2204;44,6577;302293
GNQ;Africa;Equatorial Guinea;;1974;2466;41,4861;294957
GNQ;Africa;Equatorial Guinea;;1975;3080;37,32;287912
GNQ;Africa;Equatorial Guinea;;1976;3453;30,5369;281042
GNQ;Africa;Equatorial Guinea;;1977;3668;42,0075;276784
GNQ;Africa;Equatorial Guinea;;1978;3451;42,331;276534
GNQ;Africa;Equatorial Guinea;;1979;2882;43,0332;279848
GNQ;Africa;Equatorial Guinea;;1980;2613;48,7799;288652
GNQ;Africa;Equatorial Guinea;;1981;2603;49,1071;303262
GNQ;Africa;Equatorial Guinea;;1982;2533;49,6656;322226
GNQ;Africa;Equatorial Guinea;;1983;2534;50,0461;343429
GNQ;Africa;Equatorial Guinea;;1984;2437;50,1951;364905
GNQ;Africa;Equatorial Guinea;;1985;2662;50,5987;385553
GNQ;Africa;Equatorial Guinea;;1986;2534;50,8484;404740
GNQ;Africa;Equatorial Guinea;;1987;2579;50,9904;422529
GNQ;Africa;Equatorial Guinea;;1988;2577;51,1837;439659
GNQ;Africa;Equatorial Guinea;;1989;2479;51,292;456821
GNQ;Africa;Equatorial Guinea;;1990;2474;51,3965;474289
GNQ;Africa;Equatorial Guinea;;1991;2427,8804;51,4971;492220
GNQ;Africa;Equatorial Guinea;;1992;2690,633;51,5792;510775
GNQ;Africa;Equatorial Guinea;;1993;2880,204;51,6713;530030
GNQ;Africa;Equatorial Guinea;;1994;3081,1526;51,7851;550148
GNQ;Africa;Equatorial Guinea;;1995;3364,6326;51,9261;571274
GNQ;Africa;Equatorial Guinea;;1996;4426,338;52,1227;593496
GNQ;Africa;Equatorial Guinea;;1997;8445,645;52,3648;616897
GNQ;Africa;Equatorial Guinea;;1998;9712,227;52,6464;641478
GNQ;Africa;Equatorial Guinea;;1999;11690,135;53,0013;667222
GNQ;Africa;Equatorial Guinea;;2000;12914,852;53,3952;703287
GNQ;Africa;Equatorial Guinea;;2001;21167,742;53,8271;749836
GNQ;Africa;Equatorial Guinea;;2002;24845,043;54,3235;797968
GNQ;Africa;Equatorial Guinea;;2003;27571,158;54,7913;847867
GNQ;Africa;Equatorial Guinea;;2004;33419,887;55,3066;899924
GNQ;Africa;Equatorial Guinea;;2005;35569,707;55,7659;947370
GNQ;Africa;Equatorial Guinea;;2006;36615,707;56,3538;990349
GNQ;Africa;Equatorial Guinea;;2007;41277,754;56,857;1036053
GNQ;Africa;Equatorial Guinea;;2008;47562,32;57,3841;1084538
GNQ;Africa;Equatorial Guinea;;2009;47161,285;57,881;1135683
GNQ;Africa;Equatorial Guinea;;2010;42037,9;58,3445;1189097
GNQ;Africa;Equatorial Guinea;;2011;43841;58,8268;1241843
GNQ;Africa;Equatorial Guinea;;2012;46255;59,3011;1293485
GNQ;Africa;Equatorial Guinea;;2013;43209;59,784;1346220
GNQ;Africa;Equatorial Guinea;;2014;41907;60,2279;1399829
GNQ;Africa;Equatorial Guinea;;2015;37822;60,6347;1453925
GNQ;Africa;Equatorial Guinea;;2016;33206,637;61,081;1508192
GNQ;Africa;Equatorial Guinea;;2017;30206,871;61,4808;1562401
GNQ;Africa;Equatorial Guinea;;2018;27353,846;61,9151;1616425
GNQ;Africa;Equatorial Guinea;;2019;25006,34;62,2965;1670184
GNQ;Africa;Equatorial Guinea;;2020;23300,297;62,1408;1716479
GNQ;Africa;Equatorial Guinea;;2021;22537,541;62,4468;1758796
GNQ;Africa;Equatorial Guinea;;2022;22707,22;63,3545;1803549
GNQ;Africa;Equatorial Guinea;;2023;;63,7071;1847556
ERI;Africa;Eritrea;;1970;;41,1621;1243457
ERI;Africa;Eritrea;;1971;;41,5267;1276160
ERI;Africa;Eritrea;;1972;;40,7231;1309248
ERI;Africa;Eritrea;;1973;;41,1313;1342677
ERI;Africa;Eritrea;;1974;;39,0005;1375687
ERI;Africa;Eritrea;;1975;;39,031;1408218
ERI;Africa;Eritrea;;1976;;42,5873;1443811
ERI;Africa;Eritrea;;1977;;42,9839;1482567
ERI;Africa;Eritrea;;1978;;43,3804;1522382
ERI;Africa;Eritrea;;1979;;43,7802;1563332
ERI;Africa;Eritrea;;1980;;44,6253;1605800
ERI;Africa;Eritrea;;1981;;44,9744;1649946
ERI;Africa;Eritrea;;1982;;44,8906;1695465
ERI;Africa;Eritrea;;1983;;37,1729;1736163
ERI;Africa;Eritrea;;1984;;37,6791;1771736
ERI;Africa;Eritrea;;1985;;38,5859;1807812
ERI;Africa;Eritrea;;1986;;39,5411;1845169
ERI;Africa;Eritrea;;1987;;47,3634;1888672
ERI;Africa;Eritrea;;1988;;48,0942;1938264
ERI;Africa;Eritrea;;1989;;47,8024;1987021
ERI;Africa;Eritrea;;1990;;49,7327;2032749
ERI;Africa;Eritrea;;1991;;50,5159;1919575
ERI;Africa;Eritrea;;1992;;52,4358;1798750
ERI;Africa;Eritrea;;1993;;53,1887;1856017
ERI;Africa;Eritrea;;1994;;54,0274;1913919
ERI;Africa;Eritrea;;1995;;54,8222;2025273
ERI;Africa;Eritrea;;1996;;55,4979;2128464
ERI;Africa;Eritrea;;1997;;56,1551;2152146
ERI;Africa;Eritrea;;1998;;49,9968;2180423
ERI;Africa;Eritrea;;1999;;44,5061;2212785
ERI;Africa;Eritrea;;2000;;56,2852;2247036
ERI;Africa;Eritrea;;2001;;58,3587;2312083
ERI;Africa;Eritrea;;2002;;58,9406;2392981
ERI;Africa;Eritrea;;2003;;59,4551;2493906
ERI;Africa;Eritrea;;2004;;60,0625;2598288
ERI;Africa;Eritrea;;2005;;60,6276;2661215
ERI;Africa;Eritrea;;2006;;61,4567;2703501
ERI;Africa;Eritrea;;2007;;61,998;2743226
ERI;Africa;Eritrea;;2008;;62,422;2816331
ERI;Africa;Eritrea;;2009;;63,2029;2887887
ERI;Africa;Eritrea;;2010;;63,6653;2945184
ERI;Africa;Eritrea;;2011;;64,2314;2998493
ERI;Africa;Eritrea;;2012;;64,6965;3036998
ERI;Africa;Eritrea;;2013;;65,005;3074367
ERI;Africa;Eritrea;;2014;;65,5166;3095168
ERI;Africa;Eritrea;;2015;;65,9094;3105554
ERI;Africa;Eritrea;;2016;;66,242;3124700
ERI;Africa;Eritrea;;2017;;66,6115;3150350
ERI;Africa;Eritrea;;2018;;66,9787;3192763
ERI;Africa;Eritrea;;2019;;67,3061;3240194
ERI;Africa;Eritrea;;2020;;66,9802;3291277
ERI;Africa;Eritrea;;2021;;66,9396;3350185
ERI;Africa;Eritrea;;2022;;67,7892;3409450
ERI;Africa;Eritrea;;2023;;68,6239;3470391
EST;Europe;Estonia;;1970;;70,3994;1361872
EST;Europe;Estonia;;1971;;70,5962;1374523
EST;Europe;Estonia;;1972;;70,3819;1387217
EST;Europe;Estonia;;1973;13799;70,6926;1399344
EST;Europe;Estonia;;1974;;70,8093;1411552
EST;Europe;Estonia;;1975;;70,1215;1423506
EST;Europe;Estonia;;1976;;69,7389;1434868
EST;Europe;Estonia;;1977;;69,8263;1446571
EST;Europe;Estonia;;1978;;69,6581;1458228
EST;Europe;Estonia;;1979;;69,4052;1468020
EST;Europe;Estonia;;1980;15044;69,4667;1476465
EST;Europe;Estonia;;1981;15478;69,3358;1485343
EST;Europe;Estonia;;1982;15927;69,8627;1494911
EST;Europe;Estonia;;1983;16361;69,7865;1505247
EST;Europe;Estonia;;1984;16660;69,6384;1515613
EST;Europe;Estonia;;1985;16541;69,7742;1525281
EST;Europe;Estonia;;1986;16866;70,9067;1535594
EST;Europe;Estonia;;1987;16898;70,9219;1547258
EST;Europe;Estonia;;1988;17661;70,9712;1559101
EST;Europe;Estonia;;1989;18779;70,498;1567590
EST;Europe;Estonia;;1990;17247;69,9173;1570309
EST;Europe;Estonia;;1991;15350,635;69,7947;1565380
EST;Europe;Estonia;;1992;13214,388;69,1592;1540214
EST;Europe;Estonia;;1993;12207,185;68,2217;1504344
EST;Europe;Estonia;;1994;12070,061;66,7441;1475716
EST;Europe;Estonia;;1995;12881,278;67,8143;1452774
EST;Europe;Estonia;;1996;13547,661;70,0314;1434655
EST;Europe;Estonia;;1997;15074,775;70,2438;1421494
EST;Europe;Estonia;;1998;15593,005;69,8404;1411206
EST;Europe;Estonia;;1999;15335,106;70,6807;1403578
EST;Europe;Estonia;;2000;16806,975;71,0142;1397001
EST;Europe;Estonia;;2001;17696,61;70,8336;1388174
EST;Europe;Estonia;;2002;18589,15;71,3637;1379438
EST;Europe;Estonia;;2003;19771,742;71,923;1370849
EST;Europe;Estonia;;2004;20803,758;72,3751;1362682
EST;Europe;Estonia;;2005;22518,541;73,0276;1354847
EST;Europe;Estonia;;2006;24578,816;73,1995;1346885
EST;Europe;Estonia;;2007;26177,871;73,1534;1340709
EST;Europe;Estonia;;2008;24429,021;74,2787;1337078
EST;Europe;Estonia;;2009;20538,049;75,1519;1334528
EST;Europe;Estonia;;2010;20713,426;75,8816;1331450
EST;Europe;Estonia;;2011;21997;76,3462;1327366
EST;Europe;Estonia;;2012;22784,3;76,4159;1322615
EST;Europe;Estonia;;2013;23204,111;77,252;1317920
EST;Europe;Estonia;;2014;23982,828;77,1104;1314457
EST;Europe;Estonia;;2015;24473,66;77,665;1314580
EST;Europe;Estonia;;2016;25196,154;77,7631;1315850
EST;Europe;Estonia;;2017;26661,627;78,1814;1317430
EST;Europe;Estonia;;2018;27596,41;78,3339;1321972
EST;Europe;Estonia;;2019;28505,604;78,7728;1326822
EST;Europe;Estonia;;2020;28261,582;78,8929;1329675
EST;Europe;Estonia;;2021;30499,156;77,4095;1331750
EST;Europe;Estonia;;2022;30067,395;78,1674;1350093
EST;Europe;Estonia;;2023;;79,1535;1367195
SWZ;Africa;Eswatini;;1970;1704;51,2079;441223
SWZ;Africa;Eswatini;;1971;1722;51,7794;453192
SWZ;Africa;Eswatini;;1972;1889;52,3518;465791
SWZ;Africa;Eswatini;;1973;1902;52,9905;479043
SWZ;Africa;Eswatini;;1974;2204;53,6556;493004
SWZ;Africa;Eswatini;;1975;2856;54,3987;507675
SWZ;Africa;Eswatini;;1976;3142;55,1718;523339
SWZ;Africa;Eswatini;;1977;3083;55,9733;540353
SWZ;Africa;Eswatini;;1978;3030;56,785;558446
SWZ;Africa;Eswatini;;1979;2990;57,536;577208
SWZ;Africa;Eswatini;;1980;2946;58,2275;596657
SWZ;Africa;Eswatini;;1981;3049;58,7882;616816
SWZ;Africa;Eswatini;;1982;3005;59,4672;637656
SWZ;Africa;Eswatini;;1983;2888;58,4181;658958
SWZ;Africa;Eswatini;;1984;2858;60,4387;680790
SWZ;Africa;Eswatini;;1985;2812;61,1649;706204
SWZ;Africa;Eswatini;;1986;3210;61,5978;734736
SWZ;Africa;Eswatini;;1987;3403;61,8987;763812
SWZ;Africa;Eswatini;;1988;3492;61,9342;799806
SWZ;Africa;Eswatini;;1989;3668;61,6692;837810
SWZ;Africa;Eswatini;;1990;3881;61,1675;872436
SWZ;Africa;Eswatini;;1991;3851,2898;60,3924;908193
SWZ;Africa;Eswatini;;1992;3901,4001;59,2838;943426
SWZ;Africa;Eswatini;;1993;3982,2793;58,0917;971327
SWZ;Africa;Eswatini;;1994;4134,208;56,6433;971221
SWZ;Africa;Eswatini;;1995;4383,6777;55,0795;970439
SWZ;Africa;Eswatini;;1996;4514,5493;53,2956;989847
SWZ;Africa;Eswatini;;1997;4620,9185;51,6985;1006647
SWZ;Africa;Eswatini;;1998;4712,536;50,0657;1019657
SWZ;Africa;Eswatini;;1999;4827,286;48,8076;1030785
SWZ;Africa;Eswatini;;2000;4894,5205;47,6273;1041428
SWZ;Africa;Eswatini;;2001;4976,905;46,3442;1051066
SWZ;Africa;Eswatini;;2002;5136,7246;45,3799;1059456
SWZ;Africa;Eswatini;;2003;5377,5576;44,6321;1066706
SWZ;Africa;Eswatini;;2004;5559,47;43,9064;1073170
SWZ;Africa;Eswatini;;2005;5867,2334;43,9581;1079022
SWZ;Africa;Eswatini;;2006;6187,766;44,5628;1084442
SWZ;Africa;Eswatini;;2007;6467,8203;45,1604;1090713
SWZ;Africa;Eswatini;;2008;6791,392;45,8527;1098098
SWZ;Africa;Eswatini;;2009;7011,095;46,9126;1105158
SWZ;Africa;Eswatini;;2010;7192,752;48,331;1111651
SWZ;Africa;Eswatini;;2011;7389;49,0568;1117845
SWZ;Africa;Eswatini;;2012;7552;50,7143;1123870
SWZ;Africa;Eswatini;;2013;7805;52,1102;1130000
SWZ;Africa;Eswatini;;2014;7927;53,4913;1136305
SWZ;Africa;Eswatini;;2015;7969;54,9407;1142822
SWZ;Africa;Eswatini;;2016;7993,1494;56,2284;1149516
SWZ;Africa;Eswatini;;2017;8092,3403;57,5742;1158198
SWZ;Africa;Eswatini;;2018;8219,499;58,7072;1168933
SWZ;Africa;Eswatini;;2019;8375,426;59,8496;1179885
SWZ;Africa;Eswatini;;2020;8167,6895;59,8618;1192734
SWZ;Africa;Eswatini;;2021;8725,725;58,2284;1206598
SWZ;Africa;Eswatini;;2022;8522,45;63,0283;1218921
SWZ;Africa;Eswatini;;2023;;64,1227;1230507
ETH;Africa;Ethiopia;;1970;948;42,1149;27829135
ETH;Africa;Ethiopia;;1971;968;42,2156;28600114
ETH;Africa;Ethiopia;;1972;995;41,0345;29374611
ETH;Africa;Ethiopia;;1973;1004;41,1028;30166789
ETH;Africa;Ethiopia;;1974;993;39,0827;30957277
ETH;Africa;Ethiopia;;1975;972;38,9412;31723255
ETH;Africa;Ethiopia;;1976;974;41,32;32534428
ETH;Africa;Ethiopia;;1977;977;41,3966;33167276
ETH;Africa;Ethiopia;;1978;952;41,506;33734601
ETH;Africa;Ethiopia;;1979;999;42,3762;34238655
ETH;Africa;Ethiopia;;1980;1033;42,8154;34428515
ETH;Africa;Ethiopia;;1981;1009;43,0836;35304010
ETH;Africa;Ethiopia;;1982;980;43,4335;36701293
ETH;Africa;Ethiopia;;1983;999;36,3188;37740821
ETH;Africa;Ethiopia;;1984;956;36,7374;38735728
ETH;Africa;Ethiopia;;1985;880;37,7473;39842136
ETH;Africa;Ethiopia;;1986;920;38,3711;41037658
ETH;Africa;Ethiopia;;1987;980;45,8925;42460039
ETH;Africa;Ethiopia;;1988;969;45,6822;44150834
ETH;Africa;Ethiopia;;1989;956;45,6436;45879686
ETH;Africa;Ethiopia;;1990;915;45,1166;47609760
ETH;Africa;Ethiopia;;1991;810,7901;46,6565;49717203
ETH;Africa;Ethiopia;;1992;708,3693;47,2788;51853756
ETH;Africa;Ethiopia;;1993;699,22723;47,6757;53708892
ETH;Africa;Ethiopia;;1994;731,7509;47,9256;55611514
ETH;Africa;Ethiopia;;1995;744,1418;48,1562;57537340
ETH;Africa;Ethiopia;;1996;782,99414;48,6974;59467640
ETH;Africa;Ethiopia;;1997;815,14545;49,21;61404541
ETH;Africa;Ethiopia;;1998;786,279;49,7854;63363523
ETH;Africa;Ethiopia;;1999;761,90326;49,4857;65374561
ETH;Africa;Ethiopia;;2000;771,7315;50,8802;67411496
ETH;Africa;Ethiopia;;2001;783,89636;51,4276;69487767
ETH;Africa;Ethiopia;;2002;793,9149;52,0851;71635521
ETH;Africa;Ethiopia;;2003;764,52826;52,8773;73832664
ETH;Africa;Ethiopia;;2004;771,4652;53,7349;76077211
ETH;Africa;Ethiopia;;2005;829,2432;54,364;78367476
ETH;Africa;Ethiopia;;2006;880,6544;55,4017;80703495
ETH;Africa;Ethiopia;;2007;936,3743;56,5665;83103218
ETH;Africa;Ethiopia;;2008;989,9804;57,7325;85543670
ETH;Africa;Ethiopia;;2009;1043,5319;58,715;88007641
ETH;Africa;Ethiopia;;2010;1106,383;59,7094;90538518
ETH;Africa;Ethiopia;;2011;1199;60,5947;93149977
ETH;Africa;Ethiopia;;2012;1291,7769;61,4426;95798771
ETH;Africa;Ethiopia;;2013;1385,158;62,1613;98438752
ETH;Africa;Ethiopia;;2014;1488,9333;62,9272;101115615
ETH;Africa;Ethiopia;;2015;1601,2638;63,592;103867140
ETH;Africa;Ethiopia;;2016;1722,3092;64,1624;106718163
ETH;Africa;Ethiopia;;2017;1840,3696;64,7659;109666482
ETH;Africa;Ethiopia;;2018;1936,8275;65,2573;112664157
ETH;Africa;Ethiopia;;2019;2030,6775;65,7413;115737384
ETH;Africa;Ethiopia;;2020;2121,8591;65,9688;118917670
ETH;Africa;Ethiopia;;2021;2190,6753;65,3299;122138588
ETH;Africa;Ethiopia;;2022;2289,409;66,8971;125384285
ETH;Africa;Ethiopia;;2023;;67,315;128691695
FLK;South America;Falkland Islands;;1970;;55,3789;2298
FLK;South America;Falkland Islands;;1971;;55,5865;2295
FLK;South America;Falkland Islands;;1972;;55,8015;2298
FLK;South America;Falkland Islands;;1973;;55,9873;2302
FLK;South America;Falkland Islands;;1974;;56,0938;2309
FLK;South America;Falkland Islands;;1975;;56,1777;2316
FLK;South America;Falkland Islands;;1976;;56,1069;2320
FLK;South America;Falkland Islands;;1977;;55,8384;2314
FLK;South America;Falkland Islands;;1978;;55,3613;2304
FLK;South America;Falkland Islands;;1979;;54,7322;2284
FLK;South America;Falkland Islands;;1980;;53,9358;2271
FLK;South America;Falkland Islands;;1981;;53,1164;2268
FLK;South America;Falkland Islands;;1982;;52,3895;2270
FLK;South America;Falkland Islands;;1983;;51,7956;2268
FLK;South America;Falkland Islands;;1984;;51,3779;2265
FLK;South America;Falkland Islands;;1985;;51,1647;2259
FLK;South America;Falkland Islands;;1986;;51,1537;2261
FLK;South America;Falkland Islands;;1987;;51,337;2280
FLK;South America;Falkland Islands;;1988;;51,6967;2308
FLK;South America;Falkland Islands;;1989;;52,3585;2339
FLK;South America;Falkland Islands;;1990;;53,336;2368
FLK;South America;Falkland Islands;;1991;;54,6171;2417
FLK;South America;Falkland Islands;;1992;;56,2832;2503
FLK;South America;Falkland Islands;;1993;;58,1758;2596
FLK;South America;Falkland Islands;;1994;;60,2304;2687
FLK;South America;Falkland Islands;;1995;;62,3609;2789
FLK;South America;Falkland Islands;;1996;;64,4358;2871
FLK;South America;Falkland Islands;;1997;;66,3869;2929
FLK;South America;Falkland Islands;;1998;;68,1614;2995
FLK;South America;Falkland Islands;;1999;;69,7716;3055
FLK;South America;Falkland Islands;;2000;;71,1332;3119
FLK;South America;Falkland Islands;;2001;;72,2665;3167
FLK;South America;Falkland Islands;;2002;;73,2425;3193
FLK;South America;Falkland Islands;;2003;;74,0341;3212
FLK;South America;Falkland Islands;;2004;;74,7009;3230
FLK;South America;Falkland Islands;;2005;;75,341;3242
FLK;South America;Falkland Islands;;2006;;75,9414;3254
FLK;South America;Falkland Islands;;2007;;76,4897;3249
FLK;South America;Falkland Islands;;2008;;76,9519;3244
FLK;South America;Falkland Islands;;2009;;77,3941;3233
FLK;South America;Falkland Islands;;2010;;77,7285;3218
FLK;South America;Falkland Islands;;2011;;77,98;3205
FLK;South America;Falkland Islands;;2012;;78,1911;3223
FLK;South America;Falkland Islands;;2013;;78,2954;3291
FLK;South America;Falkland Islands;;2014;;78,3551;3362
FLK;South America;Falkland Islands;;2015;;78,4296;3432
FLK;South America;Falkland Islands;;2016;;78,4831;3499
FLK;South America;Falkland Islands;;2017;;78,5113;3541
FLK;South America;Falkland Islands;;2018;;78,5577;3549
FLK;South America;Falkland Islands;;2019;;78,6131;3541
FLK;South America;Falkland Islands;;2020;;78,7753;3537
FLK;South America;Falkland Islands;;2021;;78,9882;3524
FLK;South America;Falkland Islands;;2022;;79,0448;3515
FLK;South America;Falkland Islands;;2023;;79,2132;3498
FRO;Europe;Faroe Islands;;1970;;74,8493;38294
FRO;Europe;Faroe Islands;;1971;;74,9927;38723
FRO;Europe;Faroe Islands;;1972;;75,0853;39199
FRO;Europe;Faroe Islands;;1973;;75,1976;39659
FRO;Europe;Faroe Islands;;1974;;75,2428;40134
FRO;Europe;Faroe Islands;;1975;;75,3228;40591
FRO;Europe;Faroe Islands;;1976;;75,3987;41045
FRO;Europe;Faroe Islands;;1977;;75,5215;41487
FRO;Europe;Faroe Islands;;1978;;75,6152;41989
FRO;Europe;Faroe Islands;;1979;;75,6673;42544
FRO;Europe;Faroe Islands;;1980;;75,7515;43092
FRO;Europe;Faroe Islands;;1981;;75,8312;43653
FRO;Europe;Faroe Islands;;1982;;75,8839;44193
FRO;Europe;Faroe Islands;;1983;;75,9261;44696
FRO;Europe;Faroe Islands;;1984;;75,9759;45168
FRO;Europe;Faroe Islands;;1985;;76,0495;45599
FRO;Europe;Faroe Islands;;1986;;76,1619;46028
FRO;Europe;Faroe Islands;;1987;;76,3056;46486
FRO;Europe;Faroe Islands;;1988;;76,4861;46981
FRO;Europe;Faroe Islands;;1989;;76,7012;47536
FRO;Europe;Faroe Islands;;1990;;76,8938;47525
FRO;Europe;Faroe Islands;;1991;;77,0876;46839
FRO;Europe;Faroe Islands;;1992;;77,2675;46043
FRO;Europe;Faroe Islands;;1993;;77,4064;45160
FRO;Europe;Faroe Islands;;1994;;77,5418;44195
FRO;Europe;Faroe Islands;;1995;;77,658;43863
FRO;Europe;Faroe Islands;;1996;;77,764;44203
FRO;Europe;Faroe Islands;;1997;;77,8983;44568
FRO;Europe;Faroe Islands;;1998;;78,0235;44920
FRO;Europe;Faroe Islands;;1999;;78,1483;45242
FRO;Europe;Faroe Islands;;2000;;78,2507;45687
FRO;Europe;Faroe Islands;;2001;;78,3251;46262
FRO;Europe;Faroe Islands;;2002;;78,3664;46852
FRO;Europe;Faroe Islands;;2003;;78,386;47448
FRO;Europe;Faroe Islands;;2004;;78,3755;48041
FRO;Europe;Faroe Islands;;2005;;78,365;48386
FRO;Europe;Faroe Islands;;2006;;78,3887;48456
FRO;Europe;Faroe Islands;;2007;;78,4389;48498
FRO;Europe;Faroe Islands;;2008;;78,5182;48528
FRO;Europe;Faroe Islands;;2009;;78,6199;48512
FRO;Europe;Faroe Islands;;2010;;78,7314;48191
FRO;Europe;Faroe Islands;;2011;;78,8897;47957
FRO;Europe;Faroe Islands;;2012;;79,0224;48113
FRO;Europe;Faroe Islands;;2013;;79,1536;48297
FRO;Europe;Faroe Islands;;2014;;79,2999;48515
FRO;Europe;Faroe Islands;;2015;;79,4259;48916
FRO;Europe;Faroe Islands;;2016;;79,5745;49554
FRO;Europe;Faroe Islands;;2017;;79,6943;50268
FRO;Europe;Faroe Islands;;2018;;79,8121;51062
FRO;Europe;Faroe Islands;;2019;;79,9058;51868
FRO;Europe;Faroe Islands;;2020;;79,9822;52615
FRO;Europe;Faroe Islands;;2021;;79,7923;53324
FRO;Europe;Faroe Islands;;2022;;79,2637;54039
FRO;Europe;Faroe Islands;;2023;;80,1792;54738
FJI;Oceania;Fiji;;1970;;61,6519;531198
FJI;Oceania;Fiji;;1971;;61,7396;541132
FJI;Oceania;Fiji;;1972;;61,6301;550508
FJI;Oceania;Fiji;;1973;;60,6493;559232
FJI;Oceania;Fiji;;1974;;61,1945;567498
FJI;Oceania;Fiji;;1975;;61,6888;575919
FJI;Oceania;Fiji;;1976;;62,0996;585544
FJI;Oceania;Fiji;;1977;;62,6912;597811
FJI;Oceania;Fiji;;1978;;63,0652;612101
FJI;Oceania;Fiji;;1979;;62,3053;626876
FJI;Oceania;Fiji;;1980;;62,4058;641985
FJI;Oceania;Fiji;;1981;;62,2552;657473
FJI;Oceania;Fiji;;1982;;62,1953;673422
FJI;Oceania;Fiji;;1983;;62,9156;689845
FJI;Oceania;Fiji;;1984;;63,2381;706722
FJI;Oceania;Fiji;;1985;;63,9982;723767
FJI;Oceania;Fiji;;1986;;63,9614;739320
FJI;Oceania;Fiji;;1987;;64,2778;750551
FJI;Oceania;Fiji;;1988;;64,9506;758707
FJI;Oceania;Fiji;;1989;;65,3856;766331
FJI;Oceania;Fiji;;1990;;65,056;773325
FJI;Oceania;Fiji;;1991;;65,4568;779666
FJI;Oceania;Fiji;;1992;;65,4074;785349
FJI;Oceania;Fiji;;1993;;65,5103;790380
FJI;Oceania;Fiji;;1994;;65,7958;794779
FJI;Oceania;Fiji;;1995;;66,007;798750
FJI;Oceania;Fiji;;1996;;66,2018;803788
FJI;Oceania;Fiji;;1997;;66,2927;812145
FJI;Oceania;Fiji;;1998;;66,5364;822259
FJI;Oceania;Fiji;;1999;;66,728;831835
FJI;Oceania;Fiji;;2000;;66,1937;840913
FJI;Oceania;Fiji;;2001;;66,2047;849606
FJI;Oceania;Fiji;;2002;;65,4923;858057
FJI;Oceania;Fiji;;2003;;65,6531;866297
FJI;Oceania;Fiji;;2004;;65,8405;874369
FJI;Oceania;Fiji;;2005;;65,9826;882384
FJI;Oceania;Fiji;;2006;;66,1258;890370
FJI;Oceania;Fiji;;2007;;66,1612;897843
FJI;Oceania;Fiji;;2008;;66,3199;903403
FJI;Oceania;Fiji;;2009;;66,3466;907248
FJI;Oceania;Fiji;;2010;;66,7782;910427
FJI;Oceania;Fiji;;2011;;66,8803;912991
FJI;Oceania;Fiji;;2012;;65,8121;914920
FJI;Oceania;Fiji;;2013;;66,5446;916359
FJI;Oceania;Fiji;;2014;;66,5808;917589
FJI;Oceania;Fiji;;2015;;66,4798;918585
FJI;Oceania;Fiji;;2016;;66,657;919167
FJI;Oceania;Fiji;;2017;;67,0596;918762
FJI;Oceania;Fiji;;2018;;66,9645;917185
FJI;Oceania;Fiji;;2019;;67,0088;914906
FJI;Oceania;Fiji;;2020;;66,924;914971
FJI;Oceania;Fiji;;2021;;64,9039;916718
FJI;Oceania;Fiji;;2022;;67,1481;919428
FJI;Oceania;Fiji;;2023;;67,3157;924150
FIN;Europe;Finland;;1970;15266;70,3247;4606308
FIN;Europe;Finland;;1971;15565;70,1472;4612135
FIN;Europe;Finland;;1972;16654;70,8674;4639548
FIN;Europe;Finland;;1973;17669;71,3665;4665909
FIN;Europe;Finland;;1974;18109;71,2925;4690366
FIN;Europe;Finland;;1975;18237;71,8377;4711172
FIN;Europe;Finland;;1976;18104;71,989;4725340
FIN;Europe;Finland;;1977;18100;72,5135;4738581
FIN;Europe;Finland;;1978;18425;73,0803;4752243
FIN;Europe;Finland;;1979;19657;73,36;4764437
FIN;Europe;Finland;;1980;20640;73,6489;4779358
FIN;Europe;Finland;;1981;20935;73,9645;4799849
FIN;Europe;Finland;;1982;21495;74,5299;4826884
FIN;Europe;Finland;;1983;21944;74,4373;4855791
FIN;Europe;Finland;;1984;22486;74,7434;4881827
FIN;Europe;Finland;;1985;23148;74,4235;4902262
FIN;Europe;Finland;;1986;23621;74,7664;4918256
FIN;Europe;Finland;;1987;24519;74,7988;4932257
FIN;Europe;Finland;;1988;25644;74,7646;4946629
FIN;Europe;Finland;;1989;27012;74,9686;4964525
FIN;Europe;Finland;;1990;26884;74,9892;4986576
FIN;Europe;Finland;;1991;25174,898;75,4069;5013889
FIN;Europe;Finland;;1992;24219,76;75,6469;5042145
FIN;Europe;Finland;;1993;23943,744;75,8848;5066594
FIN;Europe;Finland;;1994;24797,66;76,5747;5088454
FIN;Europe;Finland;;1995;25761,625;76,6037;5107919
FIN;Europe;Finland;;1996;26637,266;76,8695;5124715
FIN;Europe;Finland;;1997;28239,875;77,0641;5139927
FIN;Europe;Finland;;1998;29715,342;77,2592;5153545
FIN;Europe;Finland;;1999;30986,889;77,4507;5165516
FIN;Europe;Finland;;2000;32689,77;77,6713;5176197
FIN;Europe;Finland;;2001;33481,68;78,1423;5187970
FIN;Europe;Finland;;2002;33986,555;78,27;5200548
FIN;Europe;Finland;;2003;34607,22;78,5334;5212958
FIN;Europe;Finland;;2004;35888,613;78,8458;5228147
FIN;Europe;Finland;;2005;36787,258;78,9711;5246078
FIN;Europe;Finland;;2006;38160,703;79,373;5266248
FIN;Europe;Finland;;2007;39998,523;79,3911;5288715
FIN;Europe;Finland;;2008;40129,652;79,695;5313379
FIN;Europe;Finland;;2009;36662,613;79,831;5338854
FIN;Europe;Finland;;2010;37615,113;80,0116;5363347
FIN;Europe;Finland;;2011;38432;80,3916;5388236
FIN;Europe;Finland;;2012;37715,01;80,5076;5413978
FIN;Europe;Finland;;2013;37203,145;80,869;5439057
FIN;Europe;Finland;;2014;36907,92;81,0546;5461686
FIN;Europe;Finland;;2015;36986,7;81,3775;5479719
FIN;Europe;Finland;;2016;37924,152;81,3029;5495468
FIN;Europe;Finland;;2017;39043,19;81,4967;5508398
FIN;Europe;Finland;;2018;39430,906;81,6265;5515730
FIN;Europe;Finland;;2019;39874,8;81,8643;5521754
FIN;Europe;Finland;;2020;38871,703;81,8219;5529616
FIN;Europe;Finland;;2021;39977,855;81,8137;5541069
FIN;Europe;Finland;;2022;40701,465;81,2435;5569300
FIN;Europe;Finland;;2023;;81,9102;5601185
FRA;Europe;France;;1970;18187;72,0915;50813071
FRA;Europe;France;;1971;18881;72,0735;51293056
FRA;Europe;France;;1972;19549;72,3134;51743877
FRA;Europe;France;;1973;20441;72,4756;52162210
FRA;Europe;France;;1974;20902;72,8037;52504744
FRA;Europe;France;;1975;20653;72,9001;52746324
FRA;Europe;France;;1976;21465;73,122;52959120
FRA;Europe;France;;1977;22177;73,7282;53197133
FRA;Europe;France;;1978;22698;73,8445;53429668
FRA;Europe;France;;1979;23326;74,125;53660898
FRA;Europe;France;;1980;23537;74,2335;53941061
FRA;Europe;France;;1981;23655;74,3965;54255004
FRA;Europe;France;;1982;24120;74,7657;54582405
FRA;Europe;France;;1983;24300;74,7344;54889407
FRA;Europe;France;;1984;24519;75,2175;55176626
FRA;Europe;France;;1985;24755;75,309;55467153
FRA;Europe;France;;1986;25238;75,5776;55752833
FRA;Europe;France;;1987;25756;76,1465;56048366
FRA;Europe;France;;1988;26763;76,398;56361846
FRA;Europe;France;;1989;27576;76,5432;56685081
FRA;Europe;France;;1990;28129;76,8351;56990239
FRA;Europe;France;;1991;28294,264;77,0162;57271564
FRA;Europe;France;;1992;28619,805;77,2973;57554867
FRA;Europe;France;;1993;28336,16;77,3488;57801261
FRA;Europe;France;;1994;28907,977;77,7681;57999868
FRA;Europe;France;;1995;29418,863;77,8715;58192207
FRA;Europe;France;;1996;29736,645;78,0613;58380638
FRA;Europe;France;;1997;30341,807;78,4246;58568662
FRA;Europe;France;;1998;31323,078;78,5879;58778817
FRA;Europe;France;;1999;32284,611;78,7457;59084209
FRA;Europe;France;;2000;33409,68;79,0438;59483716
FRA;Europe;France;;2001;33920,098;79,2208;59905131
FRA;Europe;France;;2002;34152,773;79,4109;60327247
FRA;Europe;France;;2003;34292,03;79,419;60741119
FRA;Europe;France;;2004;35093,824;80,3363;61175244
FRA;Europe;France;;2005;35495,465;80,3367;61625031
FRA;Europe;France;;2006;36166,16;80,7449;62049831
FRA;Europe;France;;2007;36845,684;80,9602;62432438
FRA;Europe;France;;2008;36761,793;81,0392;62780187
FRA;Europe;France;;2009;35534,926;81,1635;63106460
FRA;Europe;France;;2010;36086,727;81,4047;63417366
FRA;Europe;France;;2011;36691;81,781;63733776
FRA;Europe;France;;2012;36625,926;81,739;64058465
FRA;Europe;France;;2013;36647,22;81,9786;64387736
FRA;Europe;France;;2014;36818,54;82,4366;64692495
FRA;Europe;France;;2015;37077,89;82,1487;64916337
FRA;Europe;France;;2016;37343,84;82,4008;65086853
FRA;Europe;France;;2017;38037,336;82,4385;65284775
FRA;Europe;France;;2018;38555,465;82,5682;65519537
FRA;Europe;France;;2019;39084,656;82,7304;65729460
FRA;Europe;France;;2020;35913,82;82,1993;65905273
FRA;Europe;France;;2021;38242,133;82,3216;66083547
FRA;Europe;France;;2022;39065,71;82,4753;66277412
FRA;Europe;France;;2023;;83,3253;66438828
GUF;South America;French Guiana;;1970;;63,2738;46298
GUF;South America;French Guiana;;1971;;63,6547;47739
GUF;South America;French Guiana;;1972;;64,0398;49242
GUF;South America;French Guiana;;1973;;64,4117;50753
GUF;South America;French Guiana;;1974;;64,7384;52426
GUF;South America;French Guiana;;1975;;65,0231;54481
GUF;South America;French Guiana;;1976;;65,2518;56742
GUF;South America;French Guiana;;1977;;65,5495;59050
GUF;South America;French Guiana;;1978;;66,0062;61419
GUF;South America;French Guiana;;1979;;66,5633;63854
GUF;South America;French Guiana;;1980;;67,1353;66366
GUF;South America;French Guiana;;1981;;67,6472;68956
GUF;South America;French Guiana;;1982;;68,1305;72287
GUF;South America;French Guiana;;1983;;68,5921;76583
GUF;South America;French Guiana;;1984;;69,0152;81259
GUF;South America;French Guiana;;1985;;69,3884;86115
GUF;South America;French Guiana;;1986;;69,7173;91170
GUF;South America;French Guiana;;1987;;70,0449;96427
GUF;South America;French Guiana;;1988;;70,3586;101883
GUF;South America;French Guiana;;1989;;70,6336;107580
GUF;South America;French Guiana;;1990;;70,8509;112699
GUF;South America;French Guiana;;1991;;71,0416;116988
GUF;South America;French Guiana;;1992;;71,2419;121257
GUF;South America;French Guiana;;1993;;71,4598;125658
GUF;South America;French Guiana;;1994;;71,6908;130128
GUF;South America;French Guiana;;1995;;71,9176;134644
GUF;South America;French Guiana;;1996;;72,1263;139180
GUF;South America;French Guiana;;1997;;72,2186;143736
GUF;South America;French Guiana;;1998;;72,4918;148390
GUF;South America;French Guiana;;1999;;72,7198;153752
GUF;South America;French Guiana;;2000;;72,9651;160633
GUF;South America;French Guiana;;2001;;73,3225;168544
GUF;South America;French Guiana;;2002;;73,4925;176719
GUF;South America;French Guiana;;2003;;73,5778;185101
GUF;South America;French Guiana;;2004;;73,8038;193656
GUF;South America;French Guiana;;2005;;74,1342;202452
GUF;South America;French Guiana;;2006;;74,5652;210976
GUF;South America;French Guiana;;2007;;74,952;219123
GUF;South America;French Guiana;;2008;;75,3653;226106
GUF;South America;French Guiana;;2009;;75,6351;230715
GUF;South America;French Guiana;;2010;;75,8516;234578
GUF;South America;French Guiana;;2011;;76,0172;239525
GUF;South America;French Guiana;;2012;;76,2166;245784
GUF;South America;French Guiana;;2013;;76,4587;253250
GUF;South America;French Guiana;;2014;;76,6767;260564
GUF;South America;French Guiana;;2015;;76,6314;266377
GUF;South America;French Guiana;;2016;;76,652;271278
GUF;South America;French Guiana;;2017;;76,7994;276158
GUF;South America;French Guiana;;2018;;77,2376;280972
GUF;South America;French Guiana;;2019;;76,5711;285574
GUF;South America;French Guiana;;2020;;77,5067;289063
GUF;South America;French Guiana;;2021;;74,1955;293023
GUF;South America;French Guiana;;2022;;76,7942;298319
GUF;South America;French Guiana;;2023;;76,9781;303408
PYF;Oceania;French Polynesia;;1970;;62,495;114027
PYF;Oceania;French Polynesia;;1971;;62,7817;117959
PYF;Oceania;French Polynesia;;1972;;63,0818;121900
PYF;Oceania;French Polynesia;;1973;;63,4005;125912
PYF;Oceania;French Polynesia;;1974;;63,7778;129974
PYF;Oceania;French Polynesia;;1975;;64,2488;134055
PYF;Oceania;French Polynesia;;1976;;64,7609;138135
PYF;Oceania;French Polynesia;;1977;;65,3099;142321
PYF;Oceania;French Polynesia;;1978;;65,8907;146835
PYF;Oceania;French Polynesia;;1979;;66,6119;151582
PYF;Oceania;French Polynesia;;1980;;67,4054;156485
PYF;Oceania;French Polynesia;;1981;;68,1567;161519
PYF;Oceania;French Polynesia;;1982;;68,9222;166650
PYF;Oceania;French Polynesia;;1983;;69,7018;171758
PYF;Oceania;French Polynesia;;1984;;70,5587;176480
PYF;Oceania;French Polynesia;;1985;;71,2033;181003
PYF;Oceania;French Polynesia;;1986;;71,9674;185685
PYF;Oceania;French Polynesia;;1987;;72,4485;190462
PYF;Oceania;French Polynesia;;1988;;73,0882;195208
PYF;Oceania;French Polynesia;;1989;;73,4944;199650
PYF;Oceania;French Polynesia;;1990;;73,9083;203780
PYF;Oceania;French Polynesia;;1991;;74,295;207755
PYF;Oceania;French Polynesia;;1992;;74,7459;211570
PYF;Oceania;French Polynesia;;1993;;75,1912;215229
PYF;Oceania;French Polynesia;;1994;;75,6504;218747
PYF;Oceania;French Polynesia;;1995;;76,2426;222128
PYF;Oceania;French Polynesia;;1996;;76,8134;225500
PYF;Oceania;French Polynesia;;1997;;77,3803;229132
PYF;Oceania;French Polynesia;;1998;;77,8419;232898
PYF;Oceania;French Polynesia;;1999;;78,5739;236606
PYF;Oceania;French Polynesia;;2000;;79,0001;240346
PYF;Oceania;French Polynesia;;2001;;79,3158;244107
PYF;Oceania;French Polynesia;;2002;;79,5438;247785
PYF;Oceania;French Polynesia;;2003;;79,7103;251650
PYF;Oceania;French Polynesia;;2004;;79,829;255663
PYF;Oceania;French Polynesia;;2005;;79,9511;259517
PYF;Oceania;French Polynesia;;2006;;80,0999;263234
PYF;Oceania;French Polynesia;;2007;;80,3277;266448
PYF;Oceania;French Polynesia;;2008;;80,5874;268390
PYF;Oceania;French Polynesia;;2009;;80,8667;269494
PYF;Oceania;French Polynesia;;2010;;81,1407;270590
PYF;Oceania;French Polynesia;;2011;;81,4341;271734
PYF;Oceania;French Polynesia;;2012;;81,6953;273092
PYF;Oceania;French Polynesia;;2013;;81,9352;274736
PYF;Oceania;French Polynesia;;2014;;82,1514;276391
PYF;Oceania;French Polynesia;;2015;;82,3393;277877
PYF;Oceania;French Polynesia;;2016;;82,5551;279180
PYF;Oceania;French Polynesia;;2017;;82,7741;280096
PYF;Oceania;French Polynesia;;2018;;82,9852;279823
PYF;Oceania;French Polynesia;;2019;;83,1955;279040
PYF;Oceania;French Polynesia;;2020;;82,4588;279218
PYF;Oceania;French Polynesia;;2021;;79,5711;279808
PYF;Oceania;French Polynesia;;2022;;83,8594;280388
PYF;Oceania;French Polynesia;;2023;;84,0698;281125
GAB;Africa;Gabon;;1970;5587;52,6973;595856
GAB;Africa;Gabon;;1971;6027;53,2586;608355
GAB;Africa;Gabon;;1972;6559;53,8109;620968
GAB;Africa;Gabon;;1973;6935;54,3524;634003
GAB;Africa;Gabon;;1974;9083;54,9106;647699
GAB;Africa;Gabon;;1975;9985;55,4549;662205
GAB;Africa;Gabon;;1976;12747;55,97;677631
GAB;Africa;Gabon;;1977;10849;56,4674;693994
GAB;Africa;Gabon;;1978;8013;56,9542;711250
GAB;Africa;Gabon;;1979;8091;57,438;729380
GAB;Africa;Gabon;;1980;8402;57,8926;748395
GAB;Africa;Gabon;;1981;8625;58,3323;768394
GAB;Africa;Gabon;;1982;8099;58,6438;789291
GAB;Africa;Gabon;;1983;8281;58,9942;811007
GAB;Africa;Gabon;;1984;8612;59,3396;833501
GAB;Africa;Gabon;;1985;8131;59,6648;856737
GAB;Africa;Gabon;;1986;7818;59,9564;880706
GAB;Africa;Gabon;;1987;6320;60,1995;905481
GAB;Africa;Gabon;;1988;6982;60,3978;931023
GAB;Africa;Gabon;;1989;7422;60,5844;957147
GAB;Africa;Gabon;;1990;7646;60,7355;983740
GAB;Africa;Gabon;;1991;8296,574;60,8908;1010821
GAB;Africa;Gabon;;1992;8194,499;61,0134;1038386
GAB;Africa;Gabon;;1993;8551,059;61,1248;1066404
GAB;Africa;Gabon;;1994;9192,5625;61,183;1094724
GAB;Africa;Gabon;;1995;9833,989;61,2696;1123212
GAB;Africa;Gabon;;1996;10389,21;61,2648;1152018
GAB;Africa;Gabon;;1997;11202,839;61,3955;1181445
GAB;Africa;Gabon;;1998;11758,16;61,506;1211744
GAB;Africa;Gabon;;1999;10648,09;61,658;1243023
GAB;Africa;Gabon;;2000;10637,8;61,8098;1275578
GAB;Africa;Gabon;;2001;11104,553;61,9818;1309594
GAB;Africa;Gabon;;2002;11141,463;62,1752;1345142
GAB;Africa;Gabon;;2003;11665,832;62,4627;1382354
GAB;Africa;Gabon;;2004;12022,507;62,6944;1421620
GAB;Africa;Gabon;;2005;12437,96;62,978;1463503
GAB;Africa;Gabon;;2006;12342,779;63,2589;1508338
GAB;Africa;Gabon;;2007;13455,612;63,6186;1556242
GAB;Africa;Gabon;;2008;13330,255;64,0109;1607182
GAB;Africa;Gabon;;2009;13617,896;64,3612;1661567
GAB;Africa;Gabon;;2010;14926,699;64,7148;1719883
GAB;Africa;Gabon;;2011;16403;65,1016;1781987
GAB;Africa;Gabon;;2012;16682,309;65,4384;1846893
GAB;Africa;Gabon;;2013;16964,445;65,7506;1913061
GAB;Africa;Gabon;;2014;17098,143;66,0698;1978400
GAB;Africa;Gabon;;2015;17180;66,3361;2040990
GAB;Africa;Gabon;;2016;16995,238;66,5832;2100310
GAB;Africa;Gabon;;2017;16576,176;66,8163;2156902
GAB;Africa;Gabon;;2018;16253,897;67,0426;2212320
GAB;Africa;Gabon;;2019;16449,715;67,3369;2267711
GAB;Africa;Gabon;;2020;15745,749;67,0725;2322538
GAB;Africa;Gabon;;2021;15597,771;67,0715;2376729
GAB;Africa;Gabon;;2022;15720,901;67,713;2430750
GAB;Africa;Gabon;;2023;;68,3367;2484790
GMB;Africa;Gambia;;1970;1422;39,5325;524115
GMB;Africa;Gambia;;1971;1376;40,0479;539394
GMB;Africa;Gambia;;1972;1334;40,5487;555380
GMB;Africa;Gambia;;1973;1411;41,0881;572006
GMB;Africa;Gambia;;1974;1452;41,6759;589093
GMB;Africa;Gambia;;1975;1497;42,192;606829
GMB;Africa;Gambia;;1976;1436;42,8764;625678
GMB;Africa;Gambia;;1977;1417;43,3658;645781
GMB;Africa;Gambia;;1978;1446;43,5733;667107
GMB;Africa;Gambia;;1979;1360;44,5174;689783
GMB;Africa;Gambia;;1980;1325;44,9773;713921
GMB;Africa;Gambia;;1981;1521;44,4894;739132
GMB;Africa;Gambia;;1982;1581;46,2501;765759
GMB;Africa;Gambia;;1983;1482;46,892;794528
GMB;Africa;Gambia;;1984;1462;47,5128;825634
GMB;Africa;Gambia;;1985;1451;48,1512;858879
GMB;Africa;Gambia;;1986;1422;48,798;894019
GMB;Africa;Gambia;;1987;1406;49,3917;931102
GMB;Africa;Gambia;;1988;1417;50,1461;970162
GMB;Africa;Gambia;;1989;1407;50,7249;1011367
GMB;Africa;Gambia;;1990;1400;51,2782;1054703
GMB;Africa;Gambia;;1991;1390,705;51,8574;1099960
GMB;Africa;Gambia;;1992;1391,4054;52,4771;1145583
GMB;Africa;Gambia;;1993;1385,5908;53,1503;1188372
GMB;Africa;Gambia;;1994;1345,035;53,7676;1227233
GMB;Africa;Gambia;;1995;1317,2426;54,2923;1264320
GMB;Africa;Gambia;;1996;1336,8473;54,8493;1301421
GMB;Africa;Gambia;;1997;1308,4867;55,2254;1338898
GMB;Africa;Gambia;;1998;1324,9244;56,0074;1376994
GMB;Africa;Gambia;;1999;1385,6318;56,4657;1415786
GMB;Africa;Gambia;;2000;1440,8619;56,8994;1455095
GMB;Africa;Gambia;;2001;1495,0918;57,2832;1495023
GMB;Africa;Gambia;;2002;1473,4006;57,7361;1535700
GMB;Africa;Gambia;;2003;1478,9562;58,2232;1577619
GMB;Africa;Gambia;;2004;1585,7992;58,7491;1621309
GMB;Africa;Gambia;;2005;1541,6116;59,1098;1667035
GMB;Africa;Gambia;;2006;1530,6844;59,667;1715285
GMB;Africa;Gambia;;2007;1557,8474;60,0014;1765778
GMB;Africa;Gambia;;2008;1618,4445;60,4734;1817859
GMB;Africa;Gambia;;2009;1692,6423;60,7348;1871428
GMB;Africa;Gambia;;2010;1772,7268;61,1675;1926634
GMB;Africa;Gambia;;2011;1669;61,5612;1983785
GMB;Africa;Gambia;;2012;1725;61,9;2043097
GMB;Africa;Gambia;;2013;1767;62,2525;2103825
GMB;Africa;Gambia;;2014;1743;62,5759;2164535
GMB;Africa;Gambia;;2015;1786;62,9713;2224530
GMB;Africa;Gambia;;2016;1770,3645;63,3862;2283775
GMB;Africa;Gambia;;2017;1805,8812;63,7076;2342191
GMB;Africa;Gambia;;2018;1886,0532;64,0339;2399633
GMB;Africa;Gambia;;2019;1952,326;64,4275;2456847
GMB;Africa;Gambia;;2020;1914,1969;64,4183;2515744
GMB;Africa;Gambia;;2021;1964,4937;63,8475;2576015
GMB;Africa;Gambia;;2022;2010,5322;64,859;2636472
GMB;Africa;Gambia;;2023;;65,8603;2697846
GEO;Asia;Georgia;;1970;;64,8687;4804060
GEO;Asia;Georgia;;1971;;65,1892;4843142
GEO;Asia;Georgia;;1972;;65,5156;4877271
GEO;Asia;Georgia;;1973;9456;65,8508;4911012
GEO;Asia;Georgia;;1974;;66,1798;4944639
GEO;Asia;Georgia;;1975;;66,5116;4979408
GEO;Asia;Georgia;;1976;;66,894;5015923
GEO;Asia;Georgia;;1977;;67,2462;5053556
GEO;Asia;Georgia;;1978;;67,5969;5091795
GEO;Asia;Georgia;;1979;;67,9425;5128680
GEO;Asia;Georgia;;1980;10519;68,2726;5165546
GEO;Asia;Georgia;;1981;11053;68,741;5205035
GEO;Asia;Georgia;;1982;11611;69,1093;5246476
GEO;Asia;Georgia;;1983;12234;69,135;5290185
GEO;Asia;Georgia;;1984;13128;68,795;5334255
GEO;Asia;Georgia;;1985;13868;69,0062;5376897
GEO;Asia;Georgia;;1986;13839;69,2247;5419131
GEO;Asia;Georgia;;1987;13707;69,2189;5461017
GEO;Asia;Georgia;;1988;14665;68,8245;5500241
GEO;Asia;Georgia;;1989;14161;68,6351;5499644
GEO;Asia;Georgia;;1990;12140;68,6787;5448865
GEO;Asia;Georgia;;1991;9535,051;68,2022;5379509
GEO;Asia;Georgia;;1992;5286,925;67,7801;5294186
GEO;Asia;Georgia;;1993;3792,6177;67,4052;5178784
GEO;Asia;Georgia;;1994;3463,476;68,6692;5046267
GEO;Asia;Georgia;;1995;3610,8408;69,3982;4925742
GEO;Asia;Georgia;;1996;4030,8848;70,637;4812774
GEO;Asia;Georgia;;1997;4480,898;69,6832;4695359
GEO;Asia;Georgia;;1998;4619,905;69,7869;4576447
GEO;Asia;Georgia;;1999;4763,3506;70,0116;4455581
GEO;Asia;Georgia;;2000;4891,664;70,0909;4328361
GEO;Asia;Georgia;;2001;5125,1274;70,3705;4209641
GEO;Asia;Georgia;;2002;5406,953;70,438;4127854
GEO;Asia;Georgia;;2003;6013,0093;71,3766;4085489
GEO;Asia;Georgia;;2004;6342,708;71,0115;4056076
GEO;Asia;Georgia;;2005;6849,789;70,6895;4026135
GEO;Asia;Georgia;;2006;7398,0527;70,9829;3996584
GEO;Asia;Georgia;;2007;8300,144;70,9852;3967592
GEO;Asia;Georgia;;2008;8461,917;70,9494;3941192
GEO;Asia;Georgia;;2009;8062,084;71,0578;3918935
GEO;Asia;Georgia;;2010;8443,437;71,7318;3895932
GEO;Asia;Georgia;;2011;8946;72,4846;3868724
GEO;Asia;Georgia;;2012;9497,121;72,6721;3839208
GEO;Asia;Georgia;;2013;9856,679;73,0247;3809128
GEO;Asia;Georgia;;2014;10307,604;73,1051;3792921
GEO;Asia;Georgia;;2015;10629,594;73,241;3791570
GEO;Asia;Georgia;;2016;10945,466;73,1358;3792061
GEO;Asia;Georgia;;2017;11479,426;73,4347;3792860
GEO;Asia;Georgia;;2018;12035,715;73,9847;3794881
GEO;Asia;Georgia;;2019;12631,664;74,1649;3796722
GEO;Asia;Georgia;;2020;11770,782;73,5094;3795680
GEO;Asia;Georgia;;2021;12994,772;71,6353;3788450
GEO;Asia;Georgia;;2022;14360,359;74,1409;3794782
GEO;Asia;Georgia;;2023;;74,4965;3807494
DEU;Europe;Germany;;1970;17277;70,6782;78205103
DEU;Europe;Germany;;1971;17657;70,9119;78345876
DEU;Europe;Germany;;1972;18301;71,1482;78719924
DEU;Europe;Germany;;1973;19074;71,362;78966975
DEU;Europe;Germany;;1974;19228;71,6776;78996691
DEU;Europe;Germany;;1975;19193;71,5162;78701861
DEU;Europe;Germany;;1976;20218;71,9791;78364503
DEU;Europe;Germany;;1977;20837;72,5901;78185560
DEU;Europe;Germany;;1978;21447;72,5703;78115357
DEU;Europe;Germany;;1979;22305;72,9181;78147898
DEU;Europe;Germany;;1980;22497;73,0883;78315373
DEU;Europe;Germany;;1981;22553;73,331;78448044
DEU;Europe;Germany;;1982;22380;73,6277;78393670
DEU;Europe;Germany;;1983;22840;73,9176;78224137
DEU;Europe;Germany;;1984;23564;74,3796;77998197
DEU;Europe;Germany;;1985;24133;74,4919;77863423
DEU;Europe;Germany;;1986;24657;74,6953;77923806
DEU;Europe;Germany;;1987;25027;75,1073;78062321
DEU;Europe;Germany;;1988;25759;75,2806;78385992
DEU;Europe;Germany;;1989;26393;75,467;79007062
DEU;Europe;Germany;;1990;25391;75,3414;79707963
DEU;Europe;Germany;;1991;26769,96;75,5597;80303190
DEU;Europe;Germany;;1992;27385,055;76,0035;80934901
DEU;Europe;Germany;;1993;27250,701;76,0803;81486771
DEU;Europe;Germany;;1994;28140,057;76,3799;81773613
DEU;Europe;Germany;;1995;28868,945;76,5515;82019890
DEU;Europe;Germany;;1996;29349,982;76,7833;82263195
DEU;Europe;Germany;;1997;30186,945;77,2182;82389631
DEU;Europe;Germany;;1998;31129,584;77,5759;82011933
DEU;Europe;Germany;;1999;32087,604;77,7977;81678279
DEU;Europe;Germany;;2000;33367,285;78,0563;81797255
DEU;Europe;Germany;;2001;34260,29;78,4023;81933882
DEU;Europe;Germany;;2002;34590,93;78,4749;82068328
DEU;Europe;Germany;;2003;34716,44;78,5361;82111619
DEU;Europe;Germany;;2004;35528,715;79,1186;82092706
DEU;Europe;Germany;;2005;36205,574;79,254;82046733
DEU;Europe;Germany;;2006;38014,137;79,5862;81701971
DEU;Europe;Germany;;2007;39752,207;79,7306;81298546
DEU;Europe;Germany;;2008;40715,434;79,8161;81110780
DEU;Europe;Germany;;2009;38962,938;79,9151;80935276
DEU;Europe;Germany;;2010;41109,582;80,0814;80830916
DEU;Europe;Germany;;2011;43189;80,3549;80857877
DEU;Europe;Germany;;2012;43288,32;80,5017;80916391
DEU;Europe;Germany;;2013;43359,137;80,454;81041581
DEU;Europe;Germany;;2014;44132,758;80,9056;81376078
DEU;Europe;Germany;;2015;44405,168;80,5658;82077546
DEU;Europe;Germany;;2016;45030,47;80,8371;82760102
DEU;Europe;Germany;;2017;46065,1;80,9371;83104010
DEU;Europe;Germany;;2018;46377,39;80,8747;83368507
DEU;Europe;Germany;;2019;46761,945;81,1893;83559184
DEU;Europe;Germany;;2020;44996,43;81,0036;83628711
DEU;Europe;Germany;;2021;46159,05;81,1059;83697080
DEU;Europe;Germany;;2022;46647,793;80,5796;84086227
DEU;Europe;Germany;;2023;;81,3777;84548233
GHA;Africa;Ghana;;1970;2270;47,8884;8925813
GHA;Africa;Ghana;;1971;2377;47,9487;9176264
GHA;Africa;Ghana;;1972;2235;48,2737;9438189
GHA;Africa;Ghana;;1973;2227;48,5772;9714615
GHA;Africa;Ghana;;1974;2319;48,9182;10000528
GHA;Africa;Ghana;;1975;1988;49,3226;10294312
GHA;Africa;Ghana;;1976;1878;49,7323;10594918
GHA;Africa;Ghana;;1977;1882;50,079;10911869
GHA;Africa;Ghana;;1978;2008;50,4607;11248453
GHA;Africa;Ghana;;1979;1929;50,7869;11597251
GHA;Africa;Ghana;;1980;1844;51,0594;11941451
GHA;Africa;Ghana;;1981;1820;51,3127;12281722
GHA;Africa;Ghana;;1982;1661;51,425;12643820
GHA;Africa;Ghana;;1983;1487;51,7799;13029841
GHA;Africa;Ghana;;1984;1530;52,2322;13370591
GHA;Africa;Ghana;;1985;1559;52,732;13661237
GHA;Africa;Ghana;;1986;1575;53,2758;13965221
GHA;Africa;Ghana;;1987;1605;53,8179;14289110
GHA;Africa;Ghana;;1988;1648;54,3957;14636577
GHA;Africa;Ghana;;1989;1685;54,9364;15006814
GHA;Africa;Ghana;;1990;1693;55,3949;15394650
GHA;Africa;Ghana;;1991;1742,6276;55,722;15787495
GHA;Africa;Ghana;;1992;1771,6003;56,0554;16184863
GHA;Africa;Ghana;;1993;1791,1127;56,2862;16589521
GHA;Africa;Ghana;;1994;1813,6117;56,2339;16993190
GHA;Africa;Ghana;;1995;1856,5728;56,662;17399023
GHA;Africa;Ghana;;1996;1907,9348;56,9568;17810184
GHA;Africa;Ghana;;1997;1964,9125;57,2414;18238961
GHA;Africa;Ghana;;1998;2017,9895;57,5245;18688041
GHA;Africa;Ghana;;1999;2066,7412;57,8354;19149875
GHA;Africa;Ghana;;2000;2100,293;58,1392;19637085
GHA;Africa;Ghana;;2001;2143,1062;58,403;20167073
GHA;Africa;Ghana;;2002;2192,0203;58,7086;20729392
GHA;Africa;Ghana;;2003;2256,8174;59,0141;21296710
GHA;Africa;Ghana;;2004;2329,5156;59,3159;21868298
GHA;Africa;Ghana;;2005;2411,2876;59,6381;22449446
GHA;Africa;Ghana;;2006;2503,9578;59,9753;23040704
GHA;Africa;Ghana;;2007;2553,1658;60,2822;23642284
GHA;Africa;Ghana;;2008;2725,7883;60,5785;24249945
GHA;Africa;Ghana;;2009;2793,8708;60,9278;24862667
GHA;Africa;Ghana;;2010;2946,0393;61,2974;25475000
GHA;Africa;Ghana;;2011;3283;61,6169;26095091
GHA;Africa;Ghana;;2012;3467,1042;61,9954;26734273
GHA;Africa;Ghana;;2013;3621,6008;62,3969;27386193
GHA;Africa;Ghana;;2014;3627,8384;62,8321;28041592
GHA;Africa;Ghana;;2015;3610,646;63,1749;28696071
GHA;Africa;Ghana;;2016;3640,779;63,5216;29356736
GHA;Africa;Ghana;;2017;3841,8796;63,829;30008364
GHA;Africa;Ghana;;2018;3983,1216;64,1382;30637592
GHA;Africa;Ghana;;2019;4143,3774;64,4554;31258943
GHA;Africa;Ghana;;2020;4069,252;64,3089;31887802
GHA;Africa;Ghana;;2021;4190,578;64,2862;32518662
GHA;Africa;Ghana;;2022;4242,4106;65,246;33149152
GHA;Africa;Ghana;;2023;;65,4979;33787916
GIB;Europe;Gibraltar;;1970;;71,8882;26657
GIB;Europe;Gibraltar;;1971;;72,1031;27044
GIB;Europe;Gibraltar;;1972;;72,356;27312
GIB;Europe;Gibraltar;;1973;;72,707;27559
GIB;Europe;Gibraltar;;1974;;73,0526;27775
GIB;Europe;Gibraltar;;1975;;73,3215;27973
GIB;Europe;Gibraltar;;1976;;73,4429;28158
GIB;Europe;Gibraltar;;1977;;73,479;28323
GIB;Europe;Gibraltar;;1978;;73,5124;28470
GIB;Europe;Gibraltar;;1979;;73,5853;28599
GIB;Europe;Gibraltar;;1980;;73,7548;28698
GIB;Europe;Gibraltar;;1981;;73,9989;28764
GIB;Europe;Gibraltar;;1982;;74,325;28792
GIB;Europe;Gibraltar;;1983;;74,613;28754
GIB;Europe;Gibraltar;;1984;;74,9349;28668
GIB;Europe;Gibraltar;;1985;;75,2316;28538
GIB;Europe;Gibraltar;;1986;;75,5571;28352
GIB;Europe;Gibraltar;;1987;;75,8713;28116
GIB;Europe;Gibraltar;;1988;;76,1795;27862
GIB;Europe;Gibraltar;;1989;;76,4744;27568
GIB;Europe;Gibraltar;;1990;;76,8143;27223
GIB;Europe;Gibraltar;;1991;;77,1177;26921
GIB;Europe;Gibraltar;;1992;;77,412;26900
GIB;Europe;Gibraltar;;1993;;77,7223;27098
GIB;Europe;Gibraltar;;1994;;78,0515;27265
GIB;Europe;Gibraltar;;1995;;78,345;27402
GIB;Europe;Gibraltar;;1996;;78,6957;27513
GIB;Europe;Gibraltar;;1997;;79,0973;27611
GIB;Europe;Gibraltar;;1998;;79,4765;27676
GIB;Europe;Gibraltar;;1999;;79,8124;27719
GIB;Europe;Gibraltar;;2000;;80,1446;27734
GIB;Europe;Gibraltar;;2001;;80,4187;27685
GIB;Europe;Gibraltar;;2002;;80,5898;27850
GIB;Europe;Gibraltar;;2003;;80,7126;28301
GIB;Europe;Gibraltar;;2004;;80,8559;28741
GIB;Europe;Gibraltar;;2005;;80,9906;29191
GIB;Europe;Gibraltar;;2006;;81,1033;29620
GIB;Europe;Gibraltar;;2007;;81,2695;30032
GIB;Europe;Gibraltar;;2008;;81,5414;30431
GIB;Europe;Gibraltar;;2009;;81,8073;30847
GIB;Europe;Gibraltar;;2010;;82,0797;31271
GIB;Europe;Gibraltar;;2011;;82,3334;31685
GIB;Europe;Gibraltar;;2012;;82,5267;32054
GIB;Europe;Gibraltar;;2013;;82,5861;32429
GIB;Europe;Gibraltar;;2014;;82,6444;32836
GIB;Europe;Gibraltar;;2015;;82,6682;33214
GIB;Europe;Gibraltar;;2016;;82,741;33682
GIB;Europe;Gibraltar;;2017;;82,8576;34267
GIB;Europe;Gibraltar;;2018;;83,0279;34883
GIB;Europe;Gibraltar;;2019;;83,1834;35518
GIB;Europe;Gibraltar;;2020;;83,0698;36198
GIB;Europe;Gibraltar;;2021;;80,2743;36881
GIB;Europe;Gibraltar;;2022;;83,5167;37631
GIB;Europe;Gibraltar;;2023;;83,553;38493
GRC;Europe;Greece;;1970;9900;72,7479;8747778
GRC;Europe;Greece;;1971;10559;72,939;8787031
GRC;Europe;Greece;;1972;11795;72,7238;8849379
GRC;Europe;Greece;;1973;12202;72,9757;8893404
GRC;Europe;Greece;;1974;11716;73,4724;8929111
GRC;Europe;Greece;;1975;12309;73,4734;9016969
GRC;Europe;Greece;;1976;12919;73,7477;9160211
GRC;Europe;Greece;;1977;13158;73,7515;9282025
GRC;Europe;Greece;;1978;13860;74,4411;9389966
GRC;Europe;Greece;;1979;14193;74,6714;9526008
GRC;Europe;Greece;;1980;14300;74,4811;9653419
GRC;Europe;Greece;;1981;14180;74,9087;9754398
GRC;Europe;Greece;;1982;14153;75,2082;9837470
GRC;Europe;Greece;;1983;14132;75,4972;9911493
GRC;Europe;Greece;;1984;14453;75,7849;9978779
GRC;Europe;Greece;;1985;14850;76,14;10037038
GRC;Europe;Greece;;1986;15047;76,5361;10088766
GRC;Europe;Greece;;1987;14944;76,1047;10134533
GRC;Europe;Greece;;1988;15596;77,0015;10177007
GRC;Europe;Greece;;1989;16117;77,1329;10218041
GRC;Europe;Greece;;1990;15964;77,2986;10258494
GRC;Europe;Greece;;1991;16409,69;77,386;10306645
GRC;Europe;Greece;;1992;16545,963;77,3061;10359895
GRC;Europe;Greece;;1993;16331,314;77,691;10412752
GRC;Europe;Greece;;1994;16724,287;77,8579;10466266
GRC;Europe;Greece;;1995;17148,197;77,893;10519233
GRC;Europe;Greece;;1996;17719,557;78,0364;10570083
GRC;Europe;Greece;;1997;18588,295;78,3991;10622327
GRC;Europe;Greece;;1998;19378,709;78,3027;10675411
GRC;Europe;Greece;;1999;20076,559;78,4233;10727953
GRC;Europe;Greece;;2000;20965,332;78,442;10782638
GRC;Europe;Greece;;2001;21913,797;78,9087;10843166
GRC;Europe;Greece;;2002;22893,959;79,0305;10890287
GRC;Europe;Greece;;2003;24380,066;79,0848;10918467
GRC;Europe;Greece;;2004;25780,385;79,3503;10947369
GRC;Europe;Greece;;2005;26091,523;79,6505;10981340
GRC;Europe;Greece;;2006;27731,111;79,7605;11016107
GRC;Europe;Greece;;2007;28822,916;79,6615;11045737
GRC;Europe;Greece;;2008;28907,926;80,1047;11076874
GRC;Europe;Greece;;2009;27839,898;80,3677;11108067
GRC;Europe;Greece;;2010;26517,465;80,5727;11124666
GRC;Europe;Greece;;2011;24349;80,6248;11108838
GRC;Europe;Greece;;2012;22746,207;80,4221;11048291
GRC;Europe;Greece;;2013;22335,27;81,067;10967534
GRC;Europe;Greece;;2014;22591,598;81,1203;10893169
GRC;Europe;Greece;;2015;22696,203;80,7894;10820902
GRC;Europe;Greece;;2016;22679,81;81,2692;10775506
GRC;Europe;Greece;;2017;22972,889;80,9614;10753532
GRC;Europe;Greece;;2018;23403,611;81,4954;10730846
GRC;Europe;Greece;;2019;23869,793;81,3487;10718581
GRC;Europe;Greece;;2020;21767,22;81,5361;10699370
GRC;Europe;Greece;;2021;23732,201;80,5312;10579561
GRC;Europe;Greece;;2022;25283,906;79,9441;10412481
GRC;Europe;Greece;;2023;;81,8568;10242910
GRL;North America;Greenland;;1970;;63,0296;45485
GRL;North America;Greenland;;1971;;62,9733;46519
GRL;North America;Greenland;;1972;;62,7342;47279
GRL;North America;Greenland;;1973;;62,3944;48000
GRL;North America;Greenland;;1974;;61,9639;48647
GRL;North America;Greenland;;1975;;61,7461;49189
GRL;North America;Greenland;;1976;;61,6715;49612
GRL;North America;Greenland;;1977;;61,6505;49776
GRL;North America;Greenland;;1978;;61,7667;49771
GRL;North America;Greenland;;1979;;61,9804;49802
GRL;North America;Greenland;;1980;;62,16;50130
GRL;North America;Greenland;;1981;;62,3315;50732
GRL;North America;Greenland;;1982;;62,5072;51354
GRL;North America;Greenland;;1983;;62,6433;51987
GRL;North America;Greenland;;1984;;62,746;52632
GRL;North America;Greenland;;1985;;62,8242;53234
GRL;North America;Greenland;;1986;;62,8715;53759
GRL;North America;Greenland;;1987;;62,9136;54280
GRL;North America;Greenland;;1988;;62,9852;54819
GRL;North America;Greenland;;1989;;63,094;55333
GRL;North America;Greenland;;1990;;63,2397;55650
GRL;North America;Greenland;;1991;;63,5142;55740
GRL;North America;Greenland;;1992;;63,7924;55769
GRL;North America;Greenland;;1993;;64,0794;55780
GRL;North America;Greenland;;1994;;63,9129;55766
GRL;North America;Greenland;;1995;;64,1569;55857
GRL;North America;Greenland;;1996;;64,3306;56020
GRL;North America;Greenland;;1997;;64,4872;56115
GRL;North America;Greenland;;1998;;64,6589;56175
GRL;North America;Greenland;;1999;;65,1213;56148
GRL;North America;Greenland;;2000;;65,6313;56228
GRL;North America;Greenland;;2001;;66,2727;56433
GRL;North America;Greenland;;2002;;67,0072;56617
GRL;North America;Greenland;;2003;;67,6174;56781
GRL;North America;Greenland;;2004;;67,5455;56926
GRL;North America;Greenland;;2005;;67,7693;56969
GRL;North America;Greenland;;2006;;68,1436;56901
GRL;North America;Greenland;;2007;;68,3385;56807
GRL;North America;Greenland;;2008;;68,4002;56683
GRL;North America;Greenland;;2009;;68,3786;56547
GRL;North America;Greenland;;2010;;68,4548;56634
GRL;North America;Greenland;;2011;;68,7938;56853
GRL;North America;Greenland;;2012;;69,3516;56797
GRL;North America;Greenland;;2013;;69,8014;56532
GRL;North America;Greenland;;2014;;70,0861;56195
GRL;North America;Greenland;;2015;;70,2341;56048
GRL;North America;Greenland;;2016;;70,3866;56082
GRL;North America;Greenland;;2017;;70,3861;56094
GRL;North America;Greenland;;2018;;70,354;56100
GRL;North America;Greenland;;2019;;70,2573;56109
GRL;North America;Greenland;;2020;;70,1558;56105
GRL;North America;Greenland;;2021;;70,0489;56065
GRL;North America;Greenland;;2022;;70,0519;56014
GRL;North America;Greenland;;2023;;70,055;55951
GRD;North America;Grenada;;1970;;66,856;98431
GRD;North America;Grenada;;1971;;66,8735;98659
GRD;North America;Grenada;;1972;;67,1506;98793
GRD;North America;Grenada;;1973;;67,5572;98723
GRD;North America;Grenada;;1974;;67,8842;98501
GRD;North America;Grenada;;1975;;68,0044;98144
GRD;North America;Grenada;;1976;;67,9487;97655
GRD;North America;Grenada;;1977;;67,8688;97031
GRD;North America;Grenada;;1978;;67,8563;96322
GRD;North America;Grenada;;1979;;67,9413;95507
GRD;North America;Grenada;;1980;;68,1169;94554
GRD;North America;Grenada;;1981;;68,3481;94066
GRD;North America;Grenada;;1982;;68,5968;94399
GRD;North America;Grenada;;1983;;64,3326;94963
GRD;North America;Grenada;;1984;;69,0947;95518
GRD;North America;Grenada;;1985;;69,3378;96124
GRD;North America;Grenada;;1986;;69,5741;96807
GRD;North America;Grenada;;1987;;69,8084;97537
GRD;North America;Grenada;;1988;;70,0449;98323
GRD;North America;Grenada;;1989;;70,2889;99133
GRD;North America;Grenada;;1990;;70,5464;99973
GRD;North America;Grenada;;1991;;70,8233;100806
GRD;North America;Grenada;;1992;;71,1249;101618
GRD;North America;Grenada;;1993;;71,45;102398
GRD;North America;Grenada;;1994;;71,78;103150
GRD;North America;Grenada;;1995;;72,0936;103890
GRD;North America;Grenada;;1996;;72,373;104599
GRD;North America;Grenada;;1997;;72,6004;105309
GRD;North America;Grenada;;1998;;72,7622;106023
GRD;North America;Grenada;;1999;;72,8725;106744
GRD;North America;Grenada;;2000;;72,9547;107466
GRD;North America;Grenada;;2001;;73,0336;107998
GRD;North America;Grenada;;2002;;73,1424;108414
GRD;North America;Grenada;;2003;;73,2907;108895
GRD;North America;Grenada;;2004;;72,4468;109338
GRD;North America;Grenada;;2005;;73,7003;109744
GRD;North America;Grenada;;2006;;73,9302;110149
GRD;North America;Grenada;;2007;;74,1588;110532
GRD;North America;Grenada;;2008;;74,3745;110911
GRD;North America;Grenada;;2009;;74,567;111266
GRD;North America;Grenada;;2010;;74,7308;111600
GRD;North America;Grenada;;2011;;74,8608;112093
GRD;North America;Grenada;;2012;;74,9607;112792
GRD;North America;Grenada;;2013;;75,0221;113499
GRD;North America;Grenada;;2014;;75,0449;114148
GRD;North America;Grenada;;2015;;75,0375;114691
GRD;North America;Grenada;;2016;;75,0099;115147
GRD;North America;Grenada;;2017;;74,9766;115448
GRD;North America;Grenada;;2018;;74,9569;115703
GRD;North America;Grenada;;2019;;74,9711;115995
GRD;North America;Grenada;;2020;;75,019;116353
GRD;North America;Grenada;;2021;;74,5221;116696
GRD;North America;Grenada;;2022;;75,1508;116928
GRD;North America;Grenada;;2023;;75,2052;117094
GLP;North America;Guadeloupe;;1970;;64,6923;318118
GLP;North America;Guadeloupe;;1971;;65,1486;319086
GLP;North America;Guadeloupe;;1972;;65,5783;319678
GLP;North America;Guadeloupe;;1973;;66,0776;320008
GLP;North America;Guadeloupe;;1974;;66,6521;320574
GLP;North America;Guadeloupe;;1975;;67,1572;322469
GLP;North America;Guadeloupe;;1976;;67,8057;325311
GLP;North America;Guadeloupe;;1977;;68,4501;327718
GLP;North America;Guadeloupe;;1978;;68,9237;329313
GLP;North America;Guadeloupe;;1979;;69,4315;330398
GLP;North America;Guadeloupe;;1980;;69,9245;331218
GLP;North America;Guadeloupe;;1981;;70,4364;332515
GLP;North America;Guadeloupe;;1982;;70,9206;335826
GLP;North America;Guadeloupe;;1983;;71,3782;341393
GLP;North America;Guadeloupe;;1984;;71,8336;347996
GLP;North America;Guadeloupe;;1985;;72,2345;354895
GLP;North America;Guadeloupe;;1986;;72,6307;361927
GLP;North America;Guadeloupe;;1987;;72,958;368959
GLP;North America;Guadeloupe;;1988;;73,2828;376001
GLP;North America;Guadeloupe;;1989;;73,6005;382812
GLP;North America;Guadeloupe;;1990;;73,9321;388820
GLP;North America;Guadeloupe;;1991;;74,2668;393787
GLP;North America;Guadeloupe;;1992;;74,6192;398165
GLP;North America;Guadeloupe;;1993;;74,8951;402324
GLP;North America;Guadeloupe;;1994;;75,2063;406330
GLP;North America;Guadeloupe;;1995;;75,5334;410191
GLP;North America;Guadeloupe;;1996;;75,8501;413932
GLP;North America;Guadeloupe;;1997;;76,1559;417595
GLP;North America;Guadeloupe;;1998;;76,4287;420476
GLP;North America;Guadeloupe;;1999;;76,7438;420943
GLP;North America;Guadeloupe;;2000;;77,08;419565
GLP;North America;Guadeloupe;;2001;;77,2667;417844
GLP;North America;Guadeloupe;;2002;;77,8108;415762
GLP;North America;Guadeloupe;;2003;;78,1707;413418
GLP;North America;Guadeloupe;;2004;;78,3494;410859
GLP;North America;Guadeloupe;;2005;;78,1836;408085
GLP;North America;Guadeloupe;;2006;;78,4279;407230
GLP;North America;Guadeloupe;;2007;;79,054;408303
GLP;North America;Guadeloupe;;2008;;79,6593;408987
GLP;North America;Guadeloupe;;2009;;79,7474;408998
GLP;North America;Guadeloupe;;2010;;80,12;408815
GLP;North America;Guadeloupe;;2011;;80,4527;409063
GLP;North America;Guadeloupe;;2012;;80,9718;409153
GLP;North America;Guadeloupe;;2013;;80,7917;408367
GLP;North America;Guadeloupe;;2014;;81,1854;406652
GLP;North America;Guadeloupe;;2015;;81,2679;403950
GLP;North America;Guadeloupe;;2016;;81,6403;404642
GLP;North America;Guadeloupe;;2017;;81,7544;412701
GLP;North America;Guadeloupe;;2018;;81,3819;415184
GLP;North America;Guadeloupe;;2019;;81,3922;410266
GLP;North America;Guadeloupe;;2020;;80,6481;407401
GLP;North America;Guadeloupe;;2021;;78,2108;399157
GLP;North America;Guadeloupe;;2022;;80,9054;384702
GLP;North America;Guadeloupe;;2023;;82,0503;376518
GUM;Oceania;Guam;;1970;;65,8109;88380
GUM;Oceania;Guam;;1971;;66,0641;90475
GUM;Oceania;Guam;;1972;;66,4694;92630
GUM;Oceania;Guam;;1973;;66,9301;94794
GUM;Oceania;Guam;;1974;;67,5318;96952
GUM;Oceania;Guam;;1975;;68,0107;99071
GUM;Oceania;Guam;;1976;;68,2747;101177
GUM;Oceania;Guam;;1977;;69,024;103310
GUM;Oceania;Guam;;1978;;69,5705;105439
GUM;Oceania;Guam;;1979;;70,116;107657
GUM;Oceania;Guam;;1980;;70,6742;110154
GUM;Oceania;Guam;;1981;;71,1797;112917
GUM;Oceania;Guam;;1982;;71,6807;115729
GUM;Oceania;Guam;;1983;;72,1411;118518
GUM;Oceania;Guam;;1984;;72,5891;121316
GUM;Oceania;Guam;;1985;;73,0704;124133
GUM;Oceania;Guam;;1986;;73,3244;126981
GUM;Oceania;Guam;;1987;;73,4675;129867
GUM;Oceania;Guam;;1988;;73,4292;132816
GUM;Oceania;Guam;;1989;;73,5031;135812
GUM;Oceania;Guam;;1990;;73,4554;138623
GUM;Oceania;Guam;;1991;;73,5181;141093
GUM;Oceania;Guam;;1992;;73,6322;143400
GUM;Oceania;Guam;;1993;;74,0045;145670
GUM;Oceania;Guam;;1994;;74,3445;147882
GUM;Oceania;Guam;;1995;;74,511;150064
GUM;Oceania;Guam;;1996;;74,6376;152178
GUM;Oceania;Guam;;1997;;74,7004;154225
GUM;Oceania;Guam;;1998;;74,7533;156244
GUM;Oceania;Guam;;1999;;74,7894;158297
GUM;Oceania;Guam;;2000;;74,894;160078
GUM;Oceania;Guam;;2001;;75,1948;161339
GUM;Oceania;Guam;;2002;;75,5056;162326
GUM;Oceania;Guam;;2003;;75,8847;163146
GUM;Oceania;Guam;;2004;;76,1138;163815
GUM;Oceania;Guam;;2005;;76,4271;164373
GUM;Oceania;Guam;;2006;;76,4766;164848
GUM;Oceania;Guam;;2007;;76,3967;165278
GUM;Oceania;Guam;;2008;;76,2332;165704
GUM;Oceania;Guam;;2009;;76,1415;166189
GUM;Oceania;Guam;;2010;;76,0954;166533
GUM;Oceania;Guam;;2011;;76,1529;166554
GUM;Oceania;Guam;;2012;;76,2375;166348
GUM;Oceania;Guam;;2013;;76,361;165979
GUM;Oceania;Guam;;2014;;76,4228;165492
GUM;Oceania;Guam;;2015;;76,4438;164914
GUM;Oceania;Guam;;2016;;76,4487;164240
GUM;Oceania;Guam;;2017;;76,4631;163501
GUM;Oceania;Guam;;2018;;76,5605;162689
GUM;Oceania;Guam;;2019;;76,6453;161819
GUM;Oceania;Guam;;2020;;75,5289;162167
GUM;Oceania;Guam;;2021;;75,4337;163741
GUM;Oceania;Guam;;2022;;77,1015;165193
GUM;Oceania;Guam;;2023;;77,2093;166522
GTM;North America;Guatemala;;1970;4653;48,5065;5396972
GTM;North America;Guatemala;;1971;4801;50,2762;5538359
GTM;North America;Guatemala;;1972;5037;51,8172;5682834
GTM;North America;Guatemala;;1973;5255;52,8481;5831640
GTM;North America;Guatemala;;1974;5461;53,023;5981201
GTM;North America;Guatemala;;1975;5439;52,8323;6128733
GTM;North America;Guatemala;;1976;5705;47,6172;6262409
GTM;North America;Guatemala;;1977;6005;55,1845;6401516
GTM;North America;Guatemala;;1978;6156;56,4117;6561540
GTM;North America;Guatemala;;1979;6298;56,5996;6727798
GTM;North America;Guatemala;;1980;6384;55,2968;6900215
GTM;North America;Guatemala;;1981;6256;54,7095;7075648
GTM;North America;Guatemala;;1982;5903;48,8627;7240249
GTM;North America;Guatemala;;1983;5585;57,9127;7419642
GTM;North America;Guatemala;;1984;5469;59,0735;7630682
GTM;North America;Guatemala;;1985;5292;59,7884;7849691
GTM;North America;Guatemala;;1986;5136;60,3412;8070818
GTM;North America;Guatemala;;1987;5098;60,9913;8296488
GTM;North America;Guatemala;;1988;5086;61,5379;8532104
GTM;North America;Guatemala;;1989;5144;61,7454;8775549
GTM;North America;Guatemala;;1990;5165;61,7673;9024775
GTM;North America;Guatemala;;1991;5166,55;61,9256;9272592
GTM;North America;Guatemala;;1992;5303,5986;61,9922;9522265
GTM;North America;Guatemala;;1993;5382,9785;62,4421;9779760
GTM;North America;Guatemala;;1994;5414,541;63,0264;10043713
GTM;North America;Guatemala;;1995;5501,042;63,6619;10312999
GTM;North America;Guatemala;;1996;5511,905;64,5396;10583528
GTM;North America;Guatemala;;1997;5601,2075;65,2489;10857754
GTM;North America;Guatemala;;1998;5730,646;65,9688;11139147
GTM;North America;Guatemala;;1999;5824,8833;66,6342;11422977
GTM;North America;Guatemala;;2000;5860,272;67,1018;11697592
GTM;North America;Guatemala;;2001;5882,7197;67,4365;11969423
GTM;North America;Guatemala;;2002;5980,242;67,8345;12246923
GTM;North America;Guatemala;;2003;6004,1445;68,2041;12525843
GTM;North America;Guatemala;;2004;6070,1943;68,2448;12807409
GTM;North America;Guatemala;;2005;6130,4824;68,167;13087637
GTM;North America;Guatemala;;2006;6305,8184;68,7902;13367455
GTM;North America;Guatemala;;2007;6545,7524;69,2993;13652042
GTM;North America;Guatemala;;2008;6604,6826;69,4929;13935172
GTM;North America;Guatemala;;2009;6488,646;69,6764;14215614
GTM;North America;Guatemala;;2010;6526,4575;69,885;14500118
GTM;North America;Guatemala;;2011;6650;70,3214;14792123
GTM;North America;Guatemala;;2012;6718,332;70,7225;15089639
GTM;North America;Guatemala;;2013;6813,4116;70,878;15387339
GTM;North America;Guatemala;;2014;6978,106;70,9424;15681725
GTM;North America;Guatemala;;2015;7126,9927;70,9148;15971745
GTM;North America;Guatemala;;2016;7186,66;71,215;16268761
GTM;North America;Guatemala;;2017;7279,7397;71,5829;16567363
GTM;North America;Guatemala;;2018;7399,198;71,4964;16845688
GTM;North America;Guatemala;;2019;7565,846;71,6394;17103803
GTM;North America;Guatemala;;2020;7309,368;69,9707;17357331
GTM;North America;Guatemala;;2021;7764,6963;67,8582;17598652
GTM;North America;Guatemala;;2022;7969,431;71,2064;17847877
GTM;North America;Guatemala;;2023;;72,6023;18124841
GGY;Europe;Guernsey;;1970;;72,5782;53658
GGY;Europe;Guernsey;;1971;;73,0081;54181
GGY;Europe;Guernsey;;1972;;72,8938;54307
GGY;Europe;Guernsey;;1973;;74,2181;54329
GGY;Europe;Guernsey;;1974;;73,5579;54351
GGY;Europe;Guernsey;;1975;;73,5784;54297
GGY;Europe;Guernsey;;1976;;73,6434;54218
GGY;Europe;Guernsey;;1977;;74,1207;54163
GGY;Europe;Guernsey;;1978;;74,4415;54110
GGY;Europe;Guernsey;;1979;;74,3146;54045
GGY;Europe;Guernsey;;1980;;75,4874;53956
GGY;Europe;Guernsey;;1981;;74,6808;54055
GGY;Europe;Guernsey;;1982;;72,3651;54374
GGY;Europe;Guernsey;;1983;;76,2083;54778
GGY;Europe;Guernsey;;1984;;76,2265;55238
GGY;Europe;Guernsey;;1985;;76,0329;55724
GGY;Europe;Guernsey;;1986;;76,0268;56265
GGY;Europe;Guernsey;;1987;;76,4275;56873
GGY;Europe;Guernsey;;1988;;76,6987;57523
GGY;Europe;Guernsey;;1989;;77,6011;58212
GGY;Europe;Guernsey;;1990;;76,6357;58921
GGY;Europe;Guernsey;;1991;;76,7928;59404
GGY;Europe;Guernsey;;1992;;77,8223;59534
GGY;Europe;Guernsey;;1993;;76,7998;59524
GGY;Europe;Guernsey;;1994;;77,0163;59487
GGY;Europe;Guernsey;;1995;;78,1235;59403
GGY;Europe;Guernsey;;1996;;78,0918;59415
GGY;Europe;Guernsey;;1997;;78,7018;59580
GGY;Europe;Guernsey;;1998;;79,1567;59802
GGY;Europe;Guernsey;;1999;;80,2553;60048
GGY;Europe;Guernsey;;2000;;79,3867;60295
GGY;Europe;Guernsey;;2001;;79,487;60484
GGY;Europe;Guernsey;;2002;;79,6117;60611
GGY;Europe;Guernsey;;2003;;79,6828;60704
GGY;Europe;Guernsey;;2004;;80,4338;60806
GGY;Europe;Guernsey;;2005;;80,7315;60897
GGY;Europe;Guernsey;;2006;;81,1572;61015
GGY;Europe;Guernsey;;2007;;81,3092;61126
GGY;Europe;Guernsey;;2008;;81,5586;61255
GGY;Europe;Guernsey;;2009;;81,9031;61390
GGY;Europe;Guernsey;;2010;;82,3105;61539
GGY;Europe;Guernsey;;2011;;82,6412;61699
GGY;Europe;Guernsey;;2012;;82,3522;61881
GGY;Europe;Guernsey;;2013;;82,8353;62045
GGY;Europe;Guernsey;;2014;;83,0091;62188
GGY;Europe;Guernsey;;2015;;82,7496;62259
GGY;Europe;Guernsey;;2016;;82,5649;62216
GGY;Europe;Guernsey;;2017;;82,3206;62214
GGY;Europe;Guernsey;;2018;;82,7481;62458
GGY;Europe;Guernsey;;2019;;83,2815;62808
GGY;Europe;Guernsey;;2020;;83,3459;63128
GGY;Europe;Guernsey;;2021;;81,9691;63436
GGY;Europe;Guernsey;;2022;;83,108;63750
GGY;Europe;Guernsey;;2023;;83,2744;64043
GIN;Africa;Guinea;;1970;795;39,0603;4277540
GIN;Africa;Guinea;;1971;822;39,3716;4355205
GIN;Africa;Guinea;;1972;826;39,6826;4431293
GIN;Africa;Guinea;;1973;821;39,9373;4506326
GIN;Africa;Guinea;;1974;848;40,2287;4580513
GIN;Africa;Guinea;;1975;854;40,6065;4653877
GIN;Africa;Guinea;;1976;905;41,0276;4727031
GIN;Africa;Guinea;;1977;858;41,4091;4801129
GIN;Africa;Guinea;;1978;897;41,8824;4877853
GIN;Africa;Guinea;;1979;869;42,3433;4959287
GIN;Africa;Guinea;;1980;872;42,8415;5047423
GIN;Africa;Guinea;;1981;859;43,3301;5143296
GIN;Africa;Guinea;;1982;858;43,8629;5247672
GIN;Africa;Guinea;;1983;850;44,2261;5359815
GIN;Africa;Guinea;;1984;824;44,8577;5480098
GIN;Africa;Guinea;;1985;821;45,3102;5610369
GIN;Africa;Guinea;;1986;819;45,7195;5750669
GIN;Africa;Guinea;;1987;826;46,1073;5900199
GIN;Africa;Guinea;;1988;856;46,478;6056575
GIN;Africa;Guinea;;1989;869;46,8596;6215816
GIN;Africa;Guinea;;1990;861;47,2518;6434383
GIN;Africa;Guinea;;1991;827,0069;47,7813;6697167
GIN;Africa;Guinea;;1992;833,22675;48,2662;6914370
GIN;Africa;Guinea;;1993;862,73126;48,8185;7128174
GIN;Africa;Guinea;;1994;882,49445;49,1884;7345106
GIN;Africa;Guinea;;1995;906,2644;49,8359;7553252
GIN;Africa;Guinea;;1996;927,12946;50,5458;7770035
GIN;Africa;Guinea;;1997;976,49664;51,1134;7931371
GIN;Africa;Guinea;;1998;1010,79193;51,6099;8081993
GIN;Africa;Guinea;;1999;1031,3826;51,9871;8265121
GIN;Africa;Guinea;;2000;1046,567;52,4197;8428837
GIN;Africa;Guinea;;2001;1090,652;52,669;8539963
GIN;Africa;Guinea;;2002;1148,5447;53,2002;8674072
GIN;Africa;Guinea;;2003;1146,3353;53,5891;8870790
GIN;Africa;Guinea;;2004;1159,8251;53,9748;9062724
GIN;Africa;Guinea;;2005;1186,6047;54,4217;9245844
GIN;Africa;Guinea;;2006;1188,4846;54,8753;9441174
GIN;Africa;Guinea;;2007;1253,4077;55,2331;9662278
GIN;Africa;Guinea;;2008;1290,4037;55,7034;9898870
GIN;Africa;Guinea;;2009;1255,2418;56,052;10143540
GIN;Africa;Guinea;;2010;1291,6963;56,4305;10396090
GIN;Africa;Guinea;;2011;1347;56,7776;10656812
GIN;Africa;Guinea;;2012;1397;57,1169;10921580
GIN;Africa;Guinea;;2013;1421;57,4588;11191874
GIN;Africa;Guinea;;2014;1399;57,5815;11472921
GIN;Africa;Guinea;;2015;1364;57,8986;11767077
GIN;Africa;Guinea;;2016;1472,953;58,49;12073031
GIN;Africa;Guinea;;2017;1583,5482;58,7151;12385668
GIN;Africa;Guinea;;2018;1642,1047;59,0434;12704776
GIN;Africa;Guinea;;2019;1690,8837;59,3785;13034349
GIN;Africa;Guinea;;2020;1726,5083;59,3499;13371185
GIN;Africa;Guinea;;2021;1769,8623;59,3728;13710515
GIN;Africa;Guinea;;2022;1809,2666;60,4316;14055136
GIN;Africa;Guinea;;2023;;60,7405;14405469
GNB;Africa;Guinea-Bissau;;1970;1395;37,2582;584409
GNB;Africa;Guinea-Bissau;;1971;1333;37,5382;586230
GNB;Africa;Guinea-Bissau;;1972;1412;37,8196;586632
GNB;Africa;Guinea-Bissau;;1973;1411;38,17;592815
GNB;Africa;Guinea-Bissau;;1974;1458;41,6131;613346
GNB;Africa;Guinea-Bissau;;1975;1479;41,9339;650972
GNB;Africa;Guinea-Bissau;;1976;1443;42,2529;694194
GNB;Africa;Guinea-Bissau;;1977;1317;42,5783;741796
GNB;Africa;Guinea-Bissau;;1978;1465;42,9084;791693
GNB;Africa;Guinea-Bissau;;1979;1468;43,2385;819878
GNB;Africa;Guinea-Bissau;;1980;1207;43,5703;829314
GNB;Africa;Guinea-Bissau;;1981;1173;43,9257;842436
GNB;Africa;Guinea-Bissau;;1982;1195;44,2928;855899
GNB;Africa;Guinea-Bissau;;1983;1129;44,6004;869596
GNB;Africa;Guinea-Bissau;;1984;1162;44,9432;883528
GNB;Africa;Guinea-Bissau;;1985;1184;45,2656;897707
GNB;Africa;Guinea-Bissau;;1986;1146;45,523;912129
GNB;Africa;Guinea-Bissau;;1987;1183;45,8441;926872
GNB;Africa;Guinea-Bissau;;1988;1235;46,2791;942065
GNB;Africa;Guinea-Bissau;;1989;1259;46,6142;957792
GNB;Africa;Guinea-Bissau;;1990;1270;46,8904;973678
GNB;Africa;Guinea-Bissau;;1991;1282,7288;47,2012;994640
GNB;Africa;Guinea-Bissau;;1992;1287,2765;47,5184;1024365
GNB;Africa;Guinea-Bissau;;1993;1280,342;47,8404;1058755
GNB;Africa;Guinea-Bissau;;1994;1284,927;47,7747;1092037
GNB;Africa;Guinea-Bissau;;1995;1310,1874;48,5313;1119950
GNB;Africa;Guinea-Bissau;;1996;1337,4675;48,7718;1143544
GNB;Africa;Guinea-Bissau;;1997;1388,1027;48,0331;1165550
GNB;Africa;Guinea-Bissau;;1998;1130,8127;48,1231;1187478
GNB;Africa;Guinea-Bissau;;1999;1256,0825;48,4919;1210211
GNB;Africa;Guinea-Bissau;;2000;1230,6406;50,5646;1234747
GNB;Africa;Guinea-Bissau;;2001;1233,072;51,0536;1261281
GNB;Africa;Guinea-Bissau;;2002;1196,2325;51,6083;1289317
GNB;Africa;Guinea-Bissau;;2003;1181,9435;52,186;1318809
GNB;Africa;Guinea-Bissau;;2004;1194,6708;52,7998;1349569
GNB;Africa;Guinea-Bissau;;2005;1226,5609;52,9489;1381590
GNB;Africa;Guinea-Bissau;;2006;1233,8132;54,0885;1415315
GNB;Africa;Guinea-Bissau;;2007;1252,574;54,8705;1450989
GNB;Africa;Guinea-Bissau;;2008;1270,7228;55,3;1488059
GNB;Africa;Guinea-Bissau;;2009;1292,0293;56,2974;1526384
GNB;Africa;Guinea-Bissau;;2010;1329,3724;56,9992;1566352
GNB;Africa;Guinea-Bissau;;2011;1413;57,6626;1608084
GNB;Africa;Guinea-Bissau;;2012;1361;58,27;1651425
GNB;Africa;Guinea-Bissau;;2013;1378;58,8789;1695980
GNB;Africa;Guinea-Bissau;;2014;1355;59,476;1741126
GNB;Africa;Guinea-Bissau;;2015;1393;60,0708;1786461
GNB;Africa;Guinea-Bissau;;2016;1443,4241;60,6187;1831898
GNB;Africa;Guinea-Bissau;;2017;1492,0392;61,1484;1877074
GNB;Africa;Guinea-Bissau;;2018;1511,8668;61,6516;1922167
GNB;Africa;Guinea-Bissau;;2019;1543,4176;62,1612;1967704
GNB;Africa;Guinea-Bissau;;2020;1531,3096;61,343;2013259
GNB;Africa;Guinea-Bissau;;2021;1593,8186;61,6528;2058841
GNB;Africa;Guinea-Bissau;;2022;1625,3876;63,6045;2105535
GNB;Africa;Guinea-Bissau;;2023;;64,0849;2153343
GUY;South America;Guyana;;1970;;59,9608;702714
GUY;South America;Guyana;;1971;;60,0683;712672
GUY;South America;Guyana;;1972;;60,1332;721630
GUY;South America;Guyana;;1973;;60,2105;730149
GUY;South America;Guyana;;1974;;60,3049;738063
GUY;South America;Guyana;;1975;;60,3749;745407
GUY;South America;Guyana;;1976;;60,4485;752258
GUY;South America;Guyana;;1977;;60,5582;758659
GUY;South America;Guyana;;1978;;60,6458;764594
GUY;South America;Guyana;;1979;;60,7349;770067
GUY;South America;Guyana;;1980;;60,8079;774372
GUY;South America;Guyana;;1981;;60,9105;776461
GUY;South America;Guyana;;1982;;61,0099;776718
GUY;South America;Guyana;;1983;;61,1565;775897
GUY;South America;Guyana;;1984;;61,2548;774119
GUY;South America;Guyana;;1985;;61,3791;771484
GUY;South America;Guyana;;1986;;61,5214;768104
GUY;South America;Guyana;;1987;;61,6983;764125
GUY;South America;Guyana;;1988;;61,8493;759674
GUY;South America;Guyana;;1989;;62,0537;754873
GUY;South America;Guyana;;1990;;62,2538;749891
GUY;South America;Guyana;;1991;;62,4632;747870
GUY;South America;Guyana;;1992;;62,816;749919
GUY;South America;Guyana;;1993;;63,0161;752969
GUY;South America;Guyana;;1994;;63,0066;755821
GUY;South America;Guyana;;1995;;62,668;758395
GUY;South America;Guyana;;1996;;62,6909;760535
GUY;South America;Guyana;;1997;;62,8794;762250
GUY;South America;Guyana;;1998;;63,4292;763596
GUY;South America;Guyana;;1999;;63,7715;764490
GUY;South America;Guyana;;2000;;64,0748;764836
GUY;South America;Guyana;;2001;;64,3804;764484
GUY;South America;Guyana;;2002;;64,1832;763657
GUY;South America;Guyana;;2003;;64,1173;763107
GUY;South America;Guyana;;2004;;64,2138;762424
GUY;South America;Guyana;;2005;;64,392;760922
GUY;South America;Guyana;;2006;;64,848;758976
GUY;South America;Guyana;;2007;;65,4617;756874
GUY;South America;Guyana;;2008;;65,7211;754614
GUY;South America;Guyana;;2009;;66,0297;752097
GUY;South America;Guyana;;2010;;66,2043;749259
GUY;South America;Guyana;;2011;;66,4688;746161
GUY;South America;Guyana;;2012;;66,4433;746296
GUY;South America;Guyana;;2013;;66,7099;750020
GUY;South America;Guyana;;2014;;67,3343;754231
GUY;South America;Guyana;;2015;;67,7193;758783
GUY;South America;Guyana;;2016;;68,0685;763553
GUY;South America;Guyana;;2017;;68,5431;768483
GUY;South America;Guyana;;2018;;68,8288;791563
GUY;South America;Guyana;;2019;;69,0673;807668
GUY;South America;Guyana;;2020;;67,751;807486
GUY;South America;Guyana;;2021;;64,3228;815484
GUY;South America;Guyana;;2022;;69,8885;821638
GUY;South America;Guyana;;2023;;70,1802;826357
HTI;North America;Haiti;;1970;1567;47,2647;4635126
HTI;North America;Haiti;;1971;1651;47,6187;4723251
HTI;North America;Haiti;;1972;1635;47,8842;4813866
HTI;North America;Haiti;;1973;1678;48,1944;4906746
HTI;North America;Haiti;;1974;1742;48,4583;5001803
HTI;North America;Haiti;;1975;1726;48,7201;5099095
HTI;North America;Haiti;;1976;1835;48,9719;5198354
HTI;North America;Haiti;;1977;1808;49,2258;5299480
HTI;North America;Haiti;;1978;1859;49,4839;5402580
HTI;North America;Haiti;;1979;1959;49,7492;5507590
HTI;North America;Haiti;;1980;2063;49,9714;5614494
HTI;North America;Haiti;;1981;1964;50,3097;5723727
HTI;North America;Haiti;;1982;1855;50,6257;5835939
HTI;North America;Haiti;;1983;1835;50,9461;5951101
HTI;North America;Haiti;;1984;1803;51,2537;6069238
HTI;North America;Haiti;;1985;1776;51,5832;6190868
HTI;North America;Haiti;;1986;1729;51,8739;6316123
HTI;North America;Haiti;;1987;1682;52,2452;6445125
HTI;North America;Haiti;;1988;1701;52,5537;6578150
HTI;North America;Haiti;;1989;1619;52,8802;6714732
HTI;North America;Haiti;;1990;1602;53,2154;6854444
HTI;North America;Haiti;;1991;1628,7188;53,5241;6995455
HTI;North America;Haiti;;1992;1535,9707;54,0414;7136577
HTI;North America;Haiti;;1993;1443,1808;54,4779;7278182
HTI;North America;Haiti;;1994;1262,337;54,7312;7419776
HTI;North America;Haiti;;1995;1378,5417;55,5816;7562551
HTI;North America;Haiti;;1996;1426,4126;56,1112;7707560
HTI;North America;Haiti;;1997;1456,2339;56,6749;7854304
HTI;North America;Haiti;;1998;1480,5769;57,1373;8002144
HTI;North America;Haiti;;1999;1513,3318;57,6923;8151301
HTI;North America;Haiti;;2000;1520,7292;58,1749;8303151
HTI;North America;Haiti;;2001;1501,1024;58,5914;8455917
HTI;North America;Haiti;;2002;1494,1837;59,0411;8607648
HTI;North America;Haiti;;2003;1495,8921;59,4398;8759913
HTI;North America;Haiti;;2004;1439,2076;58,5165;8910267
HTI;North America;Haiti;;2005;1461,8;60,3182;9061274
HTI;North America;Haiti;;2006;1493,0382;60,7404;9216569
HTI;North America;Haiti;;2007;1541,7675;61,0902;9373300
HTI;North America;Haiti;;2008;1555,4932;61,2801;9530782
HTI;North America;Haiti;;2009;1604,1127;61,6945;9689585
HTI;North America;Haiti;;2010;1556,5504;45,5768;9803299
HTI;North America;Haiti;;2011;1648;61,5812;9914904
HTI;North America;Haiti;;2012;1674;62,2735;10069770
HTI;North America;Haiti;;2013;1722;62,6245;10222365
HTI;North America;Haiti;;2014;1749;62,9689;10373241
HTI;North America;Haiti;;2015;1742;63,2239;10523249
HTI;North America;Haiti;;2016;1748,7269;63,3247;10671462
HTI;North America;Haiti;;2017;1767,923;63,8323;10817759
HTI;North America;Haiti;;2018;1773,1095;64,0766;10962373
HTI;North America;Haiti;;2019;1719,4462;64,3281;11105165
HTI;North America;Haiti;;2020;1641,7617;63,773;11243846
HTI;North America;Haiti;;2021;1591,76;62,613;11374592
HTI;North America;Haiti;;2022;1546,4222;63,9483;11503603
HTI;North America;Haiti;;2023;;64,9356;11637402
HND;North America;Honduras;;1970;2391;54,3603;2750721
HND;North America;Honduras;;1971;2404;55,0121;2834624
HND;North America;Honduras;;1972;2448;55,6886;2922075
HND;North America;Honduras;;1973;2544;54,5647;3011471
HND;North America;Honduras;;1974;2797;52,5188;3099844
HND;North America;Honduras;;1975;2764;57,5234;3193239
HND;North America;Honduras;;1976;2954;58,1514;3294460
HND;North America;Honduras;;1977;3153;58,7044;3398659
HND;North America;Honduras;;1978;3346;59,2481;3505466
HND;North America;Honduras;;1979;3382;59,8287;3614990
HND;North America;Honduras;;1980;3282;60,3876;3727179
HND;North America;Honduras;;1981;3231;61,033;3841781
HND;North America;Honduras;;1982;3076;61,6879;3958735
HND;North America;Honduras;;1983;2947;62,4079;4078177
HND;North America;Honduras;;1984;2968;62,8191;4199855
HND;North America;Honduras;;1985;2982;63,2229;4323338
HND;North America;Honduras;;1986;2898;63,6509;4448905
HND;North America;Honduras;;1987;2970;64,0659;4576911
HND;North America;Honduras;;1988;3009;64,3928;4707683
HND;North America;Honduras;;1989;3045;64,7816;4841843
HND;North America;Honduras;;1990;2960;65,1825;4980493
HND;North America;Honduras;;1991;2993,124;65,5842;5123797
HND;North America;Honduras;;1992;3094,5479;65,9078;5271437
HND;North America;Honduras;;1993;3216,8804;66,0744;5423253
HND;North America;Honduras;;1994;3105,972;66,5234;5579247
HND;North America;Honduras;;1995;3163,8262;66,919;5739636
HND;North America;Honduras;;1996;3210,2703;67,2627;5903962
HND;North America;Honduras;;1997;3303,2676;67,5418;6071458
HND;North America;Honduras;;1998;3332,9067;62,4316;6234436
HND;North America;Honduras;;1999;3215,1848;68,0049;6400470
HND;North America;Honduras;;2000;3335,7153;68,3018;6577781
HND;North America;Honduras;;2001;3365,233;68,4906;6757992
HND;North America;Honduras;;2002;3431,2512;68,7141;6938866
HND;North America;Honduras;;2003;3527,1218;68,8741;7119213
HND;North America;Honduras;;2004;3686,6667;69,0498;7299003
HND;North America;Honduras;;2005;3851,0554;69,1982;7478362
HND;North America;Honduras;;2006;4045,2976;69,3641;7656832
HND;North America;Honduras;;2007;4237,302;69,5388;7834806
HND;North America;Honduras;;2008;4358,763;69,6572;8012590
HND;North America;Honduras;;2009;4200,1606;69,8234;8189904
HND;North America;Honduras;;2010;4305,892;69,7697;8365881
HND;North America;Honduras;;2011;4421;70,116;8540587
HND;North America;Honduras;;2012;4518;70,4605;8715081
HND;North America;Honduras;;2013;4561;70,7648;8889276
HND;North America;Honduras;;2014;4620;71,0316;9063127
HND;North America;Honduras;;2015;4706;71,323;9237306
HND;North America;Honduras;;2016;4803,2803;71,6152;9412380
HND;North America;Honduras;;2017;4949,0254;71,8046;9588144
HND;North America;Honduras;;2018;5052,2056;72,0005;9765209
HND;North America;Honduras;;2019;5099,8145;72,1238;9943637
HND;North America;Honduras;;2020;4567,8857;70,864;10119638
HND;North America;Honduras;;2021;5062,1187;69,4924;10289881
HND;North America;Honduras;;2022;5186,5303;72,7151;10463880
HND;North America;Honduras;;2023;;72,8842;10644853
HKG;Asia;Hong Kong;;1970;9250;71,2703;3739916
HKG;Asia;Hong Kong;;1971;9787;71,4679;3989231
HKG;Asia;Hong Kong;;1972;10632;71,6747;4117125
HKG;Asia;Hong Kong;;1973;11717;72,2071;4223248
HKG;Asia;Hong Kong;;1974;11719;72,537;4330727
HKG;Asia;Hong Kong;;1975;11456;72,82;4438382
HKG;Asia;Hong Kong;;1976;12929;73,0402;4545134
HKG;Asia;Hong Kong;;1977;13986;73,3089;4650487
HKG;Asia;Hong Kong;;1978;14689;73,5765;4754069
HKG;Asia;Hong Kong;;1979;15903;73,9009;4857668
HKG;Asia;Hong Kong;;1980;17086;74,2474;4962488
HKG;Asia;Hong Kong;;1981;18301;74,5977;5060960
HKG;Asia;Hong Kong;;1982;18527;74,9282;5150097
HKG;Asia;Hong Kong;;1983;19349;75,3009;5235115
HKG;Asia;Hong Kong;;1984;21042;75,6737;5315980
HKG;Asia;Hong Kong;;1985;20883;76,2494;5393122
HKG;Asia;Hong Kong;;1986;22823;76,6914;5451437
HKG;Asia;Hong Kong;;1987;25414;77,0571;5486376
HKG;Asia;Hong Kong;;1988;27063;77,0901;5514904
HKG;Asia;Hong Kong;;1989;27377;77,2288;5540576
HKG;Asia;Hong Kong;;1990;27960;77,4481;5560599
HKG;Asia;Hong Kong;;1991;29008,7;77,6926;5628091
HKG;Asia;Hong Kong;;1992;30202,54;77,9881;5759558
HKG;Asia;Hong Kong;;1993;31242,2;78,3271;5902506
HKG;Asia;Hong Kong;;1994;32219,357;78,7177;6042259
HKG;Asia;Hong Kong;;1995;31941,908;79,1059;6177105
HKG;Asia;Hong Kong;;1996;32261,803;79,4544;6302469
HKG;Asia;Hong Kong;;1997;33385,82;79,7316;6416674
HKG;Asia;Hong Kong;;1998;30866,428;80,0723;6521331
HKG;Asia;Hong Kong;;1999;31134,166;80,389;6616524
HKG;Asia;Hong Kong;;2000;32894,01;80,7045;6704665
HKG;Asia;Hong Kong;;2001;32734,201;80,992;6774243
HKG;Asia;Hong Kong;;2002;33038,15;81,18;6821412
HKG;Asia;Hong Kong;;2003;33594,316;81,1422;6858906
HKG;Asia;Hong Kong;;2004;36052,992;81,4549;6888164
HKG;Asia;Hong Kong;;2005;38191,9;81,6752;6908483
HKG;Asia;Hong Kong;;2006;40172,855;81,9469;6931089
HKG;Asia;Hong Kong;;2007;42230,887;82,1438;6971344
HKG;Asia;Hong Kong;;2008;42635,48;82,3403;7020689
HKG;Asia;Hong Kong;;2009;41076,234;82,5863;7064464
HKG;Asia;Hong Kong;;2010;43170,55;82,8592;7101614
HKG;Asia;Hong Kong;;2011;44532;83,1597;7142969
HKG;Asia;Hong Kong;;2012;44795,11;83,4158;7201059
HKG;Asia;Hong Kong;;2013;45997,89;83,6955;7264330
HKG;Asia;Hong Kong;;2014;46941,586;83,9271;7319502
HKG;Asia;Hong Kong;;2015;47653,695;84,147;7366411
HKG;Asia;Hong Kong;;2016;48385,113;84,3803;7408006
HKG;Asia;Hong Kong;;2017;49841,457;84,6625;7444889
HKG;Asia;Hong Kong;;2018;50847,723;84,9866;7471190
HKG;Asia;Hong Kong;;2019;49631,062;85,2632;7485817
HKG;Asia;Hong Kong;;2020;46550,258;84,7073;7490240
HKG;Asia;Hong Kong;;2021;50006,348;85,0816;7484604
HKG;Asia;Hong Kong;;2022;48289,383;83,4853;7465913
HKG;Asia;Hong Kong;;2023;;85,5106;7442738
HUN;Europe;Hungary;;1970;8015;69,2187;10315142
HUN;Europe;Hungary;;1971;8349;69,0791;10343972
HUN;Europe;Hungary;;1972;8505;69,7199;10374303
HUN;Europe;Hungary;;1973;8920;69,599;10407441
HUN;Europe;Hungary;;1974;9111;69,273;10453918
HUN;Europe;Hungary;;1975;9253;69,4222;10515654
HUN;Europe;Hungary;;1976;9231;69,6571;10573770
HUN;Europe;Hungary;;1977;9765;69,9352;10623145
HUN;Europe;Hungary;;1978;9967;69,4699;10660190
HUN;Europe;Hungary;;1979;9964;69,6697;10688259
HUN;Europe;Hungary;;1980;10052;69,0886;10695372
HUN;Europe;Hungary;;1981;10123;69,1506;10679329
HUN;Europe;Hungary;;1982;10493;69,3529;10656109
HUN;Europe;Hungary;;1983;10401;68,9291;10622989
HUN;Europe;Hungary;;1984;10696;68,9647;10584329
HUN;Europe;Hungary;;1985;10452;68,9019;10547258
HUN;Europe;Hungary;;1986;10678;69,1132;10511099
HUN;Europe;Hungary;;1987;10861;69,564;10475103
HUN;Europe;Hungary;;1988;11207;69,9424;10440534
HUN;Europe;Hungary;;1989;11003;69,3945;10403421
HUN;Europe;Hungary;;1990;10296;69,3718;10381280
HUN;Europe;Hungary;;1991;9255,909;69,4409;10378174
HUN;Europe;Hungary;;1992;9153,921;69,1672;10371477
HUN;Europe;Hungary;;1993;9294,464;69,1803;10356869
HUN;Europe;Hungary;;1994;9772,224;69,6042;10339936
HUN;Europe;Hungary;;1995;10134,834;69,9689;10322792
HUN;Europe;Hungary;;1996;10359,182;70,5972;10302238
HUN;Europe;Hungary;;1997;10942,326;71,0034;10278600
HUN;Europe;Hungary;;1998;11663,028;70,9186;10251717
HUN;Europe;Hungary;;1999;12316,724;71,0402;10219797
HUN;Europe;Hungary;;2000;13129,273;71,7581;10190598
HUN;Europe;Hungary;;2001;13933,562;72,3944;10166693
HUN;Europe;Hungary;;2002;14899,307;72,5072;10138461
HUN;Europe;Hungary;;2003;15829,9;72,5135;10108970
HUN;Europe;Hungary;;2004;16999,006;72,906;10085788
HUN;Europe;Hungary;;2005;18140,617;72,8649;10065703
HUN;Europe;Hungary;;2006;19253,062;73,3441;10049946
HUN;Europe;Hungary;;2007;19763,791;73,4314;10034084
HUN;Europe;Hungary;;2008;20380,63;73,9571;10016653
HUN;Europe;Hungary;;2009;19461,07;74,179;10001381
HUN;Europe;Hungary;;2010;20036,334;74,5189;9979128
HUN;Europe;Hungary;;2011;20886;74,9226;9946675
HUN;Europe;Hungary;;2012;20731,67;75,1826;9916621
HUN;Europe;Hungary;;2013;21163,564;75,6827;9889344
HUN;Europe;Hungary;;2014;22118,75;75,8493;9862843
HUN;Europe;Hungary;;2015;22993,375;75,6536;9839211
HUN;Europe;Hungary;;2016;23568,926;76,1569;9810529
HUN;Europe;Hungary;;2017;24641,197;76,007;9785608
HUN;Europe;Hungary;;2018;25995,51;76,2049;9774395
HUN;Europe;Hungary;;2019;27272,312;76,4546;9770346
HUN;Europe;Hungary;;2020;26091,4;75,7302;9749459
HUN;Europe;Hungary;;2021;28085,963;74,1851;9707848
HUN;Europe;Hungary;;2022;29451,855;76,2118;9684308
HUN;Europe;Hungary;;2023;;77,024;9686465
ISL;Europe;Iceland;;1970;14830;73,7797;204489
ISL;Europe;Iceland;;1971;16606;73,4918;206171
ISL;Europe;Iceland;;1972;17366;74,3954;209209
ISL;Europe;Iceland;;1973;18277;74,2769;212385
ISL;Europe;Iceland;;1974;19054;74,1253;215273
ISL;Europe;Iceland;;1975;18935;75,2687;218029
ISL;Europe;Iceland;;1976;19877;76,6333;220196
ISL;Europe;Iceland;;1977;21465;76,0791;221842
ISL;Europe;Iceland;;1978;22579;76,3776;223580
ISL;Europe;Iceland;;1979;23443;76,5347;225765
ISL;Europe;Iceland;;1980;24528;76,5969;228147
ISL;Europe;Iceland;;1981;25284;76,192;230754
ISL;Europe;Iceland;;1982;25477;76,7987;233852
ISL;Europe;Iceland;;1983;24605;76,4252;236968
ISL;Europe;Iceland;;1984;25357;77,2951;239513
ISL;Europe;Iceland;;1985;25990;77,3897;241414
ISL;Europe;Iceland;;1986;27439;77,8702;243195
ISL;Europe;Iceland;;1987;29576;77,0507;245864
ISL;Europe;Iceland;;1988;28934;76,8934;249734
ISL;Europe;Iceland;;1989;28652;77,9323;252861
ISL;Europe;Iceland;;1990;28760;77,7406;254842
ISL;Europe;Iceland;;1991;28258,018;77,7575;257817
ISL;Europe;Iceland;;1992;26859,281;78,5865;261087
ISL;Europe;Iceland;;1993;26833,8;78,8093;263760
ISL;Europe;Iceland;;1994;27457,807;79,0221;266063
ISL;Europe;Iceland;;1995;27235,834;77,5426;267516
ISL;Europe;Iceland;;1996;28277,787;78,6456;268967
ISL;Europe;Iceland;;1997;29939,143;78,6723;271194
ISL;Europe;Iceland;;1998;31444,615;79,3963;274121
ISL;Europe;Iceland;;1999;32186,932;79,2363;277450
ISL;Europe;Iceland;;2000;33108,29;79,5485;281293
ISL;Europe;Iceland;;2001;33794,453;80,4209;285058
ISL;Europe;Iceland;;2002;33470,496;80,2778;287609
ISL;Europe;Iceland;;2003;33920,707;80,7678;289616
ISL;Europe;Iceland;;2004;36209,242;80,7209;292172
ISL;Europe;Iceland;;2005;37884,06;81,1691;296852
ISL;Europe;Iceland;;2006;38707,215;80,9375;303883
ISL;Europe;Iceland;;2007;41111,156;81,093;311662
ISL;Europe;Iceland;;2008;40810,23;81,244;317519
ISL;Europe;Iceland;;2009;37701,85;81,4174;318619
ISL;Europe;Iceland;;2010;36272,688;81,5939;318163
ISL;Europe;Iceland;;2011;36740;81,9725;319139
ISL;Europe;Iceland;;2012;36933,895;82,3459;320851
ISL;Europe;Iceland;;2013;38245,496;81,7425;323891
ISL;Europe;Iceland;;2014;38463,027;82,4298;327517
ISL;Europe;Iceland;;2015;39756,527;82,1638;330962
ISL;Europe;Iceland;;2016;41682,867;81,8286;335571
ISL;Europe;Iceland;;2017;42419,383;82,241;343537
ISL;Europe;Iceland;;2018;43321,062;82,4526;352860
ISL;Europe;Iceland;;2019;43136,605;82,8474;360709
ISL;Europe;Iceland;;2020;39368,4;82,7113;366626
ISL;Europe;Iceland;;2021;40412,617;82,8433;372647
ISL;Europe;Iceland;;2022;42145,594;81,5877;380368
ISL;Europe;Iceland;;2023;;82,6911;387559
IND;Asia;India;;1970;1384;48,5852;545864271
IND;Asia;India;;1971;1364;48,9023;558096385
IND;Asia;India;;1972;1329;49,2126;570482138
IND;Asia;India;;1973;1360;49,6418;583465599
IND;Asia;India;;1974;1344;50,2589;597041391
IND;Asia;India;;1975;1430;50,7615;611309536
IND;Asia;India;;1976;1417;51,3019;625861887
IND;Asia;India;;1977;1494;51,8221;640801106
IND;Asia;India;;1978;1540;52,4204;655728226
IND;Asia;India;;1979;1427;53,0143;671155746
IND;Asia;India;;1980;1495;53,5928;687354029
IND;Asia;India;;1981;1557;54,1726;703696251
IND;Asia;India;;1982;1570;54,7354;720313473
IND;Asia;India;;1983;1663;55,2829;737372683
IND;Asia;India;;1984;1690;55,8125;754875449
IND;Asia;India;;1985;1720;56,3239;772647800
IND;Asia;India;;1986;1755;56,8193;790689977
IND;Asia;India;;1987;1793;57,2908;808931268
IND;Asia;India;;1988;1938;57,7443;827342994
IND;Asia;India;;1989;2024;58,1959;846039528
IND;Asia;India;;1990;2087;58,6184;864972221
IND;Asia;India;;1991;2062,3103;59,0324;883927605
IND;Asia;India;;1992;2115,2573;59,445;902957075
IND;Asia;India;;1993;2176,4277;59,823;922118380
IND;Asia;India;;1994;2254,899;60,2372;941163772
IND;Asia;India;;1995;2355,9631;60,6295;960301046
IND;Asia;India;;1996;2475,568;61,0269;979678460
IND;Asia;India;;1997;2514,0217;61,4393;999133764
IND;Asia;India;;1998;2611,7815;61,8525;1018665080
IND;Asia;India;;1999;2707,7407;62,2837;1038225822
IND;Asia;India;;2000;2753,0854;62,7492;1057922731
IND;Asia;India;;2001;2837,8555;63,1581;1077898579
IND;Asia;India;;2002;2870,9236;63,6486;1097600380
IND;Asia;India;;2003;3035,9226;64,0862;1116803000
IND;Asia;India;;2004;3212,511;64,4843;1135991509
IND;Asia;India;;2005;3396,6487;64,9385;1154676321
IND;Asia;India;;2006;3629,4111;65,3726;1172878888
IND;Asia;India;;2007;3870,699;65,8034;1190676028
IND;Asia;India;;2008;4030,6543;66,2471;1207930960
IND;Asia;India;;2009;4270,708;66,7001;1225524764
IND;Asia;India;;2010;4525,7456;67,1616;1243481565
IND;Asia;India;;2011;4768;67,6228;1261224956
IND;Asia;India;;2012;4982,083;68,0763;1278674501
IND;Asia;India;;2013;5224,1445;68,499;1295829507
IND;Asia;India;;2014;5524,1147;68,9323;1312277184
IND;Asia;India;;2015;5869,8467;69,326;1328024494
IND;Asia;India;;2016;6326,0645;69,7091;1343944296
IND;Asia;India;;2017;6638,7275;70,0676;1359657398
IND;Asia;India;;2018;7046,4365;70,4152;1374659067
IND;Asia;India;;2019;7293,9897;70,7463;1389030307
IND;Asia;India;;2020;6730,547;70,1563;1402617694
IND;Asia;India;;2021;7315,1216;67,2823;1414203896
IND;Asia;India;;2022;7765,593;71,6984;1425423209
IND;Asia;India;;2023;;72,0026;1438069597
IDN;Asia;Indonesia;;1970;1882;53,2543;115657496
IDN;Asia;Indonesia;;1971;1946;53,8233;118833700
IDN;Asia;Indonesia;;1972;2117;54,3644;122039844
IDN;Asia;Indonesia;;1973;2375;54,9155;125288516
IDN;Asia;Indonesia;;1974;2439;55,4431;128555052
IDN;Asia;Indonesia;;1975;2386;55,9984;131843848
IDN;Asia;Indonesia;;1976;2536;56,445;135173656
IDN;Asia;Indonesia;;1977;2670;57,0899;138533540
IDN;Asia;Indonesia;;1978;2727;57,6068;141953161
IDN;Asia;Indonesia;;1979;2810;58,1798;145434830
IDN;Asia;Indonesia;;1980;2981;58,7009;148950537
IDN;Asia;Indonesia;;1981;3119;59,0961;152485036
IDN;Asia;Indonesia;;1982;2941;59,6997;156052153
IDN;Asia;Indonesia;;1983;2994;60,3428;159651382
IDN;Asia;Indonesia;;1984;3134;60,8914;163251124
IDN;Asia;Indonesia;;1985;3143;61,3867;166776183
IDN;Asia;Indonesia;;1986;3269;61,7355;170175065
IDN;Asia;Indonesia;;1987;3370;62,0868;173511157
IDN;Asia;Indonesia;;1988;3500;62,3861;176855071
IDN;Asia;Indonesia;;1989;3747;62,8827;180201638
IDN;Asia;Indonesia;;1990;4007;63,2486;183501097
IDN;Asia;Indonesia;;1991;4310,778;63,7031;186778239
IDN;Asia;Indonesia;;1992;4536,4097;64,1821;190043742
IDN;Asia;Indonesia;;1993;4837,1313;64,8509;193305169
IDN;Asia;Indonesia;;1994;5140,025;65,0413;196591829
IDN;Asia;Indonesia;;1995;5494,904;65,2633;199888055
IDN;Asia;Indonesia;;1996;5851,2954;65,4648;203204353
IDN;Asia;Indonesia;;1997;6055,8486;65,7737;206536089
IDN;Asia;Indonesia;;1998;5203,5796;65,9416;209826791
IDN;Asia;Indonesia;;1999;5186,7134;66,0015;213004667
IDN;Asia;Indonesia;;2000;5384,3867;66,2919;216077789
IDN;Asia;Indonesia;;2001;5526,1475;66,5826;219097905
IDN;Asia;Indonesia;;2002;5720,2817;66,9535;222088499
IDN;Asia;Indonesia;;2003;5938,878;67,134;225048005
IDN;Asia;Indonesia;;2004;6180,91;65,5208;227926649
IDN;Asia;Indonesia;;2005;6482,012;67,5308;230871648
IDN;Asia;Indonesia;;2006;6782,6245;67,6636;233951650
IDN;Asia;Indonesia;;2007;7157,313;67,9141;237062338
IDN;Asia;Indonesia;;2008;7633,166;68,0846;240157902
IDN;Asia;Indonesia;;2009;7935,844;68,2674;243220024
IDN;Asia;Indonesia;;2010;8386,434;68,3642;246305327
IDN;Asia;Indonesia;;2011;8849;68,629;249470029
IDN;Asia;Indonesia;;2012;9272,009;68,8617;252698525
IDN;Asia;Indonesia;;2013;9676,147;69,0635;255852464
IDN;Asia;Indonesia;;2014;10050,717;69,292;258877395
IDN;Asia;Indonesia;;2015;10432,305;69,5196;261799249
IDN;Asia;Indonesia;;2016;10849,67;69,7333;264627429
IDN;Asia;Indonesia;;2017;11292,259;69,9533;267346654
IDN;Asia;Indonesia;;2018;11768,468;70,0797;269951847
IDN;Asia;Indonesia;;2019;12250,278;70,3491;272489381
IDN;Asia;Indonesia;;2020;11895,075;68,8173;274814861
IDN;Asia;Indonesia;;2021;12233,969;67,4516;276758056
IDN;Asia;Indonesia;;2022;12801,671;70,9246;278830527
IDN;Asia;Indonesia;;2023;;71,1457;281190068
IRN;Asia;Iran;;1970;6677;50,2223;29145099
IRN;Asia;Iran;;1971;7296;51,1197;30029069
IRN;Asia;Iran;;1972;8247;51,7293;30921178
IRN;Asia;Iran;;1973;8706;52,9438;31839835
IRN;Asia;Iran;;1974;9210;53,862;32796453
IRN;Asia;Iran;;1975;9377;54,8194;33802971
IRN;Asia;Iran;;1976;10665;55,771;34837282
IRN;Asia;Iran;;1977;10205;56,6598;35933181
IRN;Asia;Iran;;1978;8710;56,0416;37126534
IRN;Asia;Iran;;1979;7678;58,4528;38424956
IRN;Asia;Iran;;1980;6334;58,3689;39842323
IRN;Asia;Iran;;1981;5887;56,6253;41989316
IRN;Asia;Iran;;1982;6535;57,6331;44272140
IRN;Asia;Iran;;1983;7108;58,5184;46029540
IRN;Asia;Iran;;1984;6951;60,875;47793999
IRN;Asia;Iran;;1985;6853;61,5366;49582289
IRN;Asia;Iran;;1986;5984;62,1363;51446046
IRN;Asia;Iran;;1987;5713;62,6848;53323491
IRN;Asia;Iran;;1988;5249;63,2552;55072691
IRN;Asia;Iran;;1989;5303;65,3138;56704920
IRN;Asia;Iran;;1990;5620;64,0656;58380098
IRN;Asia;Iran;;1991;6380,55;66,2325;59986931
IRN;Asia;Iran;;1992;7036,315;66,6528;61184982
IRN;Asia;Iran;;1993;6914,7666;67,0373;61403548
IRN;Asia;Iran;;1994;6884,706;67,4901;61520598
IRN;Asia;Iran;;1995;7093,735;67,9036;62205571
IRN;Asia;Iran;;1996;7746,409;68,328;62881298
IRN;Asia;Iran;;1997;8113,724;68,649;63639637
IRN;Asia;Iran;;1998;8458,387;69,2136;64519866
IRN;Asia;Iran;;1999;8714,627;69,6858;65445389
IRN;Asia;Iran;;2000;9104,763;70,1665;66418661
IRN;Asia;Iran;;2001;9620,627;70,6188;67452005
IRN;Asia;Iran;;2002;10467,371;71,1118;68011318
IRN;Asia;Iran;;2003;11502,853;70,4642;68769343
IRN;Asia;Iran;;2004;12404,323;72,0401;70256316
IRN;Asia;Iran;;2005;13110,143;72,4463;71828455
IRN;Asia;Iran;;2006;14185,753;72,8953;73392747
IRN;Asia;Iran;;2007;15467,107;73,2992;74602648
IRN;Asia;Iran;;2008;15739,983;73,6835;75514201
IRN;Asia;Iran;;2009;16575,07;74,0412;76457831
IRN;Asia;Iran;;2010;17751,33;74,3896;77420851
IRN;Asia;Iran;;2011;18024;74,7207;78383602
IRN;Asia;Iran;;2012;17556,533;75,039;79370583
IRN;Asia;Iran;;2013;16842,896;75,3486;80414689
IRN;Asia;Iran;;2014;17449,938;75,6352;81502045
IRN;Asia;Iran;;2015;16922,88;75,9073;82619365
IRN;Asia;Iran;;2016;17738,059;76,1551;83812230
IRN;Asia;Iran;;2017;18416,479;76,3963;85026761
IRN;Asia;Iran;;2018;18154,533;76,6205;86117999
IRN;Asia;Iran;;2019;17400,414;76,8549;87051649
IRN;Asia;Iran;;2020;17296,264;74,1406;87723448
IRN;Asia;Iran;;2021;18052,37;73,7521;88455490
IRN;Asia;Iran;;2022;18473,066;76,7993;89524247
IRN;Asia;Iran;;2023;;77,6545;90608708
IRQ;Asia;Iraq;;1970;5536;60,5323;9735611
IRQ;Asia;Iraq;;1971;5686;61,3334;10077818
IRQ;Asia;Iraq;;1972;5297;61,8158;10430169
IRQ;Asia;Iraq;;1973;5982;62,3443;10795872
IRQ;Asia;Iraq;;1974;6097;60,9951;11167770
IRQ;Asia;Iraq;;1975;6878;61,4345;11543643
IRQ;Asia;Iraq;;1976;8007;63,5689;11927652
IRQ;Asia;Iraq;;1977;7957;63,8958;12331051
IRQ;Asia;Iraq;;1978;9075;64,1747;12753355
IRQ;Asia;Iraq;;1979;10769;64,4166;13170372
IRQ;Asia;Iraq;;1980;10165;60,9159;13591996
IRQ;Asia;Iraq;;1981;8035;58,6521;14006379
IRQ;Asia;Iraq;;1982;7704;58,9768;14406082
IRQ;Asia;Iraq;;1983;6805;59,2869;14840558
IRQ;Asia;Iraq;;1984;6593;59,5437;15310729
IRQ;Asia;Iraq;;1985;6268;59,7998;15683431
IRQ;Asia;Iraq;;1986;5992;60,0314;16074146
IRQ;Asia;Iraq;;1987;6052;60,2587;16521051
IRQ;Asia;Iraq;;1988;4635;56,6922;16908823
IRQ;Asia;Iraq;;1989;4098;57,501;17364553
IRQ;Asia;Iraq;;1990;3918;57,5872;17581208
IRQ;Asia;Iraq;;1991;1518,7421;61,3381;17767257
IRQ;Asia;Iraq;;1992;2046,1809;65,3436;18300849
IRQ;Asia;Iraq;;1993;2132,3823;65,3097;19201195
IRQ;Asia;Iraq;;1994;2108,538;65,0269;20139818
IRQ;Asia;Iraq;;1995;1996,9279;64,7614;20825859
IRQ;Asia;Iraq;;1996;2337,5227;64,6178;21501321
IRQ;Asia;Iraq;;1997;2337,948;64,2412;22176604
IRQ;Asia;Iraq;;1998;2794,7864;64,4049;22884402
IRQ;Asia;Iraq;;1999;3157,1125;64,5316;23636530
IRQ;Asia;Iraq;;2000;3649,493;64,8603;24424060
IRQ;Asia;Iraq;;2001;4147,6484;65,292;25197842
IRQ;Asia;Iraq;;2002;4631,6523;65,724;26006558
IRQ;Asia;Iraq;;2003;3782,4526;64,8339;26802660
IRQ;Asia;Iraq;;2004;6061,5547;64,6342;27577876
IRQ;Asia;Iraq;;2005;6441,41;64,8989;28407450
IRQ;Asia;Iraq;;2006;7117,6133;64,0288;28616518
IRQ;Asia;Iraq;;2007;7587,6055;64,4278;28391606
IRQ;Asia;Iraq;;2008;8587,265;66,465;28971042
IRQ;Asia;Iraq;;2009;9268,709;67,8337;30058207
IRQ;Asia;Iraq;;2010;10274,33;68,0924;31045367
IRQ;Asia;Iraq;;2011;11484;68,4351;32161425
IRQ;Asia;Iraq;;2012;12521,541;68,8267;33654843
IRQ;Asia;Iraq;;2013;12877,205;69,0469;35281987
IRQ;Asia;Iraq;;2014;12559,504;69,679;36550058
IRQ;Asia;Iraq;;2015;12574,508;69,9771;37560535
IRQ;Asia;Iraq;;2016;14173,763;68,6834;38469628
IRQ;Asia;Iraq;;2017;13403,638;69,7878;39337358
IRQ;Asia;Iraq;;2018;13724,742;71,1162;40265629
IRQ;Asia;Iraq;;2019;14203,617;71,2452;41192172
IRQ;Asia;Iraq;;2020;11717,375;69,6506;42116602
IRQ;Asia;Iraq;;2021;12355,587;70,7036;43071208
IRQ;Asia;Iraq;;2022;13071,94;72,0371;44070556
IRQ;Asia;Iraq;;2023;;72,3242;45074055
IRL;Europe;Ireland;;1970;9881;70,8338;2961402
IRL;Europe;Ireland;;1971;10128;71,6213;2993119
IRL;Europe;Ireland;;1972;10621;70,9549;3037153
IRL;Europe;Ireland;;1973;10946;71,1703;3084436
IRL;Europe;Ireland;;1974;11225;71,1123;3132177
IRL;Europe;Ireland;;1975;11662;71,6886;3180119
IRL;Europe;Ireland;;1976;11639;71,797;3228393
IRL;Europe;Ireland;;1977;12425;71,9398;3277756
IRL;Europe;Ireland;;1978;13150;71,9299;3329185
IRL;Europe;Ireland;;1979;13335;72,1786;3375806
IRL;Europe;Ireland;;1980;13614;72,5362;3415240
IRL;Europe;Ireland;;1981;13893;72,8875;3448825
IRL;Europe;Ireland;;1982;14061;73,1548;3475532
IRL;Europe;Ireland;;1983;13931;73,1779;3497614
IRL;Europe;Ireland;;1984;14435;73,6216;3515953
IRL;Europe;Ireland;;1985;14834;73,5605;3531275
IRL;Europe;Ireland;;1986;14768;73,6108;3541875
IRL;Europe;Ireland;;1987;15458;74,4069;3540382
IRL;Europe;Ireland;;1988;16313;74,4252;3525092
IRL;Europe;Ireland;;1989;17343;74,4512;3511070
IRL;Europe;Ireland;;1990;18838;74,8375;3514015
IRL;Europe;Ireland;;1991;19253,943;75,0268;3534258
IRL;Europe;Ireland;;1992;20032,719;75,4231;3558417
IRL;Europe;Ireland;;1993;20627,078;75,289;3576118
IRL;Europe;Ireland;;1994;22004,814;75,7963;3590162
IRL;Europe;Ireland;;1995;24266,143;75,4743;3610695
IRL;Europe;Ireland;;1996;26562,908;75,8263;3638507
IRL;Europe;Ireland;;1997;29455,92;75,9765;3672287
IRL;Europe;Ireland;;1998;31908,648;76,1848;3711075
IRL;Europe;Ireland;;1999;35377,164;76,089;3752938
IRL;Europe;Ireland;;2000;38806,5;76,535;3802589
IRL;Europe;Ireland;;2001;40966,332;77,1003;3862981
IRL;Europe;Ireland;;2002;43012,816;77,5903;3928441
IRL;Europe;Ireland;;2003;44372,758;78,1003;3992935
IRL;Europe;Ireland;;2004;47028,863;78,5027;4066066
IRL;Europe;Ireland;;2005;49223,383;78,9093;4155283
IRL;Europe;Ireland;;2006;51296,195;79,1504;4268775
IRL;Europe;Ireland;;2007;52322,23;79,5631;4393518
IRL;Europe;Ireland;;2008;49583,14;79,7877;4485992
IRL;Europe;Ireland;;2009;47375,734;80,0954;4533750
IRL;Europe;Ireland;;2010;48623,81;80,5992;4559084
IRL;Europe;Ireland;;2011;48980;80,7272;4579603
IRL;Europe;Ireland;;2012;47360,09;80,8524;4600135
IRL;Europe;Ireland;;2013;48181,234;81,065;4624686
IRL;Europe;Ireland;;2014;50732,348;81,4063;4658236
IRL;Europe;Ireland;;2015;53196,598;81,5326;4702497
IRL;Europe;Ireland;;2016;53686,844;81,6836;4753506
IRL;Europe;Ireland;;2017;55465,652;82,1032;4810258
IRL;Europe;Ireland;;2018;58083,45;82,1232;4872559
IRL;Europe;Ireland;;2019;59733,91;82,4108;4933493
IRL;Europe;Ireland;;2020;55134,855;82,3897;4982602
IRL;Europe;Ireland;;2021;57278,42;81,8608;5028428
IRL;Europe;Ireland;;2022;60257,082;82,0505;5110015
IRL;Europe;Ireland;;2023;;82,4118;5196629
IMN;Europe;Isle of Man;;1970;;65,7235;55323
IMN;Europe;Isle of Man;;1971;;65,8406;56452
IMN;Europe;Isle of Man;;1972;;65,9913;57393
IMN;Europe;Isle of Man;;1973;;66,2376;58280
IMN;Europe;Isle of Man;;1974;;66,4784;59165
IMN;Europe;Isle of Man;;1975;;66,7601;59986
IMN;Europe;Isle of Man;;1976;;67,0508;60773
IMN;Europe;Isle of Man;;1977;;67,3571;61595
IMN;Europe;Isle of Man;;1978;;67,6886;62424
IMN;Europe;Isle of Man;;1979;;68,0709;63261
IMN;Europe;Isle of Man;;1980;;68,4463;64103
IMN;Europe;Isle of Man;;1981;;68,8115;64622
IMN;Europe;Isle of Man;;1982;;69,1418;64710
IMN;Europe;Isle of Man;;1983;;69,4575;64656
IMN;Europe;Isle of Man;;1984;;69,7538;64552
IMN;Europe;Isle of Man;;1985;;70,0205;64426
IMN;Europe;Isle of Man;;1986;;70,3404;64723
IMN;Europe;Isle of Man;;1987;;70,685;65624
IMN;Europe;Isle of Man;;1988;;71,0572;66703
IMN;Europe;Isle of Man;;1989;;71,4058;67811
IMN;Europe;Isle of Man;;1990;;71,8002;68943
IMN;Europe;Isle of Man;;1991;;72,1827;69835
IMN;Europe;Isle of Man;;1992;;72,5439;70378
IMN;Europe;Isle of Man;;1993;;72,8223;70797
IMN;Europe;Isle of Man;;1994;;73,1403;71187
IMN;Europe;Isle of Man;;1995;;73,3711;71531
IMN;Europe;Isle of Man;;1996;;73,6342;72066
IMN;Europe;Isle of Man;;1997;;73,9;72925
IMN;Europe;Isle of Man;;1998;;74,2043;73880
IMN;Europe;Isle of Man;;1999;;74,4686;74808
IMN;Europe;Isle of Man;;2000;;74,8419;75679
IMN;Europe;Isle of Man;;2001;;75,2893;76498
IMN;Europe;Isle of Man;;2002;;75,785;77294
IMN;Europe;Isle of Man;;2003;;76,319;78066
IMN;Europe;Isle of Man;;2004;;76,8763;78807
IMN;Europe;Isle of Man;;2005;;77,4528;79535
IMN;Europe;Isle of Man;;2006;;77,9713;80310
IMN;Europe;Isle of Man;;2007;;78,4507;81163
IMN;Europe;Isle of Man;;2008;;78,8989;82045
IMN;Europe;Isle of Man;;2009;;79,3026;82954
IMN;Europe;Isle of Man;;2010;;79,6132;83884
IMN;Europe;Isle of Man;;2011;;79,8363;84398
IMN;Europe;Isle of Man;;2012;;80,007;84354
IMN;Europe;Isle of Man;;2013;;80,1199;84158
IMN;Europe;Isle of Man;;2014;;80,1994;83912
IMN;Europe;Isle of Man;;2015;;80,2666;83612
IMN;Europe;Isle of Man;;2016;;80,3913;83484
IMN;Europe;Isle of Man;;2017;;80,5064;83625
IMN;Europe;Isle of Man;;2018;;80,6139;83812
IMN;Europe;Isle of Man;;2019;;80,7399;83975
IMN;Europe;Isle of Man;;2020;;80,5909;84078
IMN;Europe;Isle of Man;;2021;;80,4197;84121
IMN;Europe;Isle of Man;;2022;;80,9561;84148
IMN;Europe;Isle of Man;;2023;;80,999;84182
ISR;Asia;Israel;;1970;12913;71,1575;2864773
ISR;Asia;Israel;;1971;13885;71,8316;2977303
ISR;Asia;Israel;;1972;15108;71,6228;3079404
ISR;Asia;Israel;;1973;15374;71,6116;3163042
ISR;Asia;Israel;;1974;15980;71,5618;3239987
ISR;Asia;Israel;;1975;16176;71,597;3318087
ISR;Asia;Israel;;1976;16053;72,6728;3398266
ISR;Asia;Israel;;1977;15721;72,6925;3479619
ISR;Asia;Israel;;1978;16139;73,0585;3560404
ISR;Asia;Israel;;1979;16761;73,3862;3640877
ISR;Asia;Israel;;1980;17508;73,6825;3721666
ISR;Asia;Israel;;1981;18103;74,1946;3802233
ISR;Asia;Israel;;1982;18155;74,334;3883640
ISR;Asia;Israel;;1983;18468;75,0854;3959631
ISR;Asia;Israel;;1984;18305;75,5015;4033735
ISR;Asia;Israel;;1985;18605;75,9685;4105362
ISR;Asia;Israel;;1986;19160;75,9098;4168966
ISR;Asia;Israel;;1987;20196;76,3764;4236875
ISR;Asia;Israel;;1988;20256;76,891;4307324
ISR;Asia;Israel;;1989;20091;77,6378;4381512
ISR;Asia;Israel;;1990;20829;78,0385;4544995
ISR;Asia;Israel;;1991;20912,941;77,5834;4779892
ISR;Asia;Israel;;1992;21531,596;77,2727;4957240
ISR;Asia;Israel;;1993;21484,979;77,8618;5086041
ISR;Asia;Israel;;1994;22128,805;78,0448;5216697
ISR;Asia;Israel;;1995;23378,16;78,0516;5354734
ISR;Asia;Israel;;1996;23979,996;78,5705;5499555
ISR;Asia;Israel;;1997;24226,73;78,5522;5646476
ISR;Asia;Israel;;1998;24506,16;78,5881;5790143
ISR;Asia;Israel;;1999;24644,205;78,8907;5946079
ISR;Asia;Israel;;2000;26058,84;79,1797;6111194
ISR;Asia;Israel;;2001;25427,32;79,4787;6259977
ISR;Asia;Israel;;2002;24823,553;79,5137;6387714
ISR;Asia;Israel;;2003;24545,244;79,8194;6502821
ISR;Asia;Israel;;2004;25210,879;80,3052;6615084
ISR;Asia;Israel;;2005;25686,406;80,3935;6728212
ISR;Asia;Israel;;2006;26571,256;80,7857;6844029
ISR;Asia;Israel;;2007;27624,883;80,9532;6962456
ISR;Asia;Israel;;2008;27857,62;81,2828;7082621
ISR;Asia;Israel;;2009;27644,697;81,8183;7206096
ISR;Asia;Israel;;2010;28575,531;81,9742;7336735
ISR;Asia;Israel;;2011;29370;81,9892;7471023
ISR;Asia;Israel;;2012;29580,836;81,9849;7607781
ISR;Asia;Israel;;2013;30316,602;82,354;7749369
ISR;Asia;Israel;;2014;30906,148;82,3608;7897173
ISR;Asia;Israel;;2015;31050,408;82,2538;8052916
ISR;Asia;Israel;;2016;31822,875;82,6123;8210006
ISR;Asia;Israel;;2017;32549,818;82,6993;8361796
ISR;Asia;Israel;;2018;33227,125;82,9184;8510067
ISR;Asia;Israel;;2019;33951,89;82,9048;8657466
ISR;Asia;Israel;;2020;32730,943;82,6997;8800380
ISR;Asia;Israel;;2021;34969,016;82,5169;8942925
ISR;Asia;Israel;;2022;36648,918;82,8145;9103143
ISR;Asia;Israel;;2023;;82,408;9256311
ITA;Europe;Italy;;1970;15492;71,6296;53390231
ITA;Europe;Italy;;1971;15683;71,8827;53707794
ITA;Europe;Italy;;1972;16035;72,1451;54067562
ITA;Europe;Italy;;1973;16950;72,1053;54450571
ITA;Europe;Italy;;1974;17607;72,8037;54821114
ITA;Europe;Italy;;1975;17123;72,7281;55166046
ITA;Europe;Italy;;1976;18147;73,0698;55459415
ITA;Europe;Italy;;1977;18599;73,4398;55714552
ITA;Europe;Italy;;1978;19230;73,7759;55938969
ITA;Europe;Italy;;1979;20275;74,106;56132382
ITA;Europe;Italy;;1980;20959;74,0518;56412086
ITA;Europe;Italy;;1981;21041;74,4385;56646752
ITA;Europe;Italy;;1982;21123;74,9126;56719178
ITA;Europe;Italy;;1983;21345;74,7351;56766114
ITA;Europe;Italy;;1984;21868;75,4991;56810355
ITA;Europe;Italy;;1985;22469;75,6068;56855499
ITA;Europe;Italy;;1986;23106;75,9188;56875982
ITA;Europe;Italy;;1987;23824;76,3436;56891919
ITA;Europe;Italy;;1988;24743;76,5324;56928748
ITA;Europe;Italy;;1989;25454;76,9269;56976750
ITA;Europe;Italy;;1990;26003;76,9936;57031457
ITA;Europe;Italy;;1991;26570,363;76,9898;57075394
ITA;Europe;Italy;;1992;26960,611;77,3647;57124993
ITA;Europe;Italy;;1993;26902,398;77,6529;57170762
ITA;Europe;Italy;;1994;27668,258;77,8725;57420136
ITA;Europe;Italy;;1995;28666,352;78,1253;57403342
ITA;Europe;Italy;;1996;29231,275;78,4381;57162098
ITA;Europe;Italy;;1997;29960,7;78,7346;57189272
ITA;Europe;Italy;;1998;30649,629;78,8068;57215190
ITA;Europe;Italy;;1999;31340,48;79,205;57240796
ITA;Europe;Italy;;2000;32716,98;79,607;57272200
ITA;Europe;Italy;;2001;33511,434;79,8849;57305760
ITA;Europe;Italy;;2002;33780,055;80,112;57420636
ITA;Europe;Italy;;2003;33917,8;80,191;57739697
ITA;Europe;Italy;;2004;34472,13;81,0175;58176736
ITA;Europe;Italy;;2005;34872,125;81,0201;58519696
ITA;Europe;Italy;;2006;35713,805;81,4137;58754434
ITA;Europe;Italy;;2007;36310,734;81,5002;59108723
ITA;Europe;Italy;;2008;35942,938;81,6454;59561687
ITA;Europe;Italy;;2009;34055,227;81,7619;59904016
ITA;Europe;Italy;;2010;34765,938;82,1319;60164212
ITA;Europe;Italy;;2011;35151;82,2282;60367882
ITA;Europe;Italy;;2012;34010,035;82,252;60531522
ITA;Europe;Italy;;2013;33317,242;82,6522;60653864
ITA;Europe;Italy;;2014;33310,703;82,9008;60664169
ITA;Europe;Italy;;2015;33620,742;82,5211;60575314
ITA;Europe;Italy;;2016;34120,42;83,0459;60478103
ITA;Europe;Italy;;2017;34754,77;82,7263;60390317
ITA;Europe;Italy;;2018;35149,824;83,1844;60277496
ITA;Europe;Italy;;2019;35407,242;83,3423;60130136
ITA;Europe;Italy;;2020;32385,326;82,1814;59912763
ITA;Europe;Italy;;2021;34827,137;82,8652;59729353
ITA;Europe;Italy;;2022;36224,293;82,052;59619106
ITA;Europe;Italy;;2023;;83,7157;59499452
JAM;North America;Jamaica;;1970;6135;66,7307;1878191
JAM;North America;Jamaica;;1971;6062;66,9966;1903734
JAM;North America;Jamaica;;1972;6150;67,304;1931552
JAM;North America;Jamaica;;1973;6583;67,6072;1961225
JAM;North America;Jamaica;;1974;6229;67,9133;1990904
JAM;North America;Jamaica;;1975;6129;68,1681;2018985
JAM;North America;Jamaica;;1976;5681;68,4121;2045578
JAM;North America;Jamaica;;1977;5501;68,5864;2070657
JAM;North America;Jamaica;;1978;5482;68,7387;2094848
JAM;North America;Jamaica;;1979;5318;68,8126;2119492
JAM;North America;Jamaica;;1980;4975;68,9916;2145661
JAM;North America;Jamaica;;1981;5040;69,1197;2173823
JAM;North America;Jamaica;;1982;5019;69,2526;2203895
JAM;North America;Jamaica;;1983;5117;69,5464;2234834
JAM;North America;Jamaica;;1984;5059;69,8093;2264563
JAM;North America;Jamaica;;1985;4814;70,1008;2290657
JAM;North America;Jamaica;;1986;4884;70,4461;2312124
JAM;North America;Jamaica;;1987;5254;70,8697;2329816
JAM;North America;Jamaica;;1988;5397;71,1609;2345786
JAM;North America;Jamaica;;1989;5748;71,5119;2361923
JAM;North America;Jamaica;;1990;6035;71,7047;2379880
JAM;North America;Jamaica;;1991;6116,5835;71,7867;2400873
JAM;North America;Jamaica;;1992;6292,029;71,8163;2424698
JAM;North America;Jamaica;;1993;6414,475;71,7577;2449913
JAM;North America;Jamaica;;1994;6517,052;71,6244;2475225
JAM;North America;Jamaica;;1995;6656,283;71,4881;2500152
JAM;North America;Jamaica;;1996;6648,933;71,3277;2524470
JAM;North America;Jamaica;;1997;6523,636;71,2161;2547853
JAM;North America;Jamaica;;1998;6432,653;71,1697;2569740
JAM;North America;Jamaica;;1999;6485,3228;71,1885;2589796
JAM;North America;Jamaica;;2000;6531,2847;71,2814;2607827
JAM;North America;Jamaica;;2001;6615,193;71,2872;2624410
JAM;North America;Jamaica;;2002;6660,763;71,478;2640582
JAM;North America;Jamaica;;2003;6908,667;71,5846;2656629
JAM;North America;Jamaica;;2004;7004,9844;71,542;2672227
JAM;North America;Jamaica;;2005;7073,7705;71,4929;2687070
JAM;North America;Jamaica;;2006;7286,967;71,3946;2700973
JAM;North America;Jamaica;;2007;7402,178;71,4046;2713808
JAM;North America;Jamaica;;2008;7353,107;71,5021;2725633
JAM;North America;Jamaica;;2009;7115,373;71,7174;2737001
JAM;North America;Jamaica;;2010;7025,93;71,9789;2748573
JAM;North America;Jamaica;;2011;7141;72,245;2760493
JAM;North America;Jamaica;;2012;7119,5054;72,4047;2772432
JAM;North America;Jamaica;;2013;7147,5337;72,4352;2783689
JAM;North America;Jamaica;;2014;7198,43;72,3572;2793756
JAM;North America;Jamaica;;2015;7268,231;72,2144;2802536
JAM;North America;Jamaica;;2016;7381,3325;72,0522;2809919
JAM;North America;Jamaica;;2017;7433,147;71,8789;2815765
JAM;North America;Jamaica;;2018;7569,063;71,6062;2820103
JAM;North America;Jamaica;;2019;7641,0815;71,5316;2823275
JAM;North America;Jamaica;;2020;6880,4883;71,4519;2830745
JAM;North America;Jamaica;;2021;7193,1064;69,0846;2837680
JAM;North America;Jamaica;;2022;7481,6685;71,4809;2839150
JAM;North America;Jamaica;;2023;;71,4789;2839785
JPN;Asia;Japan;;1970;15484;72,0073;106712370
JPN;Asia;Japan;;1971;16004;72,827;107952031
JPN;Asia;Japan;;1972;17110;73,2584;109238963
JPN;Asia;Japan;;1973;18226;73,4218;110614742
JPN;Asia;Japan;;1974;17765;73,8494;112009689
JPN;Asia;Japan;;1975;18082;74,3569;113321197
JPN;Asia;Japan;;1976;18600;74,7611;114502792
JPN;Asia;Japan;;1977;19230;75,3257;115574278
JPN;Asia;Japan;;1978;20060;75,6571;116576940
JPN;Asia;Japan;;1979;20982;76,1671;117521561
JPN;Asia;Japan;;1980;21404;76,1408;118358761
JPN;Asia;Japan;;1981;21924;76,5629;118994054
JPN;Asia;Japan;;1982;22440;77,0723;119485775
JPN;Asia;Japan;;1983;22805;77,1069;119948943
JPN;Asia;Japan;;1984;23548;77,5068;120384395
JPN;Asia;Japan;;1985;24437;77,799;120832158
JPN;Asia;Japan;;1986;24992;78,2119;121366733
JPN;Asia;Japan;;1987;25904;78,6307;121943588
JPN;Asia;Japan;;1988;27393;78,5454;122476957
JPN;Asia;Japan;;1989;28601;78,9799;122947411
JPN;Asia;Japan;;1990;29949;78,9928;123399767
JPN;Asia;Japan;;1991;30837,432;79,262;123889870
JPN;Asia;Japan;;1992;30977,814;79,303;124383707
JPN;Asia;Japan;;1993;30920,66;79,4461;124839955
JPN;Asia;Japan;;1994;31135,428;79,8366;125286861
JPN;Asia;Japan;;1995;31887,277;79,6837;125672659
JPN;Asia;Japan;;1996;32784,156;80,3627;125975304
JPN;Asia;Japan;;1997;33038,293;80,5836;126265926
JPN;Asia;Japan;;1998;32558,188;80,6487;126549182
JPN;Asia;Japan;;1999;32394,516;80,6129;126801566
JPN;Asia;Japan;;2000;33210,81;81,1788;127027794
JPN;Asia;Japan;;2001;33246,39;81,5101;127260144
JPN;Asia;Japan;;2002;33195,402;81,7952;127484599
JPN;Asia;Japan;;2003;33619,95;81,854;127671254
JPN;Asia;Japan;;2004;34313,56;82,1275;127815769
JPN;Asia;Japan;;2005;34857,754;82,0073;127913331
JPN;Asia;Japan;;2006;35333,113;82,3699;127997247
JPN;Asia;Japan;;2007;35892,71;82,5488;128087683
JPN;Asia;Japan;;2008;35496,227;82,6332;128155992
JPN;Asia;Japan;;2009;33590,01;82,9699;128192471
JPN;Asia;Japan;;2010;35011,402;82,916;128185273
JPN;Asia;Japan;;2011;34979;82,6705;128096430
JPN;Asia;Japan;;2012;35537,438;83,1676;127928283
JPN;Asia;Japan;;2013;36312,348;83,4018;127723642
JPN;Asia;Japan;;2014;36440,215;83,6434;127486601
JPN;Asia;Japan;;2015;37053,176;83,8832;127275868
JPN;Asia;Japan;;2016;37384,56;84,0568;127159950
JPN;Asia;Japan;;2017;38078,96;84,1891;127064686
JPN;Asia;Japan;;2018;38403,68;84,289;126913432
JPN;Asia;Japan;;2019;38332,934;84,4177;126699421
JPN;Asia;Japan;;2020;36826,64;84,6703;126304533
JPN;Asia;Japan;;2021;37678,277;84,55;125679342
JPN;Asia;Japan;;2022;38268,79;84,0541;124997585
JPN;Asia;Japan;;2023;;84,7123;124370947
JEY;Europe;Jersey;;1970;;71,1177;69672
JEY;Europe;Jersey;;1971;;71,1699;70418
JEY;Europe;Jersey;;1972;;71,3422;71501
JEY;Europe;Jersey;;1973;;71,611;72578
JEY;Europe;Jersey;;1974;;71,7394;73586
JEY;Europe;Jersey;;1975;;71,8782;74526
JEY;Europe;Jersey;;1976;;71,9769;75213
JEY;Europe;Jersey;;1977;;72,028;75603
JEY;Europe;Jersey;;1978;;72,1254;75907
JEY;Europe;Jersey;;1979;;72,3394;76227
JEY;Europe;Jersey;;1980;;72,7315;76549
JEY;Europe;Jersey;;1981;;73,151;77067
JEY;Europe;Jersey;;1982;;73,6258;77843
JEY;Europe;Jersey;;1983;;74,0439;78681
JEY;Europe;Jersey;;1984;;74,4728;79531
JEY;Europe;Jersey;;1985;;74,7323;80393
JEY;Europe;Jersey;;1986;;75,0057;81190
JEY;Europe;Jersey;;1987;;75,2533;81916
JEY;Europe;Jersey;;1988;;75,5633;82609
JEY;Europe;Jersey;;1989;;75,8026;83331
JEY;Europe;Jersey;;1990;;76,0873;84210
JEY;Europe;Jersey;;1991;;76,3152;84906
JEY;Europe;Jersey;;1992;;76,5593;85239
JEY;Europe;Jersey;;1993;;76,766;85501
JEY;Europe;Jersey;;1994;;77,0621;85716
JEY;Europe;Jersey;;1995;;77,3274;85887
JEY;Europe;Jersey;;1996;;77,5831;86192
JEY;Europe;Jersey;;1997;;77,8404;86676
JEY;Europe;Jersey;;1998;;78,064;87137
JEY;Europe;Jersey;;1999;;78,2262;87545
JEY;Europe;Jersey;;2000;;78,4235;87853
JEY;Europe;Jersey;;2001;;78,6317;88401
JEY;Europe;Jersey;;2002;;78,8352;89306
JEY;Europe;Jersey;;2003;;79,1306;90297
JEY;Europe;Jersey;;2004;;79,4277;91271
JEY;Europe;Jersey;;2005;;79,684;92267
JEY;Europe;Jersey;;2006;;79,9093;93244
JEY;Europe;Jersey;;2007;;80,1442;94227
JEY;Europe;Jersey;;2008;;80,2809;95195
JEY;Europe;Jersey;;2009;;80,4001;96156
JEY;Europe;Jersey;;2010;;80,54;97121
JEY;Europe;Jersey;;2011;;80,6654;98038
JEY;Europe;Jersey;;2012;;80,7011;98927
JEY;Europe;Jersey;;2013;;80,7151;99759
JEY;Europe;Jersey;;2014;;80,6733;100582
JEY;Europe;Jersey;;2015;;80,5257;101224
JEY;Europe;Jersey;;2016;;80,3466;101700
JEY;Europe;Jersey;;2017;;80,1828;102130
JEY;Europe;Jersey;;2018;;80,0258;102531
JEY;Europe;Jersey;;2019;;79,8931;102866
JEY;Europe;Jersey;;2020;;79,4471;103138
JEY;Europe;Jersey;;2021;;79,3232;103339
JEY;Europe;Jersey;;2022;;79,7257;103493
JEY;Europe;Jersey;;2023;;79,7071;103680
JOR;Asia;Jordan;;1970;3818;59,8333;1565172
JOR;Asia;Jordan;;1971;3771;61,772;1645148
JOR;Asia;Jordan;;1972;3754;62,4773;1714562
JOR;Asia;Jordan;;1973;3806;63,065;1778096
JOR;Asia;Jordan;;1974;3995;63,6113;1839191
JOR;Asia;Jordan;;1975;4117;64,148;1899059
JOR;Asia;Jordan;;1976;4935;64,6538;1958181
JOR;Asia;Jordan;;1977;5072;65,1268;2019008
JOR;Asia;Jordan;;1978;5926;65,6021;2083604
JOR;Asia;Jordan;;1979;6247;66,049;2153891
JOR;Asia;Jordan;;1980;7141;66,4926;2234192
JOR;Asia;Jordan;;1981;7176;66,9201;2325528
JOR;Asia;Jordan;;1982;7401;67,36;2426933
JOR;Asia;Jordan;;1983;7262;67,7782;2537307
JOR;Asia;Jordan;;1984;7599;68,2064;2654689
JOR;Asia;Jordan;;1985;7578;68,5871;2778819
JOR;Asia;Jordan;;1986;7973;68,9615;2909896
JOR;Asia;Jordan;;1987;7911;69,2968;3047634
JOR;Asia;Jordan;;1988;7571;69,6053;3193044
JOR;Asia;Jordan;;1989;6540;69,8645;3349638
JOR;Asia;Jordan;;1990;6044;70,0935;3621915
JOR;Asia;Jordan;;1991;5900,5093;70,2398;3915152
JOR;Asia;Jordan;;1992;6456,123;70,3998;4127699
JOR;Asia;Jordan;;1993;6460,6626;70,5678;4348018
JOR;Asia;Jordan;;1994;6538,1733;70,738;4561409
JOR;Asia;Jordan;;1995;6760,1084;70,915;4752097
JOR;Asia;Jordan;;1996;6783,229;71,1045;4912518
JOR;Asia;Jordan;;1997;6942,459;71,3236;5046287
JOR;Asia;Jordan;;1998;7120,4937;71,521;5164290
JOR;Asia;Jordan;;1999;7340,4937;71,7373;5276450
JOR;Asia;Jordan;;2000;7621,841;71,9258;5386945
JOR;Asia;Jordan;;2001;7982,7407;72,1412;5498900
JOR;Asia;Jordan;;2002;8394,055;72,3587;5616077
JOR;Asia;Jordan;;2003;8669,625;72,585;5741837
JOR;Asia;Jordan;;2004;9288,616;72,7877;5882066
JOR;Asia;Jordan;;2005;9860,809;72,9772;6029597
JOR;Asia;Jordan;;2006;10404,562;73,2248;6427377
JOR;Asia;Jordan;;2007;10938,805;73,4074;6827235
JOR;Asia;Jordan;;2008;11378,256;73,5631;6989874
JOR;Asia;Jordan;;2009;11651,25;73,7075;7141763
JOR;Asia;Jordan;;2010;11601,088;73,7973;7297046
JOR;Asia;Jordan;;2011;11615;73,9286;7480431
JOR;Asia;Jordan;;2012;11704,657;74,0873;7587133
JOR;Asia;Jordan;;2013;10834,426;74,2816;7991812
JOR;Asia;Jordan;;2014;9765,811;74,606;8791715
JOR;Asia;Jordan;;2015;9307,248;75,06;9544730
JOR;Asia;Jordan;;2016;9149,412;75,5501;10006369
JOR;Asia;Jordan;;2017;9186,477;76,0708;10234227
JOR;Asia;Jordan;;2018;9174,501;76,4913;10462310
JOR;Asia;Jordan;;2019;9166,066;76,8645;10671893
JOR;Asia;Jordan;;2020;8896,383;75,5831;10865232
JOR;Asia;Jordan;;2021;9019,895;74,2042;11066356
JOR;Asia;Jordan;;2022;9151,479;77,088;11256269
JOR;Asia;Jordan;;2023;;77,8145;11439220
KAZ;Asia;Kazakhstan;;1970;;60,049;12419056
KAZ;Asia;Kazakhstan;;1971;;60,2624;12684817
KAZ;Asia;Kazakhstan;;1972;;60,4798;12951805
KAZ;Asia;Kazakhstan;;1973;12154;60,6966;13208122
KAZ;Asia;Kazakhstan;;1974;;60,908;13454576
KAZ;Asia;Kazakhstan;;1975;;61,1099;13700850
KAZ;Asia;Kazakhstan;;1976;;61,3009;13998737
KAZ;Asia;Kazakhstan;;1977;;61,5173;14353262
KAZ;Asia;Kazakhstan;;1978;;61,7651;14711507
KAZ;Asia;Kazakhstan;;1979;;62,0721;14978703
KAZ;Asia;Kazakhstan;;1980;11899;62,5155;15152953
KAZ;Asia;Kazakhstan;;1981;11604;62,9962;15323086
KAZ;Asia;Kazakhstan;;1982;11322;63,5861;15492597
KAZ;Asia;Kazakhstan;;1983;11735;64,2244;15665554
KAZ;Asia;Kazakhstan;;1984;11553;64,8391;15844620
KAZ;Asia;Kazakhstan;;1985;11545;65,3755;16031087
KAZ;Asia;Kazakhstan;;1986;11576;65,7885;16262697
KAZ;Asia;Kazakhstan;;1987;11389;65,9965;16527717
KAZ;Asia;Kazakhstan;;1988;12256;66,0322;16781167
KAZ;Asia;Kazakhstan;;1989;12153;65,9152;16997012
KAZ;Asia;Kazakhstan;;1990;11888;65,7012;17154060
KAZ;Asia;Kazakhstan;;1991;10557,115;65,3788;17278604
KAZ;Asia;Kazakhstan;;1992;10012,611;64,9779;17332624
KAZ;Asia;Kazakhstan;;1993;9173,638;64,5377;17274487
KAZ;Asia;Kazakhstan;;1994;8178,791;64,1077;17043775
KAZ;Asia;Kazakhstan;;1995;7674,0635;63,7169;16730541
KAZ;Asia;Kazakhstan;;1996;7826,8574;63,4551;16416036
KAZ;Asia;Kazakhstan;;1997;8093,796;63,3182;16043250
KAZ;Asia;Kazakhstan;;1998;8088,648;63,349;15647789
KAZ;Asia;Kazakhstan;;1999;8421,348;63,5279;15455877
KAZ;Asia;Kazakhstan;;2000;9309,42;63,793;15501108
KAZ;Asia;Kazakhstan;;2001;10589,103;64,1081;15575550
KAZ;Asia;Kazakhstan;;2002;11640,18;64,4405;15656680
KAZ;Asia;Kazakhstan;;2003;12726,287;64,7533;15747377
KAZ;Asia;Kazakhstan;;2004;13929,7295;65,04;15850164
KAZ;Asia;Kazakhstan;;2005;15233,841;65,3556;15968118
KAZ;Asia;Kazakhstan;;2006;16786,555;65,7223;16103718
KAZ;Asia;Kazakhstan;;2007;18181,06;66,18;16257212
KAZ;Asia;Kazakhstan;;2008;18665,766;66,7589;16426527
KAZ;Asia;Kazakhstan;;2009;18750,541;67,4605;16619851
KAZ;Asia;Kazakhstan;;2010;19964,53;68,2575;16836808
KAZ;Asia;Kazakhstan;;2011;21302;69,1076;17065996
KAZ;Asia;Kazakhstan;;2012;22089,924;69,9395;17306115
KAZ;Asia;Kazakhstan;;2013;23110,025;70,7189;17556502
KAZ;Asia;Kazakhstan;;2014;23819,748;71,4149;17816285
KAZ;Asia;Kazakhstan;;2015;23782,562;72,0242;18084175
KAZ;Asia;Kazakhstan;;2016;23731,512;72,5491;18363600
KAZ;Asia;Kazakhstan;;2017;24396,78;72,9955;18651931
KAZ;Asia;Kazakhstan;;2018;25142,707;73,3693;18932725
KAZ;Asia;Kazakhstan;;2019;26026,064;73,6581;19209556
KAZ;Asia;Kazakhstan;;2020;25124,486;71,1952;19482116
KAZ;Asia;Kazakhstan;;2021;25936,383;70,1311;19743607
KAZ;Asia;Kazakhstan;;2022;26491,857;73,5028;20034612
KAZ;Asia;Kazakhstan;;2023;;74,4021;20330109
KEN;Africa;Kenya;;1970;1458;54,1427;11368806
KEN;Africa;Kenya;;1971;1500;54,5434;11788906
KEN;Africa;Kenya;;1972;1524;55,0128;12206063
KEN;Africa;Kenya;;1973;1546;55,5002;12634841
KEN;Africa;Kenya;;1974;1564;56,039;13070078
KEN;Africa;Kenya;;1975;1502;56,6205;13511672
KEN;Africa;Kenya;;1976;1503;57,1528;13957620
KEN;Africa;Kenya;;1977;1580;57,6843;14428824
KEN;Africa;Kenya;;1978;1656;58,2343;14934127
KEN;Africa;Kenya;;1979;1651;58,6905;15460668
KEN;Africa;Kenya;;1980;1675;59,1748;16018465
KEN;Africa;Kenya;;1981;1647;59,5621;16601510
KEN;Africa;Kenya;;1982;1680;59,9045;17206177
KEN;Africa;Kenya;;1983;1627;60,3423;17846374
KEN;Africa;Kenya;;1984;1594;60,6105;18514908
KEN;Africa;Kenya;;1985;1604;60,8558;19201772
KEN;Africa;Kenya;;1986;1658;60,8182;19901643
KEN;Africa;Kenya;;1987;1698;60,721;20616091
KEN;Africa;Kenya;;1988;1741;60,3198;21356222
KEN;Africa;Kenya;;1989;1761;59,9896;22118437
KEN;Africa;Kenya;;1990;1780;58,3336;22892655
KEN;Africa;Kenya;;1991;1777,7838;57,8258;23646514
KEN;Africa;Kenya;;1992;1724,8744;57,095;24382466
KEN;Africa;Kenya;;1993;1698,2542;56,6681;25117192
KEN;Africa;Kenya;;1994;1729,7172;56,1013;25857136
KEN;Africa;Kenya;;1995;1789,8945;55,8557;26601753
KEN;Africa;Kenya;;1996;1851,2814;55,5748;27344211
KEN;Africa;Kenya;;1997;1846,3738;55,4779;28101762
KEN;Africa;Kenya;;1998;1889,9731;55,5681;28888063
KEN;Africa;Kenya;;1999;1920,834;55,8658;29733413
KEN;Africa;Kenya;;2000;1914,8864;56,0836;30642893
KEN;Africa;Kenya;;2001;1972,3811;56,5005;31619170
KEN;Africa;Kenya;;2002;1961,8949;56,7587;32629809
KEN;Africa;Kenya;;2003;1997,7769;57,3694;33652233
KEN;Africa;Kenya;;2004;2066,2102;57,9472;34713453
KEN;Africa;Kenya;;2005;2157,8416;58,5098;35796485
KEN;Africa;Kenya;;2006;2255,2585;59,0588;36904010
KEN;Africa;Kenya;;2007;2380,7764;59,4073;38036354
KEN;Africa;Kenya;;2008;2357,2324;59,9545;39206349
KEN;Africa;Kenya;;2009;2404,6296;60,4828;40408887
KEN;Africa;Kenya;;2010;2579,531;60,9149;41598570
KEN;Africa;Kenya;;2011;2712;61,2827;42758467
KEN;Africa;Kenya;;2012;2754,7646;61,5373;43888306
KEN;Africa;Kenya;;2013;2786,1372;61,7291;44986794
KEN;Africa;Kenya;;2014;2852,933;61,9904;46051441
KEN;Africa;Kenya;;2015;2921,3428;62,279;47088528
KEN;Africa;Kenya;;2016;2975,4795;62,5261;48139683
KEN;Africa;Kenya;;2017;3020,9817;62,7248;49197757
KEN;Africa;Kenya;;2018;3120,4314;62,8254;50207109
KEN;Africa;Kenya;;2019;3207,2622;62,9391;51202829
KEN;Africa;Kenya;;2020;3129,5852;61,5958;52217327
KEN;Africa;Kenya;;2021;3292,7585;61,2253;53219167
KEN;Africa;Kenya;;2022;3403,9238;63,5491;54252458
KEN;Africa;Kenya;;2023;;63,6459;55339007
KIR;Oceania;Kiribati;;1970;;54,3802;57530
KIR;Oceania;Kiribati;;1971;;54,9339;58672
KIR;Oceania;Kiribati;;1972;;55,3126;59796
KIR;Oceania;Kiribati;;1973;;55,7898;60839
KIR;Oceania;Kiribati;;1974;;56,1024;61235
KIR;Oceania;Kiribati;;1975;;56,3579;61011
KIR;Oceania;Kiribati;;1976;;56,562;60683
KIR;Oceania;Kiribati;;1977;;56,0566;60285
KIR;Oceania;Kiribati;;1978;;56,9236;59878
KIR;Oceania;Kiribati;;1979;;57,1065;60192
KIR;Oceania;Kiribati;;1980;;57,3034;61170
KIR;Oceania;Kiribati;;1981;;57,5247;62137
KIR;Oceania;Kiribati;;1982;;57,7732;63146
KIR;Oceania;Kiribati;;1983;;58,0505;64183
KIR;Oceania;Kiribati;;1984;;58,3568;65245
KIR;Oceania;Kiribati;;1985;;58,7195;66510
KIR;Oceania;Kiribati;;1986;;59,118;68079
KIR;Oceania;Kiribati;;1987;;59,5756;69749
KIR;Oceania;Kiribati;;1988;;60,0547;71445
KIR;Oceania;Kiribati;;1989;;60,5386;73164
KIR;Oceania;Kiribati;;1990;;61,0184;74872
KIR;Oceania;Kiribati;;1991;;61,5021;76385
KIR;Oceania;Kiribati;;1992;;61,9682;77655
KIR;Oceania;Kiribati;;1993;;62,406;78853
KIR;Oceania;Kiribati;;1994;;62,7966;80033
KIR;Oceania;Kiribati;;1995;;63,146;81251
KIR;Oceania;Kiribati;;1996;;63,4703;82637
KIR;Oceania;Kiribati;;1997;;63,7971;84161
KIR;Oceania;Kiribati;;1998;;64,1;85672
KIR;Oceania;Kiribati;;1999;;64,3933;87139
KIR;Oceania;Kiribati;;2000;;64,6739;88632
KIR;Oceania;Kiribati;;2001;;64,9179;90350
KIR;Oceania;Kiribati;;2002;;65,1233;92281
KIR;Oceania;Kiribati;;2003;;65,2869;94189
KIR;Oceania;Kiribati;;2004;;65,4157;96096
KIR;Oceania;Kiribati;;2005;;65,5174;98045
KIR;Oceania;Kiribati;;2006;;65,6014;100028
KIR;Oceania;Kiribati;;2007;;65,6766;102081
KIR;Oceania;Kiribati;;2008;;65,7455;104235
KIR;Oceania;Kiribati;;2009;;65,8083;106479
KIR;Oceania;Kiribati;;2010;;65,8595;108717
KIR;Oceania;Kiribati;;2011;;65,8958;110660
KIR;Oceania;Kiribati;;2012;;65,9081;112293
KIR;Oceania;Kiribati;;2013;;65,8979;113847
KIR;Oceania;Kiribati;;2014;;65,8687;115339
KIR;Oceania;Kiribati;;2015;;65,831;116826
KIR;Oceania;Kiribati;;2016;;65,7991;118488
KIR;Oceania;Kiribati;;2017;;65,7871;120288
KIR;Oceania;Kiribati;;2018;;65,8067;122097
KIR;Oceania;Kiribati;;2019;;65,8663;123928
KIR;Oceania;Kiribati;;2020;;65,2046;126110
KIR;Oceania;Kiribati;;2021;;64,1482;128387
KIR;Oceania;Kiribati;;2022;;66,2687;130483
KIR;Oceania;Kiribati;;2023;;66,4731;132540
KWT;Asia;Kuwait;;1970;48927;67,9771;809118
KWT;Asia;Kuwait;;1971;49302;68,4818;865079
KWT;Asia;Kuwait;;1972;48283;68,8789;920358
KWT;Asia;Kuwait;;1973;42542;69,191;977665
KWT;Asia;Kuwait;;1974;34962;69,4483;1038354
KWT;Asia;Kuwait;;1975;28950;69,6795;1104869
KWT;Asia;Kuwait;;1976;28956;69,9242;1178717
KWT;Asia;Kuwait;;1977;26168;70,172;1258029
KWT;Asia;Kuwait;;1978;26363;70,4552;1340323
KWT;Asia;Kuwait;;1979;28174;70,7754;1423523
KWT;Asia;Kuwait;;1980;21154;71,1321;1504789
KWT;Asia;Kuwait;;1981;16402;71,5222;1583428
KWT;Asia;Kuwait;;1982;13845;71,9475;1662489
KWT;Asia;Kuwait;;1983;14292;72,3942;1744302
KWT;Asia;Kuwait;;1984;14384;72,854;1820692
KWT;Asia;Kuwait;;1985;13015;73,3155;1894255
KWT;Asia;Kuwait;;1986;13509;73,7797;1972520
KWT;Asia;Kuwait;;1987;12416;74,2196;2053007
KWT;Asia;Kuwait;;1988;12317;74,6426;2134708
KWT;Asia;Kuwait;;1989;12701;75,0266;2217470
KWT;Asia;Kuwait;;1990;9757;72,854;1684833
KWT;Asia;Kuwait;;1991;6310,9067;73,31;1351403
KWT;Asia;Kuwait;;1992;12965,067;75,7351;1634968
KWT;Asia;Kuwait;;1993;19955,314;75,7718;1672158
KWT;Asia;Kuwait;;1994;24532,414;75,7279;1664371
KWT;Asia;Kuwait;;1995;27552,96;75,6648;1681518
KWT;Asia;Kuwait;;1996;29612,66;75,6015;1730255
KWT;Asia;Kuwait;;1997;31511,191;75,5648;1787692
KWT;Asia;Kuwait;;1998;33331,297;75,612;1844308
KWT;Asia;Kuwait;;1999;33351,195;75,7223;1900035
KWT;Asia;Kuwait;;2000;35844,746;75,8728;1954713
KWT;Asia;Kuwait;;2001;37225,87;76,0366;2008127
KWT;Asia;Kuwait;;2002;39943,15;76,1881;2059983
KWT;Asia;Kuwait;;2003;48809,71;76,3043;2109886
KWT;Asia;Kuwait;;2004;55911,793;76,3876;2157329
KWT;Asia;Kuwait;;2005;62959,6;76,4639;2236797
KWT;Asia;Kuwait;;2006;68546,14;76,5541;2364741
KWT;Asia;Kuwait;;2007;73096,87;76,6875;2507890
KWT;Asia;Kuwait;;2008;75138,12;76,8895;2651433
KWT;Asia;Kuwait;;2009;70072,73;77,1674;2795489
KWT;Asia;Kuwait;;2010;68865,31;77,4995;2943374
KWT;Asia;Kuwait;;2011;77126;77,8637;3132815
KWT;Asia;Kuwait;;2012;80657,13;78,227;3337025
KWT;Asia;Kuwait;;2013;80098,64;78,5831;3507755
KWT;Asia;Kuwait;;2014;79103,414;78,927;3665769
KWT;Asia;Kuwait;;2015;78261,195;79,2194;3834465
KWT;Asia;Kuwait;;2016;79289,17;79,5162;4003976
KWT;Asia;Kuwait;;2017;74427,02;79,7314;4154686
KWT;Asia;Kuwait;;2018;75163,984;79,8994;4323389
KWT;Asia;Kuwait;;2019;73748,44;80,0223;4442201
KWT;Asia;Kuwait;;2020;66365,99;78,2483;4400146
KWT;Asia;Kuwait;;2021;66418,2;77,625;4360748
KWT;Asia;Kuwait;;2022;71533,516;78,7881;4589514
KWT;Asia;Kuwait;;2023;;80,4047;4838781
KGZ;Asia;Kyrgyzstan;;1970;;58,184;3025143
KGZ;Asia;Kyrgyzstan;;1971;;58,4965;3101444
KGZ;Asia;Kyrgyzstan;;1972;;58,8282;3173948
KGZ;Asia;Kyrgyzstan;;1973;5941;59,1794;3244873
KGZ;Asia;Kyrgyzstan;;1974;;59,5401;3314025
KGZ;Asia;Kyrgyzstan;;1975;;59,8237;3381368
KGZ;Asia;Kyrgyzstan;;1976;;60,0988;3447009
KGZ;Asia;Kyrgyzstan;;1977;;60,3691;3514133
KGZ;Asia;Kyrgyzstan;;1978;;60,7068;3584533
KGZ;Asia;Kyrgyzstan;;1979;;61,0889;3656193
KGZ;Asia;Kyrgyzstan;;1980;5848;61,5349;3729372
KGZ;Asia;Kyrgyzstan;;1981;5789;61,8498;3804455
KGZ;Asia;Kyrgyzstan;;1982;5726;62,2763;3882820
KGZ;Asia;Kyrgyzstan;;1983;5992;62,3359;3965765
KGZ;Asia;Kyrgyzstan;;1984;5952;62,8544;4039348
KGZ;Asia;Kyrgyzstan;;1985;5616;63,6846;4102389
KGZ;Asia;Kyrgyzstan;;1986;5413;64,7281;4168594
KGZ;Asia;Kyrgyzstan;;1987;5241;65,445;4238467
KGZ;Asia;Kyrgyzstan;;1988;5679;65,291;4308022
KGZ;Asia;Kyrgyzstan;;1989;5719;65,1749;4381999
KGZ;Asia;Kyrgyzstan;;1990;5742;64,8247;4459545
KGZ;Asia;Kyrgyzstan;;1991;5161,9043;64,9404;4532124
KGZ;Asia;Kyrgyzstan;;1992;4362,113;64,4265;4600308
KGZ;Asia;Kyrgyzstan;;1993;3764,9421;63,6459;4626809
KGZ;Asia;Kyrgyzstan;;1994;2993,828;62,718;4649190
KGZ;Asia;Kyrgyzstan;;1995;2776,0303;62,9186;4713641
KGZ;Asia;Kyrgyzstan;;1996;2901,5542;63,4469;4782885
KGZ;Asia;Kyrgyzstan;;1997;3114,675;64,1625;4847998
KGZ;Asia;Kyrgyzstan;;1998;3105,961;64,5788;4907792
KGZ;Asia;Kyrgyzstan;;1999;3144,4612;64,9161;4968593
KGZ;Asia;Kyrgyzstan;;2000;3246,383;65,2419;5025150
KGZ;Asia;Kyrgyzstan;;2001;3357,993;65,3191;5071960
KGZ;Asia;Kyrgyzstan;;2002;3299,246;65,3418;5116252
KGZ;Asia;Kyrgyzstan;;2003;3464,82;65,4485;5159422
KGZ;Asia;Kyrgyzstan;;2004;3632,1472;65,6494;5203048
KGZ;Asia;Kyrgyzstan;;2005;3554,1855;65,7894;5246337
KGZ;Asia;Kyrgyzstan;;2006;3594,5652;65,7816;5282451
KGZ;Asia;Kyrgyzstan;;2007;3831,4949;66,0466;5313376
KGZ;Asia;Kyrgyzstan;;2008;4046,7207;66,6158;5342530
KGZ;Asia;Kyrgyzstan;;2009;4075,834;67,1401;5398013
KGZ;Asia;Kyrgyzstan;;2010;3977,649;67,5214;5491763
KGZ;Asia;Kyrgyzstan;;2011;4142;67,7481;5594537
KGZ;Asia;Kyrgyzstan;;2012;4103,82;68,1419;5696521
KGZ;Asia;Kyrgyzstan;;2013;4509,7515;68,4623;5797294
KGZ;Asia;Kyrgyzstan;;2014;4644,326;68,8293;5898322
KGZ;Asia;Kyrgyzstan;;2015;4772,76;69,3094;6001876
KGZ;Asia;Kyrgyzstan;;2016;4925,4097;69,9095;6108460
KGZ;Asia;Kyrgyzstan;;2017;5104,14;70,5031;6220148
KGZ;Asia;Kyrgyzstan;;2018;5226,4805;70,6678;6341733
KGZ;Asia;Kyrgyzstan;;2019;5412,708;70,8907;6494036
KGZ;Asia;Kyrgyzstan;;2020;4899,061;69,136;6664143
KGZ;Asia;Kyrgyzstan;;2021;5035,9272;69,2904;6820483
KGZ;Asia;Kyrgyzstan;;2022;5304,841;71,487;6955792
KGZ;Asia;Kyrgyzstan;;2023;;71,677;7073523
LAO;Asia;Laos;;1970;850;43,7756;2669703
LAO;Asia;Laos;;1971;875;44,1224;2734637
LAO;Asia;Laos;;1972;886;44,4157;2801657
LAO;Asia;Laos;;1973;944;44,7277;2870578
LAO;Asia;Laos;;1974;958;45,8864;2939759
LAO;Asia;Laos;;1975;999;46,1495;3005524
LAO;Asia;Laos;;1976;1023;46,0118;3064882
LAO;Asia;Laos;;1977;993;46,4083;3118926
LAO;Asia;Laos;;1978;991;46,8318;3171753
LAO;Asia;Laos;;1979;966;47,4598;3228198
LAO;Asia;Laos;;1980;1054;48,5601;3292575
LAO;Asia;Laos;;1981;1199;49,2369;3366638
LAO;Asia;Laos;;1982;1256;49,9308;3450022
LAO;Asia;Laos;;1983;1283;50,4851;3541003
LAO;Asia;Laos;;1984;1344;51,0137;3637845
LAO;Asia;Laos;;1985;1382;51,5794;3739985
LAO;Asia;Laos;;1986;1409;52,1436;3846720
LAO;Asia;Laos;;1987;1350;52,5967;3957624
LAO;Asia;Laos;;1988;1286;53,0768;4072608
LAO;Asia;Laos;;1989;1428;53,5885;4190972
LAO;Asia;Laos;;1990;1481;54,035;4311960
LAO;Asia;Laos;;1991;1512,4799;54,7;4435121
LAO;Asia;Laos;;1992;1563,9058;55,0976;4559650
LAO;Asia;Laos;;1993;1622,5546;55,5833;4685064
LAO;Asia;Laos;;1994;1718,1158;55,8101;4809223
LAO;Asia;Laos;;1995;1801,5441;56,3441;4929410
LAO;Asia;Laos;;1996;1899,8959;56,8214;5045686
LAO;Asia;Laos;;1997;2002,236;57,3023;5152015
LAO;Asia;Laos;;1998;2050,8838;57,5489;5248273
LAO;Asia;Laos;;1999;2167,7795;57,8658;5340784
LAO;Asia;Laos;;2000;2262,2356;58,3168;5431213
LAO;Asia;Laos;;2001;2365,1033;58,8867;5521481
LAO;Asia;Laos;;2002;2486,9893;59,3024;5610888
LAO;Asia;Laos;;2003;2625,3481;59,6426;5697944
LAO;Asia;Laos;;2004;2784,6802;60,0803;5781627
LAO;Asia;Laos;;2005;2948,6997;60,6881;5869531
LAO;Asia;Laos;;2006;2896,1355;61,0743;5963199
LAO;Asia;Laos;;2007;3389,364;61,694;6056237
LAO;Asia;Laos;;2008;3614,4768;62,2477;6148974
LAO;Asia;Laos;;2009;3843,8298;63,023;6241649
LAO;Asia;Laos;;2010;4114,0103;63,6895;6334198
LAO;Asia;Laos;;2011;4401;64,505;6426592
LAO;Asia;Laos;;2012;4670;65,1262;6518981
LAO;Asia;Laos;;2013;4961;65,7226;6611385
LAO;Asia;Laos;;2014;5251;66,3497;6703170
LAO;Asia;Laos;;2015;5559;66,6881;6801647
LAO;Asia;Laos;;2016;5859,663;67,0136;6908800
LAO;Asia;Laos;;2017;6168,1704;67,3452;7018150
LAO;Asia;Laos;;2018;6454,778;67,5942;7128043
LAO;Asia;Laos;;2019;6706,0063;67,9113;7237635
LAO;Asia;Laos;;2020;6824,144;68,3386;7346534
LAO;Asia;Laos;;2021;6961,1216;67,8074;7453192
LAO;Asia;Laos;;2022;7168,1904;68,7152;7559008
LAO;Asia;Laos;;2023;;68,9637;7665001
LVA;Europe;Latvia;;1970;;70,2372;2357559
LVA;Europe;Latvia;;1971;;70,5737;2377075
LVA;Europe;Latvia;;1972;;70,2649;2395871
LVA;Europe;Latvia;;1973;12506;70,189;2415773
LVA;Europe;Latvia;;1974;;70,12;2436994
LVA;Europe;Latvia;;1975;;69,2578;2455780
LVA;Europe;Latvia;;1976;;69,3877;2470541
LVA;Europe;Latvia;;1977;;69,4496;2484605
LVA;Europe;Latvia;;1978;;69,3299;2497364
LVA;Europe;Latvia;;1979;;68,824;2505526
LVA;Europe;Latvia;;1980;13739;69,1171;2511756
LVA;Europe;Latvia;;1981;13970;69,0787;2519972
LVA;Europe;Latvia;;1982;14190;69,6274;2532020
LVA;Europe;Latvia;;1983;14376;69,3968;2546976
LVA;Europe;Latvia;;1984;14682;69,4338;2562773
LVA;Europe;Latvia;;1985;14273;69,5955;2579237
LVA;Europe;Latvia;;1986;14539;70,9628;2599784
LVA;Europe;Latvia;;1987;14360;71,0125;2625969
LVA;Europe;Latvia;;1988;14875;70,9144;2652250
LVA;Europe;Latvia;;1989;15661;70,4035;2664839
LVA;Europe;Latvia;;1990;15806;69,4572;2660131
LVA;Europe;Latvia;;1991;13774,934;69,1819;2648933
LVA;Europe;Latvia;;1992;9411,195;68,4514;2614833
LVA;Europe;Latvia;;1993;8439,33;66,6288;2563820
LVA;Europe;Latvia;;1994;8704,267;65,1828;2521238
LVA;Europe;Latvia;;1995;8709,07;65,9954;2485948
LVA;Europe;Latvia;;1996;8947,269;68,5859;2457907
LVA;Europe;Latvia;;1997;9773,499;69,2247;2433229
LVA;Europe;Latvia;;1998;10429,767;68,8508;2410217
LVA;Europe;Latvia;;1999;10707,706;69,6483;2390822
LVA;Europe;Latvia;;2000;11309,74;70,1755;2368320
LVA;Europe;Latvia;;2001;12103,828;69,9058;2338299
LVA;Europe;Latvia;;2002;13015,475;70,1755;2311358
LVA;Europe;Latvia;;2003;14142,125;70,6361;2288983
LVA;Europe;Latvia;;2004;15371,182;70,9395;2264179
LVA;Europe;Latvia;;2005;17069,656;70,6324;2239787
LVA;Europe;Latvia;;2006;19128,69;70,5501;2219039
LVA;Europe;Latvia;;2007;21042,367;70,7894;2200774
LVA;Europe;Latvia;;2008;20342,2;71,999;2177710
LVA;Europe;Latvia;;2009;17582,111;72,6966;2142044
LVA;Europe;Latvia;;2010;17140,227;73,0285;2097834
LVA;Europe;Latvia;;2011;18428;73,7176;2059940
LVA;Europe;Latvia;;2012;19970,031;73,9387;2034639
LVA;Europe;Latvia;;2013;20581,918;74,1873;2013004
LVA;Europe;Latvia;;2014;21168,535;74,306;1994153
LVA;Europe;Latvia;;2015;22179,42;74,6646;1977874
LVA;Europe;Latvia;;2016;22913,023;74,7568;1959863
LVA;Europe;Latvia;;2017;23893,832;74,8005;1942599
LVA;Europe;Latvia;;2018;25039,865;74,9793;1927586
LVA;Europe;Latvia;;2019;25858,602;75,6278;1914267
LVA;Europe;Latvia;;2020;25453,064;75,4781;1901119
LVA;Europe;Latvia;;2021;26738,615;73,1809;1885593
LVA;Europe;Latvia;;2022;27220,303;74,8706;1881059
LVA;Europe;Latvia;;2023;;76,1898;1882399
LBN;Asia;Lebanon;;1970;7084;66,0178;2386119
LBN;Asia;Lebanon;;1971;7533;66,1197;2446319
LBN;Asia;Lebanon;;1972;8228;66,2005;2509730
LBN;Asia;Lebanon;;1973;8397;66,2976;2572932
LBN;Asia;Lebanon;;1974;8383;66,41;2635185
LBN;Asia;Lebanon;;1975;5742;57,7444;2693197
LBN;Asia;Lebanon;;1976;2442;36,4358;2726474
LBN;Asia;Lebanon;;1977;4417;60,3312;2762162
LBN;Asia;Lebanon;;1978;4218;59,9963;2822681
LBN;Asia;Lebanon;;1979;4536;59,5573;2882635
LBN;Asia;Lebanon;;1980;4608;59,9089;2944765
LBN;Asia;Lebanon;;1981;4549;60,2785;3008985
LBN;Asia;Lebanon;;1982;2823;47,1898;3054932
LBN;Asia;Lebanon;;1983;3402;60,7517;3095001
LBN;Asia;Lebanon;;1984;4828;61,1669;3152742
LBN;Asia;Lebanon;;1985;5895;61,5736;3217377
LBN;Asia;Lebanon;;1986;5400;62,0105;3300373
LBN;Asia;Lebanon;;1987;6202;62,5395;3385557
LBN;Asia;Lebanon;;1988;4385;62,9203;3454647
LBN;Asia;Lebanon;;1989;2488;65,1135;3525288
LBN;Asia;Lebanon;;1990;3086;65,479;3595175
LBN;Asia;Lebanon;;1991;4326,2993;70,8648;3668916
LBN;Asia;Lebanon;;1992;4618,0054;71,1693;3747375
LBN;Asia;Lebanon;;1993;5053,2803;71,5588;3820652
LBN;Asia;Lebanon;;1994;5585,667;72,0301;3889802
LBN;Asia;Lebanon;;1995;6095,397;72,3835;3960741
LBN;Asia;Lebanon;;1996;6567,4004;72,6144;4034782
LBN;Asia;Lebanon;;1997;6581,053;72,9402;4108409
LBN;Asia;Lebanon;;1998;6994,1567;73,2005;4181287
LBN;Asia;Lebanon;;1999;7147,5547;73,5135;4255278
LBN;Asia;Lebanon;;2000;7405,707;73,8949;4329345
LBN;Asia;Lebanon;;2001;7836,8267;74,3542;4401923
LBN;Asia;Lebanon;;2002;8248,101;74,8356;4463505
LBN;Asia;Lebanon;;2003;8671,1875;75,2753;4525513
LBN;Asia;Lebanon;;2004;9491,61;75,6933;4599285
LBN;Asia;Lebanon;;2005;9933,082;76,0737;4671105
LBN;Asia;Lebanon;;2006;10236,868;75,6766;4751146
LBN;Asia;Lebanon;;2007;11276,507;76,7316;4844119
LBN;Asia;Lebanon;;2008;12479,107;76,9557;4925359
LBN;Asia;Lebanon;;2009;14039,346;77,2618;4992295
LBN;Asia;Lebanon;;2010;15622,367;77,5292;5041290
LBN;Asia;Lebanon;;2011;16230;77,7682;5096018
LBN;Asia;Lebanon;;2012;16284,763;77,941;5235742
LBN;Asia;Lebanon;;2013;15145,569;78,0365;5743441
LBN;Asia;Lebanon;;2014;13586,273;78,148;6346993
LBN;Asia;Lebanon;;2015;12982,721;78,2754;6472470
LBN;Asia;Lebanon;;2016;13073,557;78,3063;6323061
LBN;Asia;Lebanon;;2017;13209,284;78,1922;6160129
LBN;Asia;Lebanon;;2018;13236,691;78,2632;5984120
LBN;Asia;Lebanon;;2019;12854,797;78,2079;5794601
LBN;Asia;Lebanon;;2020;10182,637;76,2988;5702400
LBN;Asia;Lebanon;;2021;10573,861;73,6495;5718129
LBN;Asia;Lebanon;;2022;10341,159;78,0029;5744492
LBN;Asia;Lebanon;;2023;;77,817;5773494
LSO;Africa;Lesotho;;1970;1073;51,5005;1019273
LSO;Africa;Lesotho;;1971;952;51,845;1056248
LSO;Africa;Lesotho;;1972;1108;52,2561;1094069
LSO;Africa;Lesotho;;1973;1364;52,6196;1132706
LSO;Africa;Lesotho;;1974;1414;52,9412;1172420
LSO;Africa;Lesotho;;1975;1270;53,4544;1213650
LSO;Africa;Lesotho;;1976;1447;53,931;1253217
LSO;Africa;Lesotho;;1977;1658;54,5258;1289966
LSO;Africa;Lesotho;;1978;1934;55,1663;1327244
LSO;Africa;Lesotho;;1979;1678;55,8426;1366171
LSO;Africa;Lesotho;;1980;1589;56,5342;1406530
LSO;Africa;Lesotho;;1981;1564;57,3075;1448073
LSO;Africa;Lesotho;;1982;1576;57,9759;1490732
LSO;Africa;Lesotho;;1983;1561;58,4952;1534414
LSO;Africa;Lesotho;;1984;1589;58,9548;1578992
LSO;Africa;Lesotho;;1985;1600;59,2105;1624385
LSO;Africa;Lesotho;;1986;1645;59,3459;1666140
LSO;Africa;Lesotho;;1987;1621;59,5574;1703395
LSO;Africa;Lesotho;;1988;1736;59,5723;1739847
LSO;Africa;Lesotho;;1989;1804;59,5045;1775437
LSO;Africa;Lesotho;;1990;1882;59,3171;1809698
LSO;Africa;Lesotho;;1991;1853,543;59,0607;1842383
LSO;Africa;Lesotho;;1992;1914,6238;58,6382;1873281
LSO;Africa;Lesotho;;1993;1903,6763;58,0604;1901799
LSO;Africa;Lesotho;;1994;1924,0946;57,2879;1927708
LSO;Africa;Lesotho;;1995;1888,699;56,3684;1951441
LSO;Africa;Lesotho;;1996;1931,6608;55,1362;1972424
LSO;Africa;Lesotho;;1997;1940,3105;53,7334;1988140
LSO;Africa;Lesotho;;1998;1922,6793;52,0287;1998048
LSO;Africa;Lesotho;;1999;1923,9032;50,3848;2003238
LSO;Africa;Lesotho;;2000;1967,4332;48,7828;2003919
LSO;Africa;Lesotho;;2001;1997,3577;47,1525;2000859
LSO;Africa;Lesotho;;2002;1959,028;45,9501;1994686
LSO;Africa;Lesotho;;2003;2003,09;44,9214;1985060
LSO;Africa;Lesotho;;2004;2004,0602;44,0388;1971130
LSO;Africa;Lesotho;;2005;2013,8077;43,6115;1953080
LSO;Africa;Lesotho;;2006;2056,3296;43,182;1945066
LSO;Africa;Lesotho;;2007;2106,84;43,6601;1953273
LSO;Africa;Lesotho;;2008;2177,8574;44,304;1966547
LSO;Africa;Lesotho;;2009;2199,3948;45,0552;1980884
LSO;Africa;Lesotho;;2010;2313,882;46,0447;1996256
LSO;Africa;Lesotho;;2011;2346;46,9302;2014015
LSO;Africa;Lesotho;;2012;2456;48,2353;2034363
LSO;Africa;Lesotho;;2013;2559;49,5475;2056509
LSO;Africa;Lesotho;;2014;2644;50,7865;2080091
LSO;Africa;Lesotho;;2015;2710;51,8298;2104614
LSO;Africa;Lesotho;;2016;2774,5996;52,9078;2130424
LSO;Africa;Lesotho;;2017;2654,4136;53,8737;2157117
LSO;Africa;Lesotho;;2018;2582,512;54,6377;2183611
LSO;Africa;Lesotho;;2019;2514,2244;55,2493;2209414
LSO;Africa;Lesotho;;2020;2297,383;55,1325;2235727
LSO;Africa;Lesotho;;2021;2311,8909;54,2091;2261549
LSO;Africa;Lesotho;;2022;2312,9583;56,8119;2286112
LSO;Africa;Lesotho;;2023;;57,3749;2311476
LBR;Africa;Liberia;;1970;4457;40,3594;1466677
LBR;Africa;Liberia;;1971;4544;40,7203;1504082
LBR;Africa;Liberia;;1972;4568;41,1988;1542674
LBR;Africa;Liberia;;1973;4603;41,6186;1583590
LBR;Africa;Liberia;;1974;4616;42,0626;1626363
LBR;Africa;Liberia;;1975;4326;42,4627;1670914
LBR;Africa;Liberia;;1976;4415;42,8508;1717071
LBR;Africa;Liberia;;1977;4339;43,2204;1766028
LBR;Africa;Liberia;;1978;4463;43,5666;1818255
LBR;Africa;Liberia;;1979;4546;43,8898;1872714
LBR;Africa;Liberia;;1980;4138;44,0877;1929260
LBR;Africa;Liberia;;1981;3862;44,3441;1986864
LBR;Africa;Liberia;;1982;3813;44,4467;2045076
LBR;Africa;Liberia;;1983;3572;44,5762;2107114
LBR;Africa;Liberia;;1984;3443;44,6832;2173314
LBR;Africa;Liberia;;1985;3269;44,0256;2240549
LBR;Africa;Liberia;;1986;3129;44,4939;2308516
LBR;Africa;Liberia;;1987;3084;44,2673;2377233
LBR;Africa;Liberia;;1988;3070;44,0652;2446942
LBR;Africa;Liberia;;1989;3054;43,8633;2517864
LBR;Africa;Liberia;;1990;1690;37,6435;2223667
LBR;Africa;Liberia;;1991;1568,4043;43,5745;1956523
LBR;Africa;Liberia;;1992;915,1206;43,5661;2072466
LBR;Africa;Liberia;;1993;560,333;43,0215;2155135
LBR;Africa;Liberia;;1994;418,12158;42,6212;2149929
LBR;Africa;Liberia;;1995;377,58008;44,5732;2169167
LBR;Africa;Liberia;;1996;391,0859;44,9454;2232286
LBR;Africa;Liberia;;1997;701,7854;48,3022;2412995
LBR;Africa;Liberia;;1998;772,67645;49,3671;2670128
LBR;Africa;Liberia;;1999;848,42114;50,4116;2821689
LBR;Africa;Liberia;;2000;971,93304;51,8517;2928117
LBR;Africa;Liberia;;2001;1097,2496;53,1095;3015343
LBR;Africa;Liberia;;2002;1342,7588;54,0612;3094793
LBR;Africa;Liberia;;2003;851,91095;53,045;3119534
LBR;Africa;Liberia;;2004;760,8758;55,9489;3156893
LBR;Africa;Liberia;;2005;755,2236;56,7648;3301016
LBR;Africa;Liberia;;2006;769,29297;57,4946;3490792
LBR;Africa;Liberia;;2007;768,20703;58,1469;3669050
LBR;Africa;Liberia;;2008;811,158;58,6751;3821006
LBR;Africa;Liberia;;2009;838,452;59,1064;3943035
LBR;Africa;Liberia;;2010;854,235;59,3577;4058897
LBR;Africa;Liberia;;2011;820;59,4862;4221177
LBR;Africa;Liberia;;2012;853;59,7855;4373046
LBR;Africa;Liberia;;2013;900;59,9925;4470246
LBR;Africa;Liberia;;2014;884;59,2101;4564299
LBR;Africa;Liberia;;2015;865;59,2481;4659436
LBR;Africa;Liberia;;2016;843,52625;60,4834;4755607
LBR;Africa;Liberia;;2017;848,2952;60,7767;4848927
LBR;Africa;Liberia;;2018;842,37573;60,9995;4944728
LBR;Africa;Liberia;;2019;807,3494;61,2324;5043719
LBR;Africa;Liberia;;2020;768,40546;61,2672;5149470
LBR;Africa;Liberia;;2021;790,2841;61,1658;5259327
LBR;Africa;Liberia;;2022;811,2146;61,9342;5373297
LBR;Africa;Liberia;;2023;;62,1625;5493035
LBY;Africa;Libya;;1970;6591;56,3791;2082597
LBY;Africa;Libya;;1971;6008;57,5826;2153537
LBY;Africa;Libya;;1972;6237;58,6855;2226105
LBY;Africa;Libya;;1973;6005;59,7104;2314200
LBY;Africa;Libya;;1974;6923;60,7093;2432218
LBY;Africa;Libya;;1975;6872;61,6207;2571563
LBY;Africa;Libya;;1976;8142;62,4481;2721246
LBY;Africa;Libya;;1977;8682;63,1294;2881540
LBY;Africa;Libya;;1978;8730;63,796;3052532
LBY;Africa;Libya;;1979;9086;64,3275;3233849
LBY;Africa;Libya;;1980;8741;64,7975;3424375
LBY;Africa;Libya;;1981;6760;65,2549;3621488
LBY;Africa;Libya;;1982;6661;65,7679;3724772
LBY;Africa;Libya;;1983;6237;66,2605;3718966
LBY;Africa;Libya;;1984;5695;66,7477;3773639
LBY;Africa;Libya;;1985;6092;67,2854;3898746
LBY;Africa;Libya;;1986;5370;67,8057;4017403
LBY;Africa;Libya;;1987;4465;68,2579;4129743
LBY;Africa;Libya;;1988;4670;68,6083;4237757
LBY;Africa;Libya;;1989;4873;68,9786;4342927
LBY;Africa;Libya;;1990;4921;69,3118;4445243
LBY;Africa;Libya;;1991;5977,337;69,6353;4544404
LBY;Africa;Libya;;1992;6113,3535;69,9735;4640360
LBY;Africa;Libya;;1993;6190,681;70,2474;4733053
LBY;Africa;Libya;;1994;6645,0767;70,4725;4822039
LBY;Africa;Libya;;1995;6898,952;70,6415;4906851
LBY;Africa;Libya;;1996;7543,9355;70,7358;4987402
LBY;Africa;Libya;;1997;8422,215;70,7197;5064642
LBY;Africa;Libya;;1998;8545,48;70,6567;5140711
LBY;Africa;Libya;;1999;9064,067;70,6007;5218039
LBY;Africa;Libya;;2000;9770,98;70,5421;5305020
LBY;Africa;Libya;;2001;10354,482;70,6533;5403639
LBY;Africa;Libya;;2002;10787,675;70,7883;5508412
LBY;Africa;Libya;;2003;12870,574;70,996;5619405
LBY;Africa;Libya;;2004;14193,259;71,2096;5736696
LBY;Africa;Libya;;2005;16538,557;71,4386;5858793
LBY;Africa;Libya;;2006;18657,062;71,6324;5980212
LBY;Africa;Libya;;2007;20731,719;71,7876;6104381
LBY;Africa;Libya;;2008;25140,6;71,9361;6235433
LBY;Africa;Libya;;2009;26403,787;72,0706;6366689
LBY;Africa;Libya;;2010;29157,143;72,1963;6497837
LBY;Africa;Libya;;2011;12893;69,9496;6343210
LBY;Africa;Libya;;2012;25302,516;72,1882;6179327
LBY;Africa;Libya;;2013;20190,09;72,3387;6304636
LBY;Africa;Libya;;2014;15154,099;71,2996;6427260
LBY;Africa;Libya;;2015;14720,548;71,644;6531825
LBY;Africa;Libya;;2016;14219,172;71,7987;6632130
LBY;Africa;Libya;;2017;18455,953;72,721;6738771
LBY;Africa;Libya;;2018;19504,555;73,1508;6849058
LBY;Africa;Libya;;2019;16971,502;72,9412;6951040
LBY;Africa;Libya;;2020;11741,864;72,3882;7045403
LBY;Africa;Libya;;2021;14797,098;72,0617;7135179
LBY;Africa;Libya;;2022;12755,204;74,4615;7223804
LBY;Africa;Libya;;2023;;69,3389;7305659
LIE;Europe;Liechtenstein;;1970;;72,82;21170
LIE;Europe;Liechtenstein;;1971;;73,0312;21618
LIE;Europe;Liechtenstein;;1972;;73,3725;22022
LIE;Europe;Liechtenstein;;1973;;73,6525;22421
LIE;Europe;Liechtenstein;;1974;;74,0246;22826
LIE;Europe;Liechtenstein;;1975;;74,3304;23223
LIE;Europe;Liechtenstein;;1976;;74,5722;23610
LIE;Europe;Liechtenstein;;1977;;74,7716;23994
LIE;Europe;Liechtenstein;;1978;;74,7133;24369
LIE;Europe;Liechtenstein;;1979;;74,7396;24749
LIE;Europe;Liechtenstein;;1980;;74,7834;25114
LIE;Europe;Liechtenstein;;1981;;74,9478;25487
LIE;Europe;Liechtenstein;;1982;;75,0603;25870
LIE;Europe;Liechtenstein;;1983;;75,7126;26261
LIE;Europe;Liechtenstein;;1984;;76,1879;26652
LIE;Europe;Liechtenstein;;1985;;76,7347;27036
LIE;Europe;Liechtenstein;;1986;;77,2302;27406
LIE;Europe;Liechtenstein;;1987;;77,753;27785
LIE;Europe;Liechtenstein;;1988;;77,9933;28171
LIE;Europe;Liechtenstein;;1989;;78,2839;28556
LIE;Europe;Liechtenstein;;1990;;78,5098;28912
LIE;Europe;Liechtenstein;;1991;;78,6597;29303
LIE;Europe;Liechtenstein;;1992;;78,654;29750
LIE;Europe;Liechtenstein;;1993;;78,4518;30199
LIE;Europe;Liechtenstein;;1994;;78,1798;30623
LIE;Europe;Liechtenstein;;1995;;77,9183;31055
LIE;Europe;Liechtenstein;;1996;;77,6657;31497
LIE;Europe;Liechtenstein;;1997;;77,596;31925
LIE;Europe;Liechtenstein;;1998;;77,8058;32341
LIE;Europe;Liechtenstein;;1999;;78,1507;32751
LIE;Europe;Liechtenstein;;2000;;78,5757;33137
LIE;Europe;Liechtenstein;;2001;;79,1936;33470
LIE;Europe;Liechtenstein;;2002;;79,7588;33770
LIE;Europe;Liechtenstein;;2003;;80,2377;34089
LIE;Europe;Liechtenstein;;2004;;80,7331;34409
LIE;Europe;Liechtenstein;;2005;;81,1169;34713
LIE;Europe;Liechtenstein;;2006;;81,4029;35002
LIE;Europe;Liechtenstein;;2007;;81,6389;35251
LIE;Europe;Liechtenstein;;2008;;81,8552;35467
LIE;Europe;Liechtenstein;;2009;;81,9374;35740
LIE;Europe;Liechtenstein;;2010;;82,0538;36021
LIE;Europe;Liechtenstein;;2011;;82,1571;36295
LIE;Europe;Liechtenstein;;2012;;82,2544;36621
LIE;Europe;Liechtenstein;;2013;;82,3739;36930
LIE;Europe;Liechtenstein;;2014;;82,5465;37191
LIE;Europe;Liechtenstein;;2015;;82,7618;37424
LIE;Europe;Liechtenstein;;2016;;82,8949;37635
LIE;Europe;Liechtenstein;;2017;;83,111;37872
LIE;Europe;Liechtenstein;;2018;;83,269;38157
LIE;Europe;Liechtenstein;;2019;;83,4047;38463
LIE;Europe;Liechtenstein;;2020;;82,037;38793
LIE;Europe;Liechtenstein;;2021;;82,7877;39062
LIE;Europe;Liechtenstein;;2022;;83,4054;39338
LIE;Europe;Liechtenstein;;2023;;83,6298;39622
LTU;Europe;Lithuania;;1970;;71,103;3135874
LTU;Europe;Lithuania;;1971;;72,0393;3170711
LTU;Europe;Lithuania;;1972;;71,3114;3204904
LTU;Europe;Lithuania;;1973;12103;71,6181;3236223
LTU;Europe;Lithuania;;1974;;71,5366;3266366
LTU;Europe;Lithuania;;1975;;71,1081;3295734
LTU;Europe;Lithuania;;1976;;71,2207;3324568
LTU;Europe;Lithuania;;1977;;71,0587;3353250
LTU;Europe;Lithuania;;1978;;70,854;3380072
LTU;Europe;Lithuania;;1979;;70,7146;3404743
LTU;Europe;Lithuania;;1980;12734;70,7006;3428417
LTU;Europe;Lithuania;;1981;13190;70,6866;3452313
LTU;Europe;Lithuania;;1982;13654;71,0645;3477581
LTU;Europe;Lithuania;;1983;13718;71,0154;3505434
LTU;Europe;Lithuania;;1984;13796;70,542;3534123
LTU;Europe;Lithuania;;1985;13287;70,7399;3562393
LTU;Europe;Lithuania;;1986;13667;72,3885;3593782
LTU;Europe;Lithuania;;1987;13831;72,2283;3627368
LTU;Europe;Lithuania;;1988;14851;72,0291;3672653
LTU;Europe;Lithuania;;1989;14693;71,6371;3696107
LTU;Europe;Lithuania;;1990;13809;71,3694;3695016
LTU;Europe;Lithuania;;1991;12999,309;70,5095;3701408
LTU;Europe;Lithuania;;1992;10240,939;70,3368;3697552
LTU;Europe;Lithuania;;1993;8621,097;68,9336;3680201
LTU;Europe;Lithuania;;1994;7830,0054;68,5026;3654893
LTU;Europe;Lithuania;;1995;8299,47;69,0184;3627038
LTU;Europe;Lithuania;;1996;8793,701;70,1931;3599721
LTU;Europe;Lithuania;;1997;9592,64;71,0289;3573418
LTU;Europe;Lithuania;;1998;10382,117;71,3303;3547768
LTU;Europe;Lithuania;;1999;10336,3955;71,7172;3522905
LTU;Europe;Lithuania;;2000;10806,874;72,1387;3500410
LTU;Europe;Lithuania;;2001;11606,729;71,7123;3473008
LTU;Europe;Lithuania;;2002;12490,621;71,8389;3444051
LTU;Europe;Lithuania;;2003;13917,508;72,0883;3415276
LTU;Europe;Lithuania;;2004;14995,767;72,0009;3376703
LTU;Europe;Lithuania;;2005;16417,95;71,2464;3322264
LTU;Europe;Lithuania;;2006;17916,059;70,9639;3269809
LTU;Europe;Lithuania;;2007;20138,473;70,6982;3231378
LTU;Europe;Lithuania;;2008;20879,803;71,6959;3198482
LTU;Europe;Lithuania;;2009;17983,35;72,8496;3163255
LTU;Europe;Lithuania;;2010;18663,762;73,1962;3097721
LTU;Europe;Lithuania;;2011;20243;73,608;3028642
LTU;Europe;Lithuania;;2012;21305,004;73,9644;2988334
LTU;Europe;Lithuania;;2013;22285,684;74,0268;2958359
LTU;Europe;Lithuania;;2014;23273,172;74,596;2933171
LTU;Europe;Lithuania;;2015;23968,848;74,4737;2905771
LTU;Europe;Lithuania;;2016;24886,84;74,8195;2869109
LTU;Europe;Lithuania;;2017;26318,023;75,7015;2829317
LTU;Europe;Lithuania;;2018;27631,46;75,9091;2802485
LTU;Europe;Lithuania;;2019;28986,053;76,4245;2795057
LTU;Europe;Lithuania;;2020;28971,844;75,105;2795766
LTU;Europe;Lithuania;;2021;30557,03;74,2967;2794490
LTU;Europe;Lithuania;;2022;30863,32;74,696;2816923
LTU;Europe;Lithuania;;2023;;76,025;2854104
LUX;Europe;Luxembourg;;1970;20763;69,2259;339337
LUX;Europe;Luxembourg;;1971;21117;69,2462;341961
LUX;Europe;Luxembourg;;1972;22236;70,469;346085
LUX;Europe;Luxembourg;;1973;23820;70,3158;349206
LUX;Europe;Luxembourg;;1974;24503;70,2216;351432
LUX;Europe;Luxembourg;;1975;22643;70,3385;353686
LUX;Europe;Luxembourg;;1976;23100;70,2437;355877
LUX;Europe;Luxembourg;;1977;23417;71,4585;358252
LUX;Europe;Luxembourg;;1978;24331;71,4712;361047
LUX;Europe;Luxembourg;;1979;24836;72,2532;362898
LUX;Europe;Luxembourg;;1980;24951;72,3869;363711
LUX;Europe;Luxembourg;;1981;25136;72,0768;364487
LUX;Europe;Luxembourg;;1982;25005;72,1571;365061
LUX;Europe;Luxembourg;;1983;25738;72,9783;365495
LUX;Europe;Luxembourg;;1984;27303;72,7176;365904
LUX;Europe;Luxembourg;;1985;28032;73,2839;366665
LUX;Europe;Luxembourg;;1986;30051;74,0853;368409
LUX;Europe;Luxembourg;;1987;30533;73,867;370789
LUX;Europe;Luxembourg;;1988;33351;74,2769;373789
LUX;Europe;Luxembourg;;1989;36442;74,2857;377384
LUX;Europe;Luxembourg;;1990;36706;74,9674;381707
LUX;Europe;Luxembourg;;1991;39198,3;74,9643;386819
LUX;Europe;Luxembourg;;1992;39231,594;74,7464;391972
LUX;Europe;Luxembourg;;1993;40179,496;75,4257;397210
LUX;Europe;Luxembourg;;1994;40990,71;75,9312;402597
LUX;Europe;Luxembourg;;1995;40838,566;75,8777;408237
LUX;Europe;Luxembourg;;1996;40687,902;76,1684;413779
LUX;Europe;Luxembourg;;1997;42311,344;76,3903;418970
LUX;Europe;Luxembourg;;1998;44142,56;76,5712;424158
LUX;Europe;Luxembourg;;1999;47061,11;76,9864;429909
LUX;Europe;Luxembourg;;2000;50063,824;77,2635;436142
LUX;Europe;Luxembourg;;2001;50527,664;77,5298;441754
LUX;Europe;Luxembourg;;2002;51709,734;77,5518;446392
LUX;Europe;Luxembourg;;2003;51717,03;77,2624;451845
LUX;Europe;Luxembourg;;2004;52624,164;78,6583;458305
LUX;Europe;Luxembourg;;2005;53262,094;78,8786;465369
LUX;Europe;Luxembourg;;2006;54920,81;78,8384;472869
LUX;Europe;Luxembourg;;2007;58369,703;79,1157;480277
LUX;Europe;Luxembourg;;2008;56383,19;80,1066;488995
LUX;Europe;Luxembourg;;2009;52731,39;79,9074;498196
LUX;Europe;Luxembourg;;2010;54086,336;80,0987;507418
LUX;Europe;Luxembourg;;2011;54031;80,2848;518583
LUX;Europe;Luxembourg;;2012;53675,46;80,4383;530951
LUX;Europe;Luxembourg;;2013;53973,395;80,8544;543358
LUX;Europe;Luxembourg;;2014;54100,086;81,2359;556285
LUX;Europe;Luxembourg;;2015;54251,45;81,2561;569540
LUX;Europe;Luxembourg;;2016;55516,098;81,6199;583511
LUX;Europe;Luxembourg;;2017;55037,188;81,0892;596506
LUX;Europe;Luxembourg;;2018;54625,96;81,5187;608109
LUX;Europe;Luxembourg;;2019;54751,6;81,5879;620167
LUX;Europe;Luxembourg;;2020;53489,332;81,4108;630597
LUX;Europe;Luxembourg;;2021;55346,676;81,8392;640276
LUX;Europe;Luxembourg;;2022;55484,777;82,2007;653315
LUX;Europe;Luxembourg;;2023;;82,2294;665101
MAC;Asia;Macao;;1970;;68,7615;257405
MAC;Asia;Macao;;1971;;69,1675;263470
MAC;Asia;Macao;;1972;;69,7035;273185
MAC;Asia;Macao;;1973;;70,0926;250337
MAC;Asia;Macao;;1974;;71,0037;221395
MAC;Asia;Macao;;1975;;71,1897;223951
MAC;Asia;Macao;;1976;;71,8717;227391
MAC;Asia;Macao;;1977;;71,8007;231546
MAC;Asia;Macao;;1978;;72,2421;236218
MAC;Asia;Macao;;1979;;72,6253;241160
MAC;Asia;Macao;;1980;;72,9973;246108
MAC;Asia;Macao;;1981;;73,367;252516
MAC;Asia;Macao;;1982;;73,9076;261054
MAC;Asia;Macao;;1983;;74,0656;270519
MAC;Asia;Macao;;1984;;74,2298;280560
MAC;Asia;Macao;;1985;;74,702;291288
MAC;Asia;Macao;;1986;;74,9816;302680
MAC;Asia;Macao;;1987;;75,165;314630
MAC;Asia;Macao;;1988;;75,5439;326912
MAC;Asia;Macao;;1989;;76,2247;339223
MAC;Asia;Macao;;1990;;76,5717;351123
MAC;Asia;Macao;;1991;;76,6378;362275
MAC;Asia;Macao;;1992;;77,0697;372256
MAC;Asia;Macao;;1993;;77,4706;381331
MAC;Asia;Macao;;1994;;77,4279;390126
MAC;Asia;Macao;;1995;;77,8464;398703
MAC;Asia;Macao;;1996;;77,4285;407033
MAC;Asia;Macao;;1997;;78,4397;415074
MAC;Asia;Macao;;1998;;78,7453;422816
MAC;Asia;Macao;;1999;;79,1251;430253
MAC;Asia;Macao;;2000;;79,4292;437316
MAC;Asia;Macao;;2001;;79,8122;445121
MAC;Asia;Macao;;2002;;80,098;456026
MAC;Asia;Macao;;2003;;80,2148;469062
MAC;Asia;Macao;;2004;;80,4057;482209
MAC;Asia;Macao;;2005;;80,5223;495416
MAC;Asia;Macao;;2006;;80,7101;508752
MAC;Asia;Macao;;2007;;80,9322;522281
MAC;Asia;Macao;;2008;;81,1622;535935
MAC;Asia;Macao;;2009;;81,4926;549492
MAC;Asia;Macao;;2010;;81,6635;562809
MAC;Asia;Macao;;2011;;81,9924;575644
MAC;Asia;Macao;;2012;;82,2557;587450
MAC;Asia;Macao;;2013;;82,4764;598752
MAC;Asia;Macao;;2014;;82,6955;610308
MAC;Asia;Macao;;2015;;82,9402;622185
MAC;Asia;Macao;;2016;;83,0197;634317
MAC;Asia;Macao;;2017;;83,0779;646558
MAC;Asia;Macao;;2018;;83,3959;658777
MAC;Asia;Macao;;2019;;83,2927;670982
MAC;Asia;Macao;;2020;;84,61;683069
MAC;Asia;Macao;;2021;;83,8179;694404
MAC;Asia;Macao;;2022;;82,1025;704360
MAC;Asia;Macao;;2023;;83,0749;713916
MDG;Africa;Madagascar;;1970;1954;47,8984;6672004
MDG;Africa;Madagascar;;1971;1986;48,2041;6868874
MDG;Africa;Madagascar;;1972;1916;48,5068;7074405
MDG;Africa;Madagascar;;1973;1824;48,9208;7288053
MDG;Africa;Madagascar;;1974;1816;49,3032;7509733
MDG;Africa;Madagascar;;1975;1795;49,596;7739341
MDG;Africa;Madagascar;;1976;1694;49,7996;7976838
MDG;Africa;Madagascar;;1977;1691;49,9447;8222240
MDG;Africa;Madagascar;;1978;1604;50,017;8475862
MDG;Africa;Madagascar;;1979;1714;50,0591;8737585
MDG;Africa;Madagascar;;1980;1680;49,9844;9006039
MDG;Africa;Madagascar;;1981;1492;49,8063;9279017
MDG;Africa;Madagascar;;1982;1423;50,009;9557679
MDG;Africa;Madagascar;;1983;1395;50,1072;9843046
MDG;Africa;Madagascar;;1984;1305;50,2087;10134559
MDG;Africa;Madagascar;;1985;1296;50,406;10433143
MDG;Africa;Madagascar;;1986;1267;50,6515;10736862
MDG;Africa;Madagascar;;1987;1258;51,0984;11047297
MDG;Africa;Madagascar;;1988;1240;51,4246;11369458
MDG;Africa;Madagascar;;1989;1251;51,8158;11705002
MDG;Africa;Madagascar;;1990;1262;52,1403;12055649
MDG;Africa;Madagascar;;1991;1160,6705;52,555;12421413
MDG;Africa;Madagascar;;1992;1152,6461;52,9464;12800870
MDG;Africa;Madagascar;;1993;1154,1895;53,7325;13197353
MDG;Africa;Madagascar;;1994;1132,1718;54,2469;13613859
MDG;Africa;Madagascar;;1995;1129,8485;54,845;14051279
MDG;Africa;Madagascar;;1996;1132,4437;55,4768;14510712
MDG;Africa;Madagascar;;1997;1152,1545;56,1267;14990818
MDG;Africa;Madagascar;;1998;1174,2272;56,8028;15489364
MDG;Africa;Madagascar;;1999;1206,8938;57,4344;16000506
MDG;Africa;Madagascar;;2000;1238,7764;57,9742;16516336
MDG;Africa;Madagascar;;2001;1290,1064;58,6744;17032933
MDG;Africa;Madagascar;;2002;1110,8217;59,1704;17549915
MDG;Africa;Madagascar;;2003;1198,4432;59,6926;18071860
MDG;Africa;Madagascar;;2004;1239,897;60,1684;18606606
MDG;Africa;Madagascar;;2005;1276,4868;60,6639;19159711
MDG;Africa;Madagascar;;2006;1322,4795;61,1404;19730916
MDG;Africa;Madagascar;;2007;1384,185;61,5335;20318590
MDG;Africa;Madagascar;;2008;1458,7854;61,9919;20923842
MDG;Africa;Madagascar;;2009;1367,6863;62,3044;21547277
MDG;Africa;Madagascar;;2010;1349,6199;62,5967;22183343
MDG;Africa;Madagascar;;2011;1347;62,8602;22822305
MDG;Africa;Madagascar;;2012;1350,6381;63,0068;23462444
MDG;Africa;Madagascar;;2013;1345,351;63,1613;24109290
MDG;Africa;Madagascar;;2014;1354,1407;63,2615;24764356
MDG;Africa;Madagascar;;2015;1360,7545;63,3621;25426703
MDG;Africa;Madagascar;;2016;1379,3699;63,4312;26099950
MDG;Africa;Madagascar;;2017;1398,0183;63,4328;26788379
MDG;Africa;Madagascar;;2018;1407,4424;63,4911;27494930
MDG;Africa;Madagascar;;2019;1434,2703;63,5039;28219559
MDG;Africa;Madagascar;;2020;1300,5428;62,706;28953560
MDG;Africa;Madagascar;;2021;1343,4438;62,5157;29691087
MDG;Africa;Madagascar;;2022;1367,0938;63,0677;30437261
MDG;Africa;Madagascar;;2023;;63,6317;31195937
MWI;Africa;Malawi;;1970;713;36,638;4633949
MWI;Africa;Malawi;;1971;794;37,095;4751441
MWI;Africa;Malawi;;1972;851;37,6084;4874479
MWI;Africa;Malawi;;1973;896;38,355;5003935
MWI;Africa;Malawi;;1974;928;39,1965;5141342
MWI;Africa;Malawi;;1975;934;40,0794;5287371
MWI;Africa;Malawi;;1976;942;41,0223;5443390
MWI;Africa;Malawi;;1977;961;41,9789;5614993
MWI;Africa;Malawi;;1978;1015;43,0025;5810135
MWI;Africa;Malawi;;1979;1030;43,7031;6028750
MWI;Africa;Malawi;;1980;1004;44,3308;6265529
MWI;Africa;Malawi;;1981;925;44,72;6516460
MWI;Africa;Malawi;;1982;904;44,8399;6778885
MWI;Africa;Malawi;;1983;913;44,974;7051707
MWI;Africa;Malawi;;1984;925;44,8067;7332811
MWI;Africa;Malawi;;1985;966;44,5678;7620509
MWI;Africa;Malawi;;1986;936;44,2977;7906485
MWI;Africa;Malawi;;1987;905;43,9024;8293173
MWI;Africa;Malawi;;1988;872;43,5694;8753265
MWI;Africa;Malawi;;1989;864;43,5152;9176223
MWI;Africa;Malawi;;1990;861;43,5748;9545860
MWI;Africa;Malawi;;1991;899,9751;43,5397;9844228
MWI;Africa;Malawi;;1992;802,9305;43,6363;10135082
MWI;Africa;Malawi;;1993;865,7632;43,6485;10284027
MWI;Africa;Malawi;;1994;791,55005;43,8;10164899
MWI;Africa;Malawi;;1995;906,879;43,8043;10150122
MWI;Africa;Malawi;;1996;972,82135;44,0051;10352227
MWI;Africa;Malawi;;1997;1005,8521;44,1995;10562035
MWI;Africa;Malawi;;1998;986,0287;44,2995;10792877
MWI;Africa;Malawi;;1999;989,83594;45,06;11047812
MWI;Africa;Malawi;;2000;967,0872;46,1698;11315947
MWI;Africa;Malawi;;2001;899,2305;47,2049;11593057
MWI;Africa;Malawi;;2002;886,1978;48,1757;11880443
MWI;Africa;Malawi;;2003;905,7955;49,6013;12181575
MWI;Africa;Malawi;;2004;922,7613;51,0731;12500736
MWI;Africa;Malawi;;2005;920,0499;52,4693;12840034
MWI;Africa;Malawi;;2006;929,4762;53,652;13198699
MWI;Africa;Malawi;;2007;982,39166;54,6867;13576344
MWI;Africa;Malawi;;2008;1017,8208;55,7151;13976415
MWI;Africa;Malawi;;2009;1061,9495;56,7139;14395788
MWI;Africa;Malawi;;2010;1091,5876;57,787;14826466
MWI;Africa;Malawi;;2011;1102;58,8589;15265026
MWI;Africa;Malawi;;2012;1089,3064;59,8695;15709577
MWI;Africa;Malawi;;2013;1112,7039;60,8158;16161816
MWI;Africa;Malawi;;2014;1142,9807;61,6507;16621534
MWI;Africa;Malawi;;2015;1144,3241;62,324;17085587
MWI;Africa;Malawi;;2016;1138,7363;63,163;17557741
MWI;Africa;Malawi;;2017;1153,043;63,9145;18039714
MWI;Africa;Malawi;;2018;1172,6713;64,4641;18528086
MWI;Africa;Malawi;;2019;1205,477;64,995;19025748
MWI;Africa;Malawi;;2020;1186,6827;65,2159;19533885
MWI;Africa;Malawi;;2021;1211,2092;64,782;20047264
MWI;Africa;Malawi;;2022;1190,0509;66,037;20568731
MWI;Africa;Malawi;;2023;;67,3535;21104480
MYS;Asia;Malaysia;;1970;3314;63,2983;10178802
MYS;Asia;Malaysia;;1971;3475;63,7697;10423466
MYS;Asia;Malaysia;;1972;3649;64,2323;10676839
MYS;Asia;Malaysia;;1973;4081;64,7255;10935622
MYS;Asia;Malaysia;;1974;4285;65,2041;11200903
MYS;Asia;Malaysia;;1975;4221;65,6974;11471914
MYS;Asia;Malaysia;;1976;4638;66,2328;11750093
MYS;Asia;Malaysia;;1977;4903;66,7201;12035716
MYS;Asia;Malaysia;;1978;5214;67,1704;12328158
MYS;Asia;Malaysia;;1979;5510;67,607;12627866
MYS;Asia;Malaysia;;1980;5829;68,0609;12983365
MYS;Asia;Malaysia;;1981;6095;68,4607;13399206
MYS;Asia;Malaysia;;1982;6303;68,8758;13832796
MYS;Asia;Malaysia;;1983;6529;69,2054;14285914
MYS;Asia;Malaysia;;1984;6867;69,5507;14759013
MYS;Asia;Malaysia;;1985;6626;69,8626;15252262
MYS;Asia;Malaysia;;1986;6543;70,1328;15760425
MYS;Asia;Malaysia;;1987;6723;70,3514;16276735
MYS;Asia;Malaysia;;1988;7144;70,5507;16796612
MYS;Asia;Malaysia;;1989;7634;70,7589;17315003
MYS;Asia;Malaysia;;1990;8179;70,9516;17833179
MYS;Asia;Malaysia;;1991;8781,209;71,2192;18342474
MYS;Asia;Malaysia;;1992;9383,933;71,4832;18834569
MYS;Asia;Malaysia;;1993;10131,93;71,7209;19322667
MYS;Asia;Malaysia;;1994;10867,256;71,8651;19820446
MYS;Asia;Malaysia;;1995;11725,093;71,9792;20330602
MYS;Asia;Malaysia;;1996;12668,668;72,1191;20850085
MYS;Asia;Malaysia;;1997;13344,57;72,2959;21375225
MYS;Asia;Malaysia;;1998;12129,636;72,3854;21906713
MYS;Asia;Malaysia;;1999;12636,607;72,4278;22435532
MYS;Asia;Malaysia;;2000;13474,701;72,7324;22967817
MYS;Asia;Malaysia;;2001;13307,215;73,08;23526535
MYS;Asia;Malaysia;;2002;13809,872;73,4695;24102477
MYS;Asia;Malaysia;;2003;14362,155;73,7273;24679604
MYS;Asia;Malaysia;;2004;15087,251;74,0269;25256773
MYS;Asia;Malaysia;;2005;15651,118;74,3699;25836075
MYS;Asia;Malaysia;;2006;16353,924;74,6969;26417909
MYS;Asia;Malaysia;;2007;17209,584;74,9611;26998383
MYS;Asia;Malaysia;;2008;17865,64;75,1514;27570052
MYS;Asia;Malaysia;;2009;17430,445;75,2694;28124779
MYS;Asia;Malaysia;;2010;18574,299;75,3761;28655772
MYS;Asia;Malaysia;;2011;19390;75,4878;29162034
MYS;Asia;Malaysia;;2012;20162,178;75,5524;29662835
MYS;Asia;Malaysia;;2013;20819,164;75,464;30174269
MYS;Asia;Malaysia;;2014;21769,006;75,3451;30696133
MYS;Asia;Malaysia;;2015;22550,342;75,2876;31232796
MYS;Asia;Malaysia;;2016;23251,902;75,3712;31789692
MYS;Asia;Malaysia;;2017;24301,559;75,542;32355642
MYS;Asia;Malaysia;;2018;25175,799;75,7341;32910963
MYS;Asia;Malaysia;;2019;25986,412;75,9005;33440590
MYS;Asia;Malaysia;;2020;24279,316;76,0566;33889554
MYS;Asia;Malaysia;;2021;24764,65;73,9172;34282404
MYS;Asia;Malaysia;;2022;26628,707;75,4442;34695494
MYS;Asia;Malaysia;;2023;;76,6571;35126295
MDV;Asia;Maldives;;1970;;44,5217;123240
MDV;Asia;Maldives;;1971;;45,4542;127052
MDV;Asia;Maldives;;1972;;46,431;130979
MDV;Asia;Maldives;;1973;;47,4588;134971
MDV;Asia;Maldives;;1974;;48,5347;138994
MDV;Asia;Maldives;;1975;;49,6453;143169
MDV;Asia;Maldives;;1976;;50,7531;147539
MDV;Asia;Maldives;;1977;;51,8352;151943
MDV;Asia;Maldives;;1978;;50,4478;156169
MDV;Asia;Maldives;;1979;;53,8706;160372
MDV;Asia;Maldives;;1980;;54,8186;164844
MDV;Asia;Maldives;;1981;;55,7288;169544
MDV;Asia;Maldives;;1982;;56,6136;174341
MDV;Asia;Maldives;;1983;;57,4845;179141
MDV;Asia;Maldives;;1984;;58,3414;184212
MDV;Asia;Maldives;;1985;;59,1796;190182
MDV;Asia;Maldives;;1986;;59,9927;196949
MDV;Asia;Maldives;;1987;;60,7895;203961
MDV;Asia;Maldives;;1988;;61,5899;210899
MDV;Asia;Maldives;;1989;;62,3753;217749
MDV;Asia;Maldives;;1990;;63,1478;224772
MDV;Asia;Maldives;;1991;;63,9106;231810
MDV;Asia;Maldives;;1992;;64,6643;238559
MDV;Asia;Maldives;;1993;;65,4343;244893
MDV;Asia;Maldives;;1994;;66,1968;250831
MDV;Asia;Maldives;;1995;;66,9619;256660
MDV;Asia;Maldives;;1996;;67,7337;262354
MDV;Asia;Maldives;;1997;;68,5171;267711
MDV;Asia;Maldives;;1998;;69,303;272734
MDV;Asia;Maldives;;1999;;70,1567;277423
MDV;Asia;Maldives;;2000;;70,8919;282025
MDV;Asia;Maldives;;2001;;71,6593;286778
MDV;Asia;Maldives;;2002;;72,3597;291631
MDV;Asia;Maldives;;2003;;73,2634;296497
MDV;Asia;Maldives;;2004;;73,0085;301416
MDV;Asia;Maldives;;2005;;74,7846;306429
MDV;Asia;Maldives;;2006;;75,2558;313866
MDV;Asia;Maldives;;2007;;75,7108;324489
MDV;Asia;Maldives;;2008;;75,9994;336178
MDV;Asia;Maldives;;2009;;76,3714;348282
MDV;Asia;Maldives;;2010;;76,7556;360802
MDV;Asia;Maldives;;2011;;77,1409;373683
MDV;Asia;Maldives;;2012;;77,5123;386821
MDV;Asia;Maldives;;2013;;77,8474;400077
MDV;Asia;Maldives;;2014;;78,1873;413623
MDV;Asia;Maldives;;2015;;78,6073;428165
MDV;Asia;Maldives;;2016;;78,9128;443316
MDV;Asia;Maldives;;2017;;79,2278;458297
MDV;Asia;Maldives;;2018;;79,4331;473106
MDV;Asia;Maldives;;2019;;79,7071;487737
MDV;Asia;Maldives;;2020;;78,713;502127
MDV;Asia;Maldives;;2021;;78,052;516163
MDV;Asia;Maldives;;2022;;80,7595;524116
MDV;Asia;Maldives;;2023;;81,0412;526009
MLI;Africa;Mali;;1970;934;33,396;6276476
MLI;Africa;Mali;;1971;945;33,8044;6377945
MLI;Africa;Mali;;1972;971;34,5068;6483730
MLI;Africa;Mali;;1973;926;35,087;6597114
MLI;Africa;Mali;;1974;883;35,7492;6715435
MLI;Africa;Mali;;1975;982;36,4844;6837265
MLI;Africa;Mali;;1976;1090;37,2039;6960979
MLI;Africa;Mali;;1977;1148;37,9856;7090985
MLI;Africa;Mali;;1978;1101;38,761;7229654
MLI;Africa;Mali;;1979;1345;39,5061;7375272
MLI;Africa;Mali;;1980;1168;40,2659;7530522
MLI;Africa;Mali;;1981;1111;40,9837;7692763
MLI;Africa;Mali;;1982;1030;41,8044;7860196
MLI;Africa;Mali;;1983;1057;42,7483;8034400
MLI;Africa;Mali;;1984;1084;43,3959;8208599
MLI;Africa;Mali;;1985;1089;43,9214;8374661
MLI;Africa;Mali;;1986;1138;44,6197;8531272
MLI;Africa;Mali;;1987;1138;45,2276;8681167
MLI;Africa;Mali;;1988;1116;45,7198;8834001
MLI;Africa;Mali;;1989;1205;46,2369;8999935
MLI;Africa;Mali;;1990;1191;46,5415;9178826
MLI;Africa;Mali;;1991;1186,7577;46,8892;9362885
MLI;Africa;Mali;;1992;1115,406;47,2381;9553540
MLI;Africa;Mali;;1993;1115,1002;47,5855;9754786
MLI;Africa;Mali;;1994;1111,7854;47,914;9967035
MLI;Africa;Mali;;1995;1100,2433;48,2925;10185368
MLI;Africa;Mali;;1996;1130,5096;48,4997;10407274
MLI;Africa;Mali;;1997;1160,9517;49,0859;10646499
MLI;Africa;Mali;;1998;1167,4326;49,5919;10919577
MLI;Africa;Mali;;1999;1192,3168;50,0603;11227420
MLI;Africa;Mali;;2000;1153,0461;50,6046;11559291
MLI;Africa;Mali;;2001;1309,2559;51,3004;11912162
MLI;Africa;Mali;;2002;1321,3389;51,9954;12288051
MLI;Africa;Mali;;2003;1391,2634;52,632;12684951
MLI;Africa;Mali;;2004;1366,983;53,2527;13102415
MLI;Africa;Mali;;2005;1414,7927;53,7925;13538648
MLI;Africa;Mali;;2006;1438,2079;54,3046;13990143
MLI;Africa;Mali;;2007;1441,2059;54,7561;14457776
MLI;Africa;Mali;;2008;1460,496;55,1868;14940786
MLI;Africa;Mali;;2009;1477,4183;55,5883;15435536
MLI;Africa;Mali;;2010;1504,9956;55,9931;15945201
MLI;Africa;Mali;;2011;1500;56,3673;16469054
MLI;Africa;Mali;;2012;1449,1959;56,6959;16957039
MLI;Africa;Mali;;2013;1444,1879;57,0523;17459619
MLI;Africa;Mali;;2014;1505,6677;57,4818;18020267
MLI;Africa;Mali;;2015;1555,8046;57,8519;18593022
MLI;Africa;Mali;;2016;1602,7819;58,2857;19191298
MLI;Africa;Mali;;2017;1642,5182;58,562;19813016
MLI;Africa;Mali;;2018;1673,8774;58,8728;20442031
MLI;Africa;Mali;;2019;1706,0105;59,2173;21068405
MLI;Africa;Mali;;2020;1638,9304;58,8577;21713837
MLI;Africa;Mali;;2021;1643,0144;59,116;22388637
MLI;Africa;Mali;;2022;1651,9413;60,0347;23072641
MLI;Africa;Mali;;2023;;60,4394;23769130
MLT;Europe;Malta;;1970;3889;70,3711;326017
MLT;Europe;Malta;;1971;3987;70,1435;327300
MLT;Europe;Malta;;1972;4299;70,6803;328617
MLT;Europe;Malta;;1973;4442;71,3222;330059
MLT;Europe;Malta;;1974;4863;71,9465;331686
MLT;Europe;Malta;;1975;5738;72,0669;333458
MLT;Europe;Malta;;1976;6684;72,2084;335291
MLT;Europe;Malta;;1977;7438;72,3291;337169
MLT;Europe;Malta;;1978;8080;72,3377;339069
MLT;Europe;Malta;;1979;8745;72,4952;340974
MLT;Europe;Malta;;1980;8920;72,3212;342882
MLT;Europe;Malta;;1981;9224;72,3673;344754
MLT;Europe;Malta;;1982;9526;72,8299;346653
MLT;Europe;Malta;;1983;9586;73,1006;348598
MLT;Europe;Malta;;1984;9797;73,3093;350555
MLT;Europe;Malta;;1985;10176;73,85;352567
MLT;Europe;Malta;;1986;10584;74,4818;355082
MLT;Europe;Malta;;1987;10943;75,3019;358089
MLT;Europe;Malta;;1988;11765;75,8669;361226
MLT;Europe;Malta;;1989;12607;76,168;364530
MLT;Europe;Malta;;1990;13259;76,1597;367913
MLT;Europe;Malta;;1991;13834,927;76,4884;371335
MLT;Europe;Malta;;1992;14341,302;76,68;374805
MLT;Europe;Malta;;1993;14840,319;76,8337;378222
MLT;Europe;Malta;;1994;15539,06;76,9457;381467
MLT;Europe;Malta;;1995;16417,174;76,9817;384559
MLT;Europe;Malta;;1996;16932,047;76,3211;387627
MLT;Europe;Malta;;1997;17694,79;77,3158;390687
MLT;Europe;Malta;;1998;18488,666;77,7987;393782
MLT;Europe;Malta;;1999;19254,365;77,7525;396897
MLT;Europe;Malta;;2000;20434,549;77,9031;399905
MLT;Europe;Malta;;2001;20413,05;78,9023;402788
MLT;Europe;Malta;;2002;20873,984;78,4668;405571
MLT;Europe;Malta;;2003;21273,135;78,6961;408236
MLT;Europe;Malta;;2004;21233,002;79,1661;410800
MLT;Europe;Malta;;2005;21905,215;79,4894;413324
MLT;Europe;Malta;;2006;22233,717;79,5611;415463
MLT;Europe;Malta;;2007;23048,264;79,7375;417201
MLT;Europe;Malta;;2008;23674,594;79,6904;418969
MLT;Europe;Malta;;2009;22927,654;80,4155;420800
MLT;Europe;Malta;;2010;23632,625;81,3977;422654
MLT;Europe;Malta;;2011;23871;80,8038;424635
MLT;Europe;Malta;;2012;24629,777;81,0638;426616
MLT;Europe;Malta;;2013;25611,121;81,8181;428457
MLT;Europe;Malta;;2014;27007,89;82,3176;434494
MLT;Europe;Malta;;2015;28906,48;82,5914;444978
MLT;Europe;Malta;;2016;29207,27;82,6567;455276
MLT;Europe;Malta;;2017;31495,494;83,0891;467902
MLT;Europe;Malta;;2018;32292,822;82,9083;484560
MLT;Europe;Malta;;2019;33220,285;82,8387;504017
MLT;Europe;Malta;;2020;29703,762;82,3358;518212
MLT;Europe;Malta;;2021;33031,184;82,3161;524383
MLT;Europe;Malta;;2022;34496,34;82,2496;528194
MLT;Europe;Malta;;2023;;83,2989;532964
MHL;Oceania;Marshall Islands;;1970;;58,7978;22552
MHL;Oceania;Marshall Islands;;1971;;59,1326;23392
MHL;Oceania;Marshall Islands;;1972;;59,4906;24015
MHL;Oceania;Marshall Islands;;1973;;59,8327;24607
MHL;Oceania;Marshall Islands;;1974;;60,1196;25318
MHL;Oceania;Marshall Islands;;1975;;60,2731;26177
MHL;Oceania;Marshall Islands;;1976;;60,4156;27040
MHL;Oceania;Marshall Islands;;1977;;60,5718;27928
MHL;Oceania;Marshall Islands;;1978;;60,7007;28831
MHL;Oceania;Marshall Islands;;1979;;60,8447;29757
MHL;Oceania;Marshall Islands;;1980;;60,9888;30793
MHL;Oceania;Marshall Islands;;1981;;61,1386;32040
MHL;Oceania;Marshall Islands;;1982;;61,2933;33418
MHL;Oceania;Marshall Islands;;1983;;61,4521;34832
MHL;Oceania;Marshall Islands;;1984;;61,6024;36282
MHL;Oceania;Marshall Islands;;1985;;61,7115;37779
MHL;Oceania;Marshall Islands;;1986;;61,7779;39307
MHL;Oceania;Marshall Islands;;1987;;61,8084;40846
MHL;Oceania;Marshall Islands;;1988;;61,7781;42338
MHL;Oceania;Marshall Islands;;1989;;61,7327;43611
MHL;Oceania;Marshall Islands;;1990;;61,7558;44648
MHL;Oceania;Marshall Islands;;1991;;61,792;45587
MHL;Oceania;Marshall Islands;;1992;;61,8996;46406
MHL;Oceania;Marshall Islands;;1993;;62,085;47112
MHL;Oceania;Marshall Islands;;1994;;62,3083;47731
MHL;Oceania;Marshall Islands;;1995;;62,5147;48283
MHL;Oceania;Marshall Islands;;1996;;62,7654;48795
MHL;Oceania;Marshall Islands;;1997;;63,0146;49277
MHL;Oceania;Marshall Islands;;1998;;63,2175;49732
MHL;Oceania;Marshall Islands;;1999;;63,4207;50221
MHL;Oceania;Marshall Islands;;2000;;63,3233;50721
MHL;Oceania;Marshall Islands;;2001;;63,7347;51137
MHL;Oceania;Marshall Islands;;2002;;63,8483;51441
MHL;Oceania;Marshall Islands;;2003;;63,9562;51657
MHL;Oceania;Marshall Islands;;2004;;64,0442;51803
MHL;Oceania;Marshall Islands;;2005;;64,1124;51928
MHL;Oceania;Marshall Islands;;2006;;64,2072;52011
MHL;Oceania;Marshall Islands;;2007;;64,2594;52050
MHL;Oceania;Marshall Islands;;2008;;64,3003;52049
MHL;Oceania;Marshall Islands;;2009;;64,3946;52036
MHL;Oceania;Marshall Islands;;2010;;64,4977;52064
MHL;Oceania;Marshall Islands;;2011;;64,6407;51927
MHL;Oceania;Marshall Islands;;2012;;64,7761;51438
MHL;Oceania;Marshall Islands;;2013;;64,9545;50696
MHL;Oceania;Marshall Islands;;2014;;65,11;49815
MHL;Oceania;Marshall Islands;;2015;;65,2922;48823
MHL;Oceania;Marshall Islands;;2016;;65,4768;47730
MHL;Oceania;Marshall Islands;;2017;;65,6731;46544
MHL;Oceania;Marshall Islands;;2018;;65,8703;45307
MHL;Oceania;Marshall Islands;;2019;;66,0473;44030
MHL;Oceania;Marshall Islands;;2020;;65,3873;42728
MHL;Oceania;Marshall Islands;;2021;;65,4209;41387
MHL;Oceania;Marshall Islands;;2022;;66,7245;40094
MHL;Oceania;Marshall Islands;;2023;;66,9454;38849
MTQ;North America;Martinique;;1970;;65,0525;325528
MTQ;North America;Martinique;;1971;;67,3493;325995
MTQ;North America;Martinique;;1972;;67,6135;326344
MTQ;North America;Martinique;;1973;;68,0206;326376
MTQ;North America;Martinique;;1974;;68,156;326382
MTQ;North America;Martinique;;1975;;69,006;327346
MTQ;North America;Martinique;;1976;;69,7109;328974
MTQ;North America;Martinique;;1977;;70,2607;330279
MTQ;North America;Martinique;;1978;;70,8249;331165
MTQ;North America;Martinique;;1979;;71,3756;331790
MTQ;North America;Martinique;;1980;;71,9047;332290
MTQ;North America;Martinique;;1981;;72,4253;332997
MTQ;North America;Martinique;;1982;;72,9753;335051
MTQ;North America;Martinique;;1983;;73,5161;338658
MTQ;North America;Martinique;;1984;;74,0292;342827
MTQ;North America;Martinique;;1985;;74,3964;347156
MTQ;North America;Martinique;;1986;;74,4755;351578
MTQ;North America;Martinique;;1987;;74,8997;356144
MTQ;North America;Martinique;;1988;;75,3082;360801
MTQ;North America;Martinique;;1989;;75,7805;365568
MTQ;North America;Martinique;;1990;;75,8572;370999
MTQ;North America;Martinique;;1991;;76,4347;377313
MTQ;North America;Martinique;;1992;;76,6254;383938
MTQ;North America;Martinique;;1993;;76,8155;390545
MTQ;North America;Martinique;;1994;;77,0176;397073
MTQ;North America;Martinique;;1995;;77,201;403505
MTQ;North America;Martinique;;1996;;77,4153;409833
MTQ;North America;Martinique;;1997;;77,6312;416094
MTQ;North America;Martinique;;1998;;77,8386;421815
MTQ;North America;Martinique;;1999;;78,0811;423895
MTQ;North America;Martinique;;2000;;78,4973;421388
MTQ;North America;Martinique;;2001;;78,4308;417157
MTQ;North America;Martinique;;2002;;78,8801;412479
MTQ;North America;Martinique;;2003;;79,6288;408417
MTQ;North America;Martinique;;2004;;79,5927;405104
MTQ;North America;Martinique;;2005;;80,2172;401849
MTQ;North America;Martinique;;2006;;80,4301;400459
MTQ;North America;Martinique;;2007;;80,0575;400812
MTQ;North America;Martinique;;2008;;80,6944;400699
MTQ;North America;Martinique;;2009;;81,2408;399527
MTQ;North America;Martinique;;2010;;81,1379;397389
MTQ;North America;Martinique;;2011;;81,6168;394576
MTQ;North America;Martinique;;2012;;81,788;391741
MTQ;North America;Martinique;;2013;;81,9017;389470
MTQ;North America;Martinique;;2014;;81,9365;387027
MTQ;North America;Martinique;;2015;;82,0308;383737
MTQ;North America;Martinique;;2016;;81,8052;378892
MTQ;North America;Martinique;;2017;;81,9879;371510
MTQ;North America;Martinique;;2018;;82,0935;364100
MTQ;North America;Martinique;;2019;;82,0734;359621
MTQ;North America;Martinique;;2020;;80,2672;356625
MTQ;North America;Martinique;;2021;;77,7403;353286
MTQ;North America;Martinique;;2022;;80,8364;349462
MTQ;North America;Martinique;;2023;;82,5651;346008
MRT;Africa;Mauritania;;1970;1548;50,5445;1099815
MRT;Africa;Mauritania;;1971;1533;50,7573;1133708
MRT;Africa;Mauritania;;1972;1511;51,037;1168359
MRT;Africa;Mauritania;;1973;1473;51,2159;1203840
MRT;Africa;Mauritania;;1974;1570;51,4325;1240193
MRT;Africa;Mauritania;;1975;1699;51,5712;1277335
MRT;Africa;Mauritania;;1976;1779;51,7705;1315341
MRT;Africa;Mauritania;;1977;1742;51,9976;1353771
MRT;Africa;Mauritania;;1978;1581;52,3491;1392716
MRT;Africa;Mauritania;;1979;1706;52,7629;1432762
MRT;Africa;Mauritania;;1980;1682;53,2042;1474046
MRT;Africa;Mauritania;;1981;1714;53,684;1516883
MRT;Africa;Mauritania;;1982;1548;54,2289;1561183
MRT;Africa;Mauritania;;1983;1553;54,5798;1606748
MRT;Africa;Mauritania;;1984;1486;55,1952;1653696
MRT;Africa;Mauritania;;1985;1502;55,8082;1702110
MRT;Africa;Mauritania;;1986;1553;56,3232;1751843
MRT;Africa;Mauritania;;1987;1551;56,9641;1803016
MRT;Africa;Mauritania;;1988;1533;57,4826;1855862
MRT;Africa;Mauritania;;1989;1559;57,6994;1903059
MRT;Africa;Mauritania;;1990;1511;58,0869;1951881
MRT;Africa;Mauritania;;1991;1547,5435;58,2907;2009739
MRT;Africa;Mauritania;;1992;1559,9049;58,5683;2088143
MRT;Africa;Mauritania;;1993;1668,722;58,7327;2174333
MRT;Africa;Mauritania;;1994;1732,9971;58,7633;2249462
MRT;Africa;Mauritania;;1995;1686,1978;58,8615;2312027
MRT;Africa;Mauritania;;1996;1873,0509;58,9149;2358193
MRT;Africa;Mauritania;;1997;1799,8252;59,4171;2411316
MRT;Africa;Mauritania;;1998;1841,2075;59,8896;2474650
MRT;Africa;Mauritania;;1999;1954,2294;60,4426;2541700
MRT;Africa;Mauritania;;2000;1934,7421;61,0435;2613450
MRT;Africa;Mauritania;;2001;1964,4457;61,6617;2678766
MRT;Africa;Mauritania;;2002;1967,4484;62,249;2738659
MRT;Africa;Mauritania;;2003;2076,2332;62,8047;2802050
MRT;Africa;Mauritania;;2004;2185,9502;63,3688;2868671
MRT;Africa;Mauritania;;2005;2371,0066;63,9197;2939060
MRT;Africa;Mauritania;;2006;2807,199;64,4926;3013659
MRT;Africa;Mauritania;;2007;2875,0347;64,8845;3093065
MRT;Africa;Mauritania;;2008;2895,665;65,2328;3183276
MRT;Africa;Mauritania;;2009;2855,5747;65,485;3284454
MRT;Africa;Mauritania;;2010;2982,7488;65,6606;3390968
MRT;Africa;Mauritania;;2011;3104;65,7544;3502813
MRT;Africa;Mauritania;;2012;3213;65,808;3619035
MRT;Africa;Mauritania;;2013;3319;65,8899;3734324
MRT;Africa;Mauritania;;2014;3459;66,2069;3848511
MRT;Africa;Mauritania;;2015;3424;66,4982;3965959
MRT;Africa;Mauritania;;2016;3376,7524;66,8235;4086655
MRT;Africa;Mauritania;;2017;3495,223;67,0885;4210603
MRT;Africa;Mauritania;;2018;3567,1013;67,4195;4337685
MRT;Africa;Mauritania;;2019;3659,103;67,6397;4467714
MRT;Africa;Mauritania;;2020;3532,2979;66,7943;4600136
MRT;Africa;Mauritania;;2021;3527,4277;66,7618;4734874
MRT;Africa;Mauritania;;2022;3680,3662;68,2807;4875644
MRT;Africa;Mauritania;;2023;;68,4836;5022442
MUS;Africa;Mauritius;;1970;4662;63,6917;827700
MUS;Africa;Mauritius;;1971;4804;63,8434;841116
MUS;Africa;Mauritius;;1972;5128;63,7989;853610
MUS;Africa;Mauritius;;1973;5668;64,253;865153
MUS;Africa;Mauritius;;1974;6038;64,2175;876473
MUS;Africa;Mauritius;;1975;6030;64,3682;888031
MUS;Africa;Mauritius;;1976;7264;64,0297;899858
MUS;Africa;Mauritius;;1977;7610;64,8275;912153
MUS;Africa;Mauritius;;1978;7763;65,2607;925287
MUS;Africa;Mauritius;;1979;7889;66,0173;939395
MUS;Africa;Mauritius;;1980;6970;66,5085;954221
MUS;Africa;Mauritius;;1981;7264;67,2158;969222
MUS;Africa;Mauritius;;1982;7563;67,9498;983609
MUS;Africa;Mauritius;;1983;7516;68,4074;997375
MUS;Africa;Mauritius;;1984;7798;68,6358;1011247
MUS;Africa;Mauritius;;1985;8265;68,7248;1025066
MUS;Africa;Mauritius;;1986;9001;68,8882;1038348
MUS;Africa;Mauritius;;1987;9840;69,185;1051115
MUS;Africa;Mauritius;;1988;10418;69,4411;1063596
MUS;Africa;Mauritius;;1989;10806;69,535;1075985
MUS;Africa;Mauritius;;1990;11489;69,7706;1089033
MUS;Africa;Mauritius;;1991;11643,398;70,0506;1103050
MUS;Africa;Mauritius;;1992;12002,38;70,2128;1117676
MUS;Africa;Mauritius;;1993;12228,814;70,3647;1132397
MUS;Africa;Mauritius;;1994;12381,066;70,4197;1146559
MUS;Africa;Mauritius;;1995;12567,928;70,5995;1159824
MUS;Africa;Mauritius;;1996;12841,931;70,5243;1172390
MUS;Africa;Mauritius;;1997;13198,295;70,6836;1184304
MUS;Africa;Mauritius;;1998;13607,885;70,8944;1195111
MUS;Africa;Mauritius;;1999;13572,681;71,3903;1205903
MUS;Africa;Mauritius;;2000;14272,301;71,7597;1216632
MUS;Africa;Mauritius;;2001;14347,61;71,9853;1225807
MUS;Africa;Mauritius;;2002;14196,041;72,0549;1234090
MUS;Africa;Mauritius;;2003;14623,309;72,3074;1242094
MUS;Africa;Mauritius;;2004;14854,613;72,5465;1249799
MUS;Africa;Mauritius;;2005;14725,164;72,6439;1257215
MUS;Africa;Mauritius;;2006;15042,541;72,7813;1263785
MUS;Africa;Mauritius;;2007;15519,419;72,8856;1269522
MUS;Africa;Mauritius;;2008;15957,96;73,1239;1274635
MUS;Africa;Mauritius;;2009;16029,264;73,26;1278976
MUS;Africa;Mauritius;;2010;16269,32;73,6475;1282710
MUS;Africa;Mauritius;;2011;16483;74,0678;1286270
MUS;Africa;Mauritius;;2012;17021,246;74,3302;1289174
MUS;Africa;Mauritius;;2013;17555,555;74,4298;1290988
MUS;Africa;Mauritius;;2014;18192,188;74,6143;1292006
MUS;Africa;Mauritius;;2015;18828;74,673;1292283
MUS;Africa;Mauritius;;2016;19525,314;74,85;1291807
MUS;Africa;Mauritius;;2017;20259,887;75,024;1290654
MUS;Africa;Mauritius;;2018;21040,639;74,4909;1288836
MUS;Africa;Mauritius;;2019;21624,842;74,1811;1286269
MUS;Africa;Mauritius;;2020;18445,975;74,6572;1283231
MUS;Africa;Mauritius;;2021;19069,049;72,903;1279628
MUS;Africa;Mauritius;;2022;20643,094;73,5445;1276134
MUS;Africa;Mauritius;;2023;;74,9263;1273591
MYT;Africa;Mayotte;;1970;;63,5519;35117
MYT;Africa;Mayotte;;1971;;64,2709;36132
MYT;Africa;Mayotte;;1972;;64,9874;37234
MYT;Africa;Mayotte;;1973;;65,6613;38415
MYT;Africa;Mayotte;;1974;;66,3309;39669
MYT;Africa;Mayotte;;1975;;66,9667;40986
MYT;Africa;Mayotte;;1976;;67,5678;42357
MYT;Africa;Mayotte;;1977;;68,1565;43777
MYT;Africa;Mayotte;;1978;;68,6855;45441
MYT;Africa;Mayotte;;1979;;69,207;47605
MYT;Africa;Mayotte;;1980;;69,7597;50161
MYT;Africa;Mayotte;;1981;;70,2421;52949
MYT;Africa;Mayotte;;1982;;70,707;55922
MYT;Africa;Mayotte;;1983;;71,1242;59014
MYT;Africa;Mayotte;;1984;;71,5275;62188
MYT;Africa;Mayotte;;1985;;71,9047;65606
MYT;Africa;Mayotte;;1986;;72,2774;69636
MYT;Africa;Mayotte;;1987;;72,6287;74230
MYT;Africa;Mayotte;;1988;;72,9893;79132
MYT;Africa;Mayotte;;1989;;73,306;84283
MYT;Africa;Mayotte;;1990;;73,6112;89606
MYT;Africa;Mayotte;;1991;;73,9556;95115
MYT;Africa;Mayotte;;1992;;74,2506;101206
MYT;Africa;Mayotte;;1993;;74,5428;107983
MYT;Africa;Mayotte;;1994;;74,8366;115149
MYT;Africa;Mayotte;;1995;;75,0747;122590
MYT;Africa;Mayotte;;1996;;75,3273;130177
MYT;Africa;Mayotte;;1997;;75,5946;137444
MYT;Africa;Mayotte;;1998;;75,8625;143988
MYT;Africa;Mayotte;;1999;;76,1145;150218
MYT;Africa;Mayotte;;2000;;76,3612;156511
MYT;Africa;Mayotte;;2001;;76,5265;162716
MYT;Africa;Mayotte;;2002;;76,6887;168093
MYT;Africa;Mayotte;;2003;;76,8373;171702
MYT;Africa;Mayotte;;2004;;77,0381;175053
MYT;Africa;Mayotte;;2005;;77,1305;179615
MYT;Africa;Mayotte;;2006;;77,4702;185005
MYT;Africa;Mayotte;;2007;;77,7747;190773
MYT;Africa;Mayotte;;2008;;78,0044;196422
MYT;Africa;Mayotte;;2009;;78,1963;201909
MYT;Africa;Mayotte;;2010;;78,2501;207439
MYT;Africa;Mayotte;;2011;;78,1565;212996
MYT;Africa;Mayotte;;2012;;77,8854;219008
MYT;Africa;Mayotte;;2013;;77,6097;226642
MYT;Africa;Mayotte;;2014;;77,2861;235785
MYT;Africa;Mayotte;;2015;;76,8827;245594
MYT;Africa;Mayotte;;2016;;76,5053;255880
MYT;Africa;Mayotte;;2017;;76,3488;265170
MYT;Africa;Mayotte;;2018;;76,221;269704
MYT;Africa;Mayotte;;2019;;76,1027;274918
MYT;Africa;Mayotte;;2020;;74,2126;284381
MYT;Africa;Mayotte;;2021;;72,8232;294431
MYT;Africa;Mayotte;;2022;;75,1273;305279
MYT;Africa;Mayotte;;2023;;76,0544;316028
MEX;North America;Mexico;;1970;6873;58,8934;50814958
MEX;North America;Mexico;;1971;6912;59,4148;52412564
MEX;North America;Mexico;;1972;7256;60,0514;54030172
MEX;North America;Mexico;;1973;7597;60,5177;55667287
MEX;North America;Mexico;;1974;7801;61,1799;57320150
MEX;North America;Mexico;;1975;8011;61,8832;58982403
MEX;North America;Mexico;;1976;8131;62,4748;60645513
MEX;North America;Mexico;;1977;8177;62,9879;62308499
MEX;North America;Mexico;;1978;8690;63,4347;63979053
MEX;North America;Mexico;;1979;9307;63,8618;65648868
MEX;North America;Mexico;;1980;9929;64,2819;67300338
MEX;North America;Mexico;;1981;10538;64,7219;68892107
MEX;North America;Mexico;;1982;10240;65,2561;70433258
MEX;North America;Mexico;;1983;9656;65,7563;71971238
MEX;North America;Mexico;;1984;9777;66,2145;73506848
MEX;North America;Mexico;;1985;9785;66,7745;75043415
MEX;North America;Mexico;;1986;9283;67,3767;76585638
MEX;North America;Mexico;;1987;9256;67,9037;78136652
MEX;North America;Mexico;;1988;9193;68,2994;79695526
MEX;North America;Mexico;;1989;9392;68,6209;81247174
MEX;North America;Mexico;;1990;9699;69,0342;82820170
MEX;North America;Mexico;;1991;10008,551;69,3683;84430565
MEX;North America;Mexico;;1992;10262,211;69,6633;86044806
MEX;North America;Mexico;;1993;10357,829;69,9607;87653817
MEX;North America;Mexico;;1994;10721,008;70,3017;89259202
MEX;North America;Mexico;;1995;9944,953;70,703;90862449
MEX;North America;Mexico;;1996;10386,499;71,0876;92452700
MEX;North America;Mexico;;1997;11030,343;71,4723;94021204
MEX;North America;Mexico;;1998;11510,877;71,7924;95575242
MEX;North America;Mexico;;1999;11894,203;72,2034;97115710
MEX;North America;Mexico;;2000;12613,396;72,5621;98625553
MEX;North America;Mexico;;2001;12565,465;72,9118;100099101
MEX;North America;Mexico;;2002;12645,504;73,1056;101548627
MEX;North America;Mexico;;2003;12793,956;73,308;102978517
MEX;North America;Mexico;;2004;13287,6;73,4324;104394131
MEX;North America;Mexico;;2005;13655,801;73,6267;105811504
MEX;North America;Mexico;;2006;14287,559;73,7457;107253666
MEX;North America;Mexico;;2007;14684,728;73,7955;108774356
MEX;North America;Mexico;;2008;14808,09;73,6949;110374286
MEX;North America;Mexico;;2009;14026,989;73,6281;111999720
MEX;North America;Mexico;;2010;14697,298;73,7181;113623898
MEX;North America;Mexico;;2011;15210;73,9209;115243503
MEX;North America;Mexico;;2012;15547,994;74,1278;116818208
MEX;North America;Mexico;;2013;15614,781;74,289;118343572
MEX;North America;Mexico;;2014;15883,877;74,4044;119784265
MEX;North America;Mexico;;2015;16235,004;74,4315;121072310
MEX;North America;Mexico;;2016;16705,047;74,3763;122251344
MEX;North America;Mexico;;2017;16900,13;74,2609;123400052
MEX;North America;Mexico;;2018;17055,117;74,3009;124573713
MEX;North America;Mexico;;2019;16802,014;74,5302;125762978
MEX;North America;Mexico;;2020;15253,691;70,4492;126799053
MEX;North America;Mexico;;2021;15853,376;69,7499;127648151
MEX;North America;Mexico;;2022;16235,455;73,9731;128613116
MEX;North America;Mexico;;2023;;75,069;129739761
FSM;Oceania;Micronesia (country);;1970;;59,7741;58943
FSM;Oceania;Micronesia (country);;1971;;60,1818;60655
FSM;Oceania;Micronesia (country);;1972;;60,6077;62293
FSM;Oceania;Micronesia (country);;1973;;60,9553;64000
FSM;Oceania;Micronesia (country);;1974;;61,3191;65763
FSM;Oceania;Micronesia (country);;1975;;61,6169;67445
FSM;Oceania;Micronesia (country);;1976;;61,8846;69067
FSM;Oceania;Micronesia (country);;1977;;62,1179;70774
FSM;Oceania;Micronesia (country);;1978;;62,3063;72772
FSM;Oceania;Micronesia (country);;1979;;62,4598;75070
FSM;Oceania;Micronesia (country);;1980;;62,5564;77421
FSM;Oceania;Micronesia (country);;1981;;62,6676;79810
FSM;Oceania;Micronesia (country);;1982;;62,7471;82236
FSM;Oceania;Micronesia (country);;1983;;62,8287;84698
FSM;Oceania;Micronesia (country);;1984;;62,9226;87196
FSM;Oceania;Micronesia (country);;1985;;63,0284;89721
FSM;Oceania;Micronesia (country);;1986;;63,1508;92275
FSM;Oceania;Micronesia (country);;1987;;63,2057;94860
FSM;Oceania;Micronesia (country);;1988;;63,4607;97110
FSM;Oceania;Micronesia (country);;1989;;63,6165;99018
FSM;Oceania;Micronesia (country);;1990;;63,7217;100904
FSM;Oceania;Micronesia (country);;1991;;63,8813;102764
FSM;Oceania;Micronesia (country);;1992;;63,9961;104823
FSM;Oceania;Micronesia (country);;1993;;64,041;107082
FSM;Oceania;Micronesia (country);;1994;;64,0825;109090
FSM;Oceania;Micronesia (country);;1995;;64,1421;110244
FSM;Oceania;Micronesia (country);;1996;;64,2534;110723
FSM;Oceania;Micronesia (country);;1997;;64,3714;111088
FSM;Oceania;Micronesia (country);;1998;;64,5091;111394
FSM;Oceania;Micronesia (country);;1999;;64,6261;111693
FSM;Oceania;Micronesia (country);;2000;;64,3173;112067
FSM;Oceania;Micronesia (country);;2001;;64,8013;112378
FSM;Oceania;Micronesia (country);;2002;;63,9075;112464
FSM;Oceania;Micronesia (country);;2003;;64,9148;112298
FSM;Oceania;Micronesia (country);;2004;;64,8985;111939
FSM;Oceania;Micronesia (country);;2005;;64,9065;111420
FSM;Oceania;Micronesia (country);;2006;;64,8588;110739
FSM;Oceania;Micronesia (country);;2007;;64,8437;109896
FSM;Oceania;Micronesia (country);;2008;;64,8489;108947
FSM;Oceania;Micronesia (country);;2009;;64,8652;107968
FSM;Oceania;Micronesia (country);;2010;;64,8919;107559
FSM;Oceania;Micronesia (country);;2011;;64,9685;107712
FSM;Oceania;Micronesia (country);;2012;;65,0802;107908
FSM;Oceania;Micronesia (country);;2013;;65,1786;108133
FSM;Oceania;Micronesia (country);;2014;;65,294;108407
FSM;Oceania;Micronesia (country);;2015;;65,3065;108727
FSM;Oceania;Micronesia (country);;2016;;65,5757;109088
FSM;Oceania;Micronesia (country);;2017;;65,7612;109495
FSM;Oceania;Micronesia (country);;2018;;65,9427;109925
FSM;Oceania;Micronesia (country);;2019;;66,1957;110293
FSM;Oceania;Micronesia (country);;2020;;65,8776;110930
FSM;Oceania;Micronesia (country);;2021;;66,1516;111635
FSM;Oceania;Micronesia (country);;2022;;66,9606;112122
FSM;Oceania;Micronesia (country);;2023;;67,1983;112646
MDA;Europe;Moldova;;1970;;62,4136;3643522
MDA;Europe;Moldova;;1971;;62,6725;3677928
MDA;Europe;Moldova;;1972;;62,9324;3713997
MDA;Europe;Moldova;;1973;8552;63,1755;3752617
MDA;Europe;Moldova;;1974;;63,4374;3793852
MDA;Europe;Moldova;;1975;;63,6997;3836949
MDA;Europe;Moldova;;1976;;63,9679;3881031
MDA;Europe;Moldova;;1977;;64,2305;3925587
MDA;Europe;Moldova;;1978;;64,4889;3970300
MDA;Europe;Moldova;;1979;;64,8234;4010389
MDA;Europe;Moldova;;1980;9078;65,1892;4048713
MDA;Europe;Moldova;;1981;9538;65,595;4089537
MDA;Europe;Moldova;;1982;10026;65,8589;4130066
MDA;Europe;Moldova;;1983;10378;66,1488;4172081
MDA;Europe;Moldova;;1984;10508;66,4332;4215890
MDA;Europe;Moldova;;1985;9398;66,882;4261133
MDA;Europe;Moldova;;1986;9937;67,3948;4309371
MDA;Europe;Moldova;;1987;9852;67,9223;4359065
MDA;Europe;Moldova;;1988;9731;68,1909;4407777
MDA;Europe;Moldova;;1989;10288;68,1733;4439386
MDA;Europe;Moldova;;1990;9835;67,9203;4451150
MDA;Europe;Moldova;;1991;7957,6885;67,5537;4456609
MDA;Europe;Moldova;;1992;5546,366;66,7485;4455714
MDA;Europe;Moldova;;1993;5383,8584;66,66;4448241
MDA;Europe;Moldova;;1994;3662,2087;66,3188;4434457
MDA;Europe;Moldova;;1995;3558,8267;66,2179;4414216
MDA;Europe;Moldova;;1996;3305,4966;66,2481;4387653
MDA;Europe;Moldova;;1997;3322,479;66,4843;4355537
MDA;Europe;Moldova;;1998;3078,0095;66,8403;4318713
MDA;Europe;Moldova;;1999;2949,9065;67,2047;4278220
MDA;Europe;Moldova;;2000;2989,535;67,4623;4234969
MDA;Europe;Moldova;;2001;3150,6313;67,6725;4189769
MDA;Europe;Moldova;;2002;3373,7092;67,7926;4142937
MDA;Europe;Moldova;;2003;3575,268;67,8998;4095418
MDA;Europe;Moldova;;2004;3813,4312;68,0166;4046672
MDA;Europe;Moldova;;2005;4073,6736;68,1969;3988668
MDA;Europe;Moldova;;2006;4243,0703;68,4234;3921320
MDA;Europe;Moldova;;2007;4342,7456;68,6738;3851397
MDA;Europe;Moldova;;2008;4652,457;69,0001;3779503
MDA;Europe;Moldova;;2009;4342,528;69,4057;3706212
MDA;Europe;Moldova;;2010;4615,324;69,8759;3631990
MDA;Europe;Moldova;;2011;4892;70,1732;3557278
MDA;Europe;Moldova;;2012;4914,038;70,3438;3482629
MDA;Europe;Moldova;;2013;5414,3506;70,2907;3408741
MDA;Europe;Moldova;;2014;5744,252;70,2407;3342715
MDA;Europe;Moldova;;2015;5784,4917;70,118;3287168
MDA;Europe;Moldova;;2016;6102,6943;70,1792;3237798
MDA;Europe;Moldova;;2017;6425,865;70,375;3193500
MDA;Europe;Moldova;;2018;6760,1113;70,2355;3153779
MDA;Europe;Moldova;;2019;7078,23;70,181;3112561
MDA;Europe;Moldova;;2020;6560,7476;69,9144;3069135
MDA;Europe;Moldova;;2021;7557,3857;68,9908;3023780
MDA;Europe;Moldova;;2022;6674,871;71,5465;3039986
MDA;Europe;Moldova;;2023;;71,1985;3067072
MCO;Europe;Monaco;;1970;;73,3485;24252
MCO;Europe;Monaco;;1971;;73,365;24606
MCO;Europe;Monaco;;1972;;73,3806;24885
MCO;Europe;Monaco;;1973;;73,374;25097
MCO;Europe;Monaco;;1974;;73,4215;25260
MCO;Europe;Monaco;;1975;;73,5226;25525
MCO;Europe;Monaco;;1976;;73,7974;25918
MCO;Europe;Monaco;;1977;;74,1934;26293
MCO;Europe;Monaco;;1978;;74,6563;26628
MCO;Europe;Monaco;;1979;;74,87;26913
MCO;Europe;Monaco;;1980;;74,9484;27146
MCO;Europe;Monaco;;1981;;74,9528;27318
MCO;Europe;Monaco;;1982;;75,2555;27584
MCO;Europe;Monaco;;1983;;75,6974;27985
MCO;Europe;Monaco;;1984;;76,3935;28380
MCO;Europe;Monaco;;1985;;77,3626;28756
MCO;Europe;Monaco;;1986;;78,3999;29119
MCO;Europe;Monaco;;1987;;79,2571;29470
MCO;Europe;Monaco;;1988;;79,4083;29806
MCO;Europe;Monaco;;1989;;79,4156;30108
MCO;Europe;Monaco;;1990;;79,4356;30382
MCO;Europe;Monaco;;1991;;79,7494;30654
MCO;Europe;Monaco;;1992;;80,0654;30909
MCO;Europe;Monaco;;1993;;80,3646;31165
MCO;Europe;Monaco;;1994;;80,6543;31398
MCO;Europe;Monaco;;1995;;80,9021;31636
MCO;Europe;Monaco;;1996;;81,1335;31859
MCO;Europe;Monaco;;1997;;81,358;32090
MCO;Europe;Monaco;;1998;;81,6054;32289
MCO;Europe;Monaco;;1999;;81,8264;32435
MCO;Europe;Monaco;;2000;;82,1207;32477
MCO;Europe;Monaco;;2001;;82,485;32466
MCO;Europe;Monaco;;2002;;83,0547;32441
MCO;Europe;Monaco;;2003;;83,6128;32396
MCO;Europe;Monaco;;2004;;84,1511;32329
MCO;Europe;Monaco;;2005;;84,3396;32235
MCO;Europe;Monaco;;2006;;84,1944;32083
MCO;Europe;Monaco;;2007;;83,9034;31859
MCO;Europe;Monaco;;2008;;83,8271;31862
MCO;Europe;Monaco;;2009;;84,1871;32390
MCO;Europe;Monaco;;2010;;84,6441;33188
MCO;Europe;Monaco;;2011;;85,0099;33968
MCO;Europe;Monaco;;2012;;85,0451;34738
MCO;Europe;Monaco;;2013;;85,0557;35476
MCO;Europe;Monaco;;2014;;85,0925;36155
MCO;Europe;Monaco;;2015;;85,3231;36785
MCO;Europe;Monaco;;2016;;85,6302;37301
MCO;Europe;Monaco;;2017;;85,8784;37700
MCO;Europe;Monaco;;2018;;86,0843;38179
MCO;Europe;Monaco;;2019;;86,1507;38131
MCO;Europe;Monaco;;2020;;86,0893;38074
MCO;Europe;Monaco;;2021;;85,1126;38548
MCO;Europe;Monaco;;2022;;85,7464;38950
MCO;Europe;Monaco;;2023;;86,3724;38979
MNG;Asia;Mongolia;;1970;1226;51,9931;1295275
MNG;Asia;Mongolia;;1971;1246;52,5586;1330076
MNG;Asia;Mongolia;;1972;1256;53,1083;1366829
MNG;Asia;Mongolia;;1973;1328;53,6012;1405507
MNG;Asia;Mongolia;;1974;1342;54,0209;1446056
MNG;Asia;Mongolia;;1975;1387;54,3345;1488301
MNG;Asia;Mongolia;;1976;1401;54,5826;1531953
MNG;Asia;Mongolia;;1977;1470;54,771;1576248
MNG;Asia;Mongolia;;1978;1537;54,9233;1619479
MNG;Asia;Mongolia;;1979;1556;55,0687;1660661
MNG;Asia;Mongolia;;1980;1618;55,2202;1701341
MNG;Asia;Mongolia;;1981;1714;55,405;1742856
MNG;Asia;Mongolia;;1982;1814;55,623;1785364
MNG;Asia;Mongolia;;1983;1876;55,8725;1829093
MNG;Asia;Mongolia;;1984;1940;56,1465;1874355
MNG;Asia;Mongolia;;1985;2004;56,4415;1921519
MNG;Asia;Mongolia;;1986;2142;56,7632;1970967
MNG;Asia;Mongolia;;1987;2168;57,1194;2022803
MNG;Asia;Mongolia;;1988;2227;57,5082;2076326
MNG;Asia;Mongolia;;1989;2232;58,1296;2124190
MNG;Asia;Mongolia;;1990;2123;58,8174;2164578
MNG;Asia;Mongolia;;1991;1976,0231;59,8178;2202772
MNG;Asia;Mongolia;;1992;1841,0125;60,4404;2239130
MNG;Asia;Mongolia;;1993;1846,2256;60,8286;2273515
MNG;Asia;Mongolia;;1994;1955,4773;60,8555;2305743
MNG;Asia;Mongolia;;1995;2147,8286;60,8909;2335717
MNG;Asia;Mongolia;;1996;2271,7988;60,9996;2363469
MNG;Asia;Mongolia;;1997;2445,0127;61,4377;2389133
MNG;Asia;Mongolia;;1998;2620,489;62,1208;2412793
MNG;Asia;Mongolia;;1999;2801,8618;62,8346;2434041
MNG;Asia;Mongolia;;2000;2936,0627;63,4577;2455182
MNG;Asia;Mongolia;;2001;3133,556;63,8055;2477704
MNG;Asia;Mongolia;;2002;3401,9465;63,9924;2500074
MNG;Asia;Mongolia;;2003;3775,438;64,1349;2521809
MNG;Asia;Mongolia;;2004;4334,2314;64,3431;2542801
MNG;Asia;Mongolia;;2005;4822,2334;64,8105;2563466
MNG;Asia;Mongolia;;2006;5426,8535;65,5694;2584761
MNG;Asia;Mongolia;;2007;6196,5894;66,4713;2607976
MNG;Asia;Mongolia;;2008;6982,1465;67,0861;2634431
MNG;Asia;Mongolia;;2009;7126,8086;67,1727;2665333
MNG;Asia;Mongolia;;2010;7830,064;67,1004;2701739
MNG;Asia;Mongolia;;2011;9484;67,167;2745183
MNG;Asia;Mongolia;;2012;10493;67,6113;2795463
MNG;Asia;Mongolia;;2013;11545;68,2101;2851887
MNG;Asia;Mongolia;;2014;12283;68,7366;2913041
MNG;Asia;Mongolia;;2015;12398;69,2386;2976528
MNG;Asia;Mongolia;;2016;12313,544;69,736;3040815
MNG;Asia;Mongolia;;2017;12728,355;70,1709;3104371
MNG;Asia;Mongolia;;2018;13419,578;70,5743;3167714
MNG;Asia;Mongolia;;2019;13871,33;70,6631;3232118
MNG;Asia;Mongolia;;2020;12990,328;70,0291;3290786
MNG;Asia;Mongolia;;2021;12992,167;68,5654;3339676
MNG;Asia;Mongolia;;2022;13442,906;71,5049;3386015
MNG;Asia;Mongolia;;2023;;71,7341;3431938
MNE;Europe;Montenegro;;1970;4857;70,4035;529679
MNE;Europe;Montenegro;;1971;4994;70,818;535112
MNE;Europe;Montenegro;;1972;5206;71,2464;540706
MNE;Europe;Montenegro;;1973;5137;71,5909;546269
MNE;Europe;Montenegro;;1974;5394;71,6272;551745
MNE;Europe;Montenegro;;1975;5512;71,9195;557156
MNE;Europe;Montenegro;;1976;5740;72,0587;562637
MNE;Europe;Montenegro;;1977;6298;71,829;568095
MNE;Europe;Montenegro;;1978;6583;71,9191;573523
MNE;Europe;Montenegro;;1979;6523;71,4901;579015
MNE;Europe;Montenegro;;1980;7992;72,2447;584831
MNE;Europe;Montenegro;;1981;7635;72,126;589916
MNE;Europe;Montenegro;;1982;7790;72,3044;593634
MNE;Europe;Montenegro;;1983;7610;72,3045;596960
MNE;Europe;Montenegro;;1984;7828;72,2892;600258
MNE;Europe;Montenegro;;1985;7804;72,4302;603506
MNE;Europe;Montenegro;;1986;8021;72,7793;606803
MNE;Europe;Montenegro;;1987;7592;73,1791;610181
MNE;Europe;Montenegro;;1988;7299;73,4096;613594
MNE;Europe;Montenegro;;1989;7278;73,8142;617048
MNE;Europe;Montenegro;;1990;6605;73,8768;620507
MNE;Europe;Montenegro;;1991;6068,2153;73,9509;623564
MNE;Europe;Montenegro;;1992;4605,299;73,7998;626030
MNE;Europe;Montenegro;;1993;2981,8047;73,8689;628107
MNE;Europe;Montenegro;;1994;3073,9207;73,7639;629890
MNE;Europe;Montenegro;;1995;3571,0723;73,7395;631386
MNE;Europe;Montenegro;;1996;4663,16;73,6108;632625
MNE;Europe;Montenegro;;1997;5121,728;73,5036;633539
MNE;Europe;Montenegro;;1998;5522,1045;73,4418;634099
MNE;Europe;Montenegro;;1999;5142,729;73,2935;634280
MNE;Europe;Montenegro;;2000;6046,142;73,5522;634198
MNE;Europe;Montenegro;;2001;6429,561;73,739;634001
MNE;Europe;Montenegro;;2002;6897,725;74,1306;633767
MNE;Europe;Montenegro;;2003;7445,0503;74,226;633563
MNE;Europe;Montenegro;;2004;8193,75;74,3789;633756
MNE;Europe;Montenegro;;2005;9002,218;74,4252;634059
MNE;Europe;Montenegro;;2006;10307,647;74,6713;633876
MNE;Europe;Montenegro;;2007;12027,43;74,6739;633388
MNE;Europe;Montenegro;;2008;13550,356;75,0006;632855
MNE;Europe;Montenegro;;2009;13459,499;75,3973;632445
MNE;Europe;Montenegro;;2010;14509,766;75,7125;632088
MNE;Europe;Montenegro;;2011;15747;75,9607;632689
MNE;Europe;Montenegro;;2012;15421;76,2367;633546
MNE;Europe;Montenegro;;2013;16064;76,3539;633199
MNE;Europe;Montenegro;;2014;16437;76,4679;631377
MNE;Europe;Montenegro;;2015;17249;76,5939;628145
MNE;Europe;Montenegro;;2016;17777,416;76,5647;624246
MNE;Europe;Montenegro;;2017;18640,195;76,5929;620112
MNE;Europe;Montenegro;;2018;19617,215;76,9215;615798
MNE;Europe;Montenegro;;2019;20448,549;76,6392;611671
MNE;Europe;Montenegro;;2020;17355,623;75,8503;607934
MNE;Europe;Montenegro;;2021;19656,557;73,7893;603854
MNE;Europe;Montenegro;;2022;20941,805;75,9214;614649
MNE;Europe;Montenegro;;2023;;77,0869;633553
MSR;North America;Montserrat;;1970;;65,2902;11358
MSR;North America;Montserrat;;1971;;65,8546;11361
MSR;North America;Montserrat;;1972;;66,4235;11372
MSR;North America;Montserrat;;1973;;66,9467;11389
MSR;North America;Montserrat;;1974;;67,4139;11409
MSR;North America;Montserrat;;1975;;67,8502;11434
MSR;North America;Montserrat;;1976;;68,225;11441
MSR;North America;Montserrat;;1977;;68,5559;11460
MSR;North America;Montserrat;;1978;;68,8583;11459
MSR;North America;Montserrat;;1979;;69,1149;11437
MSR;North America;Montserrat;;1980;;69,3273;11364
MSR;North America;Montserrat;;1981;;69,5341;11275
MSR;North America;Montserrat;;1982;;69,7057;11200
MSR;North America;Montserrat;;1983;;69,8674;11148
MSR;North America;Montserrat;;1984;;70,0239;11078
MSR;North America;Montserrat;;1985;;70,1645;11018
MSR;North America;Montserrat;;1986;;70,3171;10967
MSR;North America;Montserrat;;1987;;70,454;10920
MSR;North America;Montserrat;;1988;;70,6068;10872
MSR;North America;Montserrat;;1989;;68,2617;10798
MSR;North America;Montserrat;;1990;;70,9395;10700
MSR;North America;Montserrat;;1991;;71,1414;10464
MSR;North America;Montserrat;;1992;;71,3995;10013
MSR;North America;Montserrat;;1993;;71,6541;9454
MSR;North America;Montserrat;;1994;;71,9123;8867
MSR;North America;Montserrat;;1995;;72,1731;8257
MSR;North America;Montserrat;;1996;;72,415;7626
MSR;North America;Montserrat;;1997;;63,2197;6979
MSR;North America;Montserrat;;1998;;72,8449;6321
MSR;North America;Montserrat;;1999;;72,9668;5685
MSR;North America;Montserrat;;2000;;73,1501;5053
MSR;North America;Montserrat;;2001;;73,331;4616
MSR;North America;Montserrat;;2002;;73,5523;4500
MSR;North America;Montserrat;;2003;;73,7886;4515
MSR;North America;Montserrat;;2004;;74,0006;4541
MSR;North America;Montserrat;;2005;;74,1851;4574
MSR;North America;Montserrat;;2006;;74,3424;4606
MSR;North America;Montserrat;;2007;;74,4499;4649
MSR;North America;Montserrat;;2008;;74,5334;4700
MSR;North America;Montserrat;;2009;;74,6229;4759
MSR;North America;Montserrat;;2010;;74,6831;4819
MSR;North America;Montserrat;;2011;;74,7673;4846
MSR;North America;Montserrat;;2012;;74,8496;4822
MSR;North America;Montserrat;;2013;;74,9333;4774
MSR;North America;Montserrat;;2014;;75,0332;4738
MSR;North America;Montserrat;;2015;;75,1277;4693
MSR;North America;Montserrat;;2016;;75,228;4665
MSR;North America;Montserrat;;2017;;75,3312;4624
MSR;North America;Montserrat;;2018;;75,4559;4595
MSR;North America;Montserrat;;2019;;75,6002;4564
MSR;North America;Montserrat;;2020;;75,5677;4532
MSR;North America;Montserrat;;2021;;75,8958;4505
MSR;North America;Montserrat;;2022;;76,0377;4476
MSR;North America;Montserrat;;2023;;76,1857;4440
MAR;Africa;Morocco;;1970;2576;48,6908;15129453
MAR;Africa;Morocco;;1971;2654;49,1688;15527227
MAR;Africa;Morocco;;1972;2660;49,7059;15924695
MAR;Africa;Morocco;;1973;2700;50,2196;16326276
MAR;Africa;Morocco;;1974;2791;50,762;16733850
MAR;Africa;Morocco;;1975;2919;51,3564;17150790
MAR;Africa;Morocco;;1976;3175;52,0478;17574187
MAR;Africa;Morocco;;1977;3268;52,7912;18014761
MAR;Africa;Morocco;;1978;3298;53,5536;18477383
MAR;Africa;Morocco;;1979;3382;54,3758;18955587
MAR;Africa;Morocco;;1980;3622;55,2189;19459942
MAR;Africa;Morocco;;1981;3457;56,0233;19985407
MAR;Africa;Morocco;;1982;3725;56,8689;20520324
MAR;Africa;Morocco;;1983;3606;57,6854;21060697
MAR;Africa;Morocco;;1984;3657;58,4378;21593777
MAR;Africa;Morocco;;1985;3784;59,208;22113953
MAR;Africa;Morocco;;1986;3977;59,9514;22600803
MAR;Africa;Morocco;;1987;3790;60,6199;23054390
MAR;Africa;Morocco;;1988;4077;61,2312;23500528
MAR;Africa;Morocco;;1989;4073;61,8236;23939414
MAR;Africa;Morocco;;1990;4130;62,3958;24375558
MAR;Africa;Morocco;;1991;4353,7295;62,9186;24799016
MAR;Africa;Morocco;;1992;4194,447;63,3883;25212469
MAR;Africa;Morocco;;1993;4097,281;63,8679;25614586
MAR;Africa;Morocco;;1994;4461,0625;64,3459;26000824
MAR;Africa;Morocco;;1995;4156,9253;64,7246;26399431
MAR;Africa;Morocco;;1996;4603,652;65,2257;26808109
MAR;Africa;Morocco;;1997;4469,19;65,6159;27213340
MAR;Africa;Morocco;;1998;4729,183;66,0078;27621638
MAR;Africa;Morocco;;1999;4720,7715;66,4037;28027188
MAR;Africa;Morocco;;2000;4753,638;66,7937;28423439
MAR;Africa;Morocco;;2001;5042,073;67,1996;28814646
MAR;Africa;Morocco;;2002;5140,8726;67,5817;29198146
MAR;Africa;Morocco;;2003;5386,8506;67,9577;29571415
MAR;Africa;Morocco;;2004;5584,154;68,2721;29953021
MAR;Africa;Morocco;;2005;5708,0312;68,7475;30358145
MAR;Africa;Morocco;;2006;6076,9526;69,1574;30771179
MAR;Africa;Morocco;;2007;6228,4316;69,6197;31186468
MAR;Africa;Morocco;;2008;6530,978;70,0509;31606769
MAR;Africa;Morocco;;2009;6741,4604;70,4543;32030779
MAR;Africa;Morocco;;2010;6931,558;70,8211;32467009
MAR;Africa;Morocco;;2011;7226;71,2634;32912585
MAR;Africa;Morocco;;2012;7355,326;71,674;33355246
MAR;Africa;Morocco;;2013;7599,724;72,1174;33787573
MAR;Africa;Morocco;;2014;7714,632;72,5225;34204784
MAR;Africa;Morocco;;2015;7959,528;72,8938;34607590
MAR;Africa;Morocco;;2016;7912,222;73,2279;35023459
MAR;Africa;Morocco;;2017;8222,67;73,6079;35446395
MAR;Africa;Morocco;;2018;8385,949;73,9456;35839760
MAR;Africa;Morocco;;2019;8540,804;74,2446;36210907
MAR;Africa;Morocco;;2020;7849,208;73,1327;36584208
MAR;Africa;Morocco;;2021;8391,295;73,3848;36954443
MAR;Africa;Morocco;;2022;8400,127;75,1614;37329068
MAR;Africa;Morocco;;2023;;75,3128;37712516
MOZ;Africa;Mozambique;;1970;2778;42,4593;8250504
MOZ;Africa;Mozambique;;1971;2895;42,5806;8456324
MOZ;Africa;Mozambique;;1972;2906;42,5234;8692931
MOZ;Africa;Mozambique;;1973;2986;42,7239;8954248
MOZ;Africa;Mozambique;;1974;2684;43,2109;9236094
MOZ;Africa;Mozambique;;1975;2238;43,8207;9540822
MOZ;Africa;Mozambique;;1976;2064;43,9227;9867205
MOZ;Africa;Mozambique;;1977;2013;43,9237;10224974
MOZ;Africa;Mozambique;;1978;1969;43,9627;10618247
MOZ;Africa;Mozambique;;1979;1937;43,914;11028809
MOZ;Africa;Mozambique;;1980;1945;43,9873;11336220
MOZ;Africa;Mozambique;;1981;1940;41,6429;11568123
MOZ;Africa;Mozambique;;1982;1852;41,6774;11824371
MOZ;Africa;Mozambique;;1983;1694;41,596;12073825
MOZ;Africa;Mozambique;;1984;1629;38,897;12315953
MOZ;Africa;Mozambique;;1985;1466;38,9841;12548951
MOZ;Africa;Mozambique;;1986;1479;40,9508;12770581
MOZ;Africa;Mozambique;;1987;1562;41,0025;12822573
MOZ;Africa;Mozambique;;1988;1701;43,6905;12800556
MOZ;Africa;Mozambique;;1989;1776;43,8893;12906842
MOZ;Africa;Mozambique;;1990;1776;44,3369;13094535
MOZ;Africa;Mozambique;;1991;1719,0991;44,7046;13352091
MOZ;Africa;Mozambique;;1992;1482,4166;45,0953;13613314
MOZ;Africa;Mozambique;;1993;1439,2897;45,6746;14051203
MOZ;Africa;Mozambique;;1994;1312,3721;46,0858;15033852
MOZ;Africa;Mozambique;;1995;1165,8102;46,5463;15960530
MOZ;Africa;Mozambique;;1996;1325,5953;47,1208;16492484
MOZ;Africa;Mozambique;;1997;1323,6936;47,7996;16949988
MOZ;Africa;Mozambique;;1998;1335,6608;48,2121;17340463
MOZ;Africa;Mozambique;;1999;1301,5763;48,8374;17734499
MOZ;Africa;Mozambique;;2000;1196,0149;49,4762;18129652
MOZ;Africa;Mozambique;;2001;1219,381;50,2593;18537735
MOZ;Africa;Mozambique;;2002;1199,7332;50,8793;18958338
MOZ;Africa;Mozambique;;2003;1155,7037;51,3831;19392477
MOZ;Africa;Mozambique;;2004;1125,8322;51,8551;19840312
MOZ;Africa;Mozambique;;2005;1107,5338;52,3225;20304577
MOZ;Africa;Mozambique;;2006;1099,3418;52,7476;20787088
MOZ;Africa;Mozambique;;2007;1067,9664;53,2554;21287638
MOZ;Africa;Mozambique;;2008;1031,3622;53,7989;21819037
MOZ;Africa;Mozambique;;2009;991,74524;54,3999;22391751
MOZ;Africa;Mozambique;;2010;956,53046;55,0397;22999234
MOZ;Africa;Mozambique;;2011;925;55,7334;23649045
MOZ;Africa;Mozambique;;2012;964,58234;56,4604;24337849
MOZ;Africa;Mozambique;;2013;1003,7287;57,1889;25051613
MOZ;Africa;Mozambique;;2014;1049,1935;57,965;25788473
MOZ;Africa;Mozambique;;2015;1090,3977;58,711;26547576
MOZ;Africa;Mozambique;;2016;1102,8173;59,455;27337107
MOZ;Africa;Mozambique;;2017;1114,3684;60,1484;28166397
MOZ;Africa;Mozambique;;2018;1122,5856;60,7904;29018647
MOZ;Africa;Mozambique;;2019;1118,6304;61,3059;29884378
MOZ;Africa;Mozambique;;2020;1076,6941;61,3904;30783685
MOZ;Africa;Mozambique;;2021;1073,57;60,2683;31707798
MOZ;Africa;Mozambique;;2022;1087,836;63,0115;32656242
MOZ;Africa;Mozambique;;2023;;63,6111;33635163
MMR;Asia;Myanmar;;1970;1023;50,4696;27193015
MMR;Asia;Myanmar;;1971;1036;51,0268;27807215
MMR;Asia;Myanmar;;1972;1023;51,3974;28428330
MMR;Asia;Myanmar;;1973;1001;51,763;29026390
MMR;Asia;Myanmar;;1974;1033;52,0915;29598163
MMR;Asia;Myanmar;;1975;1057;52,4933;30176563
MMR;Asia;Myanmar;;1976;1103;52,9082;30758818
MMR;Asia;Myanmar;;1977;1148;53,2664;31355968
MMR;Asia;Myanmar;;1978;1205;53,5216;31972974
MMR;Asia;Myanmar;;1979;1240;54,0256;32596552
MMR;Asia;Myanmar;;1980;1320;54,3744;33227204
MMR;Asia;Myanmar;;1981;1369;54,6991;33858786
MMR;Asia;Myanmar;;1982;1417;55,0332;34482967
MMR;Asia;Myanmar;;1983;1451;55,3081;35162714
MMR;Asia;Myanmar;;1984;1492;55,5963;35899313
MMR;Asia;Myanmar;;1985;1506;55,8162;36622832
MMR;Asia;Myanmar;;1986;1465;56,0835;37314882
MMR;Asia;Myanmar;;1987;1382;56,3534;37971601
MMR;Asia;Myanmar;;1988;1207;56,5699;38600928
MMR;Asia;Myanmar;;1989;1234;56,8887;39214624
MMR;Asia;Myanmar;;1990;1253;57,1587;39817253
MMR;Asia;Myanmar;;1991;1205,0714;57,3955;40394159
MMR;Asia;Myanmar;;1992;1283,8254;57,681;40950342
MMR;Asia;Myanmar;;1993;1321,8102;58,0324;41502423
MMR;Asia;Myanmar;;1994;1373,9629;58,3256;42055150
MMR;Asia;Myanmar;;1995;1423,6505;58,6708;42605343
MMR;Asia;Myanmar;;1996;1469,0317;59,1689;43154858
MMR;Asia;Myanmar;;1997;1505,9805;59,5226;43708802
MMR;Asia;Myanmar;;1998;1547,0283;59,896;44257793
MMR;Asia;Myanmar;;1999;1667,6613;60,1066;44787727
MMR;Asia;Myanmar;;2000;1843,4945;60,3567;45290850
MMR;Asia;Myanmar;;2001;1996,3737;60,6398;45771140
MMR;Asia;Myanmar;;2002;2175,8835;60,9245;46232656
MMR;Asia;Myanmar;;2003;2410,5698;61,196;46667191
MMR;Asia;Myanmar;;2004;2664,9412;61,4425;47068779
MMR;Asia;Myanmar;;2005;2947,0989;61,7204;47438362
MMR;Asia;Myanmar;;2006;3246,6934;62,0263;47785141
MMR;Asia;Myanmar;;2007;3542,5884;62,3667;48125047
MMR;Asia;Myanmar;;2008;3585,7651;56,3637;48390790
MMR;Asia;Myanmar;;2009;3673,4368;63,0952;48660458
MMR;Asia;Myanmar;;2010;3772,9985;63,4791;49024376
MMR;Asia;Myanmar;;2011;3884;63,8589;49419825
MMR;Asia;Myanmar;;2012;4091,202;64,2511;49837451
MMR;Asia;Myanmar;;2013;4371,003;64,617;50262658
MMR;Asia;Myanmar;;2014;4684,643;64,9941;50681635
MMR;Asia;Myanmar;;2015;4984,669;65,2877;51089060
MMR;Asia;Myanmar;;2016;5252,832;65,6399;51495701
MMR;Asia;Myanmar;;2017;5503,632;65,9086;51894939
MMR;Asia;Myanmar;;2018;5803,431;66,2322;52272250
MMR;Asia;Myanmar;;2019;6140,885;66,4567;52640718
MMR;Asia;Myanmar;;2020;6282,8115;66,6121;53016525
MMR;Asia;Myanmar;;2021;5113,337;65,5535;53387103
MMR;Asia;Myanmar;;2022;5177,4326;66,5058;53756791
MMR;Asia;Myanmar;;2023;;66,889;54133800
NAM;Africa;Namibia;;1970;6164;54,686;757876
NAM;Africa;Namibia;;1971;6258;55,2892;780588
NAM;Africa;Namibia;;1972;6156;55,8454;804411
NAM;Africa;Namibia;;1973;6177;56,4218;828932
NAM;Africa;Namibia;;1974;6387;56,943;854325
NAM;Africa;Namibia;;1975;6293;57,5505;881041
NAM;Africa;Namibia;;1976;6150;58,0415;906574
NAM;Africa;Namibia;;1977;5984;58,586;931118
NAM;Africa;Namibia;;1978;6027;59,1107;947277
NAM;Africa;Namibia;;1979;6073;59,5191;962826
NAM;Africa;Namibia;;1980;6293;56,5725;981440
NAM;Africa;Namibia;;1981;6271;56,9118;992508
NAM;Africa;Namibia;;1982;6064;57,3347;1010315
NAM;Africa;Namibia;;1983;5734;57,6369;1037519
NAM;Africa;Namibia;;1984;5539;58,0967;1065996
NAM;Africa;Namibia;;1985;5396;58,4721;1096896
NAM;Africa;Namibia;;1986;5530;58,7248;1131083
NAM;Africa;Namibia;;1987;5595;59,1229;1167898
NAM;Africa;Namibia;;1988;5386;59,033;1209700
NAM;Africa;Namibia;;1989;5208;60,773;1288956
NAM;Africa;Namibia;;1990;5007;61,3586;1369309
NAM;Africa;Namibia;;1991;5239,034;60,8326;1415689
NAM;Africa;Namibia;;1992;5532,6724;60,1601;1461324
NAM;Africa;Namibia;;1993;5294,2427;59,2604;1508698
NAM;Africa;Namibia;;1994;5545,4624;58,4407;1556315
NAM;Africa;Namibia;;1995;5638,7666;57,5178;1602181
NAM;Africa;Namibia;;1996;5687,1167;56,6387;1646107
NAM;Africa;Namibia;;1997;5796,632;55,8444;1689274
NAM;Africa;Namibia;;1998;5859,8833;54,7672;1732747
NAM;Africa;Namibia;;1999;5926,4277;53,9825;1776371
NAM;Africa;Namibia;;2000;5971,815;52,9462;1818650
NAM;Africa;Namibia;;2001;5888,432;51,9803;1857059
NAM;Africa;Namibia;;2002;6069,3203;51,9882;1889976
NAM;Africa;Namibia;;2003;6082,4263;51,9178;1917469
NAM;Africa;Namibia;;2004;6712,772;52,1755;1942087
NAM;Africa;Namibia;;2005;6807,5757;52,557;1966581
NAM;Africa;Namibia;;2006;7208,6885;53,1826;1991890
NAM;Africa;Namibia;;2007;7509,527;54,026;2018607
NAM;Africa;Namibia;;2008;7618,031;54,7401;2047059
NAM;Africa;Namibia;;2009;7548,129;55,3474;2077400
NAM;Africa;Namibia;;2010;7905,541;56,0935;2109815
NAM;Africa;Namibia;;2011;8203;56,6467;2146331
NAM;Africa;Namibia;;2012;8482,415;57,7335;2194656
NAM;Africa;Namibia;;2013;8788,875;58,4675;2252505
NAM;Africa;Namibia;;2014;9134,8545;59,3113;2312143
NAM;Africa;Namibia;;2015;9333,583;60,0083;2374305
NAM;Africa;Namibia;;2016;9152,549;60,8098;2439219
NAM;Africa;Namibia;;2017;8882,617;61,661;2506854
NAM;Africa;Namibia;;2018;8805,334;62,5787;2577327
NAM;Africa;Namibia;;2019;8567,793;63,5463;2650499
NAM;Africa;Namibia;;2020;7734,6055;64,0712;2728760
NAM;Africa;Namibia;;2021;7796,0615;60,8499;2810552
NAM;Africa;Namibia;;2022;7979,328;64,1903;2889668
NAM;Africa;Namibia;;2023;;67,3848;2963102
NRU;Oceania;Nauru;;1970;;58,4493;6733
NRU;Oceania;Nauru;;1971;;58,427;6780
NRU;Oceania;Nauru;;1972;;58,4051;6831
NRU;Oceania;Nauru;;1973;;58,3625;6886
NRU;Oceania;Nauru;;1974;;58,31;6944
NRU;Oceania;Nauru;;1975;;58,2507;7013
NRU;Oceania;Nauru;;1976;;58,2146;7084
NRU;Oceania;Nauru;;1977;;58,1443;7184
NRU;Oceania;Nauru;;1978;;58,2884;7316
NRU;Oceania;Nauru;;1979;;58,3742;7488
NRU;Oceania;Nauru;;1980;;58,4713;7670
NRU;Oceania;Nauru;;1981;;58,5549;7866
NRU;Oceania;Nauru;;1982;;58,6351;8059
NRU;Oceania;Nauru;;1983;;58,6935;8240
NRU;Oceania;Nauru;;1984;;58,6581;8398
NRU;Oceania;Nauru;;1985;;58,598;8573
NRU;Oceania;Nauru;;1986;;58,5911;8765
NRU;Oceania;Nauru;;1987;;58,625;8972
NRU;Oceania;Nauru;;1988;;58,7252;9183
NRU;Oceania;Nauru;;1989;;58,8996;9413
NRU;Oceania;Nauru;;1990;;59,1018;9645
NRU;Oceania;Nauru;;1991;;59,3124;9873
NRU;Oceania;Nauru;;1992;;59,5184;10042
NRU;Oceania;Nauru;;1993;;59,7613;10123
NRU;Oceania;Nauru;;1994;;59,9538;10163
NRU;Oceania;Nauru;;1995;;60,0627;10187
NRU;Oceania;Nauru;;1996;;60,0704;10206
NRU;Oceania;Nauru;;1997;;59,9848;10218
NRU;Oceania;Nauru;;1998;;59,86;10220
NRU;Oceania;Nauru;;1999;;59,7007;10207
NRU;Oceania;Nauru;;2000;;59,5743;10187
NRU;Oceania;Nauru;;2001;;59,4823;10147
NRU;Oceania;Nauru;;2002;;59,427;10105
NRU;Oceania;Nauru;;2003;;59,3587;10086
NRU;Oceania;Nauru;;2004;;59,3455;10084
NRU;Oceania;Nauru;;2005;;59,3608;10071
NRU;Oceania;Nauru;;2006;;59,4086;10061
NRU;Oceania;Nauru;;2007;;59,4899;10042
NRU;Oceania;Nauru;;2008;;59,6754;10032
NRU;Oceania;Nauru;;2009;;59,8524;10041
NRU;Oceania;Nauru;;2010;;60,0741;10067
NRU;Oceania;Nauru;;2011;;60,2868;10116
NRU;Oceania;Nauru;;2012;;60,5326;10289
NRU;Oceania;Nauru;;2013;;60,7009;10539
NRU;Oceania;Nauru;;2014;;60,8335;10766
NRU;Oceania;Nauru;;2015;;60,8969;10975
NRU;Oceania;Nauru;;2016;;60,9958;11173
NRU;Oceania;Nauru;;2017;;61,1011;11351
NRU;Oceania;Nauru;;2018;;61,2378;11499
NRU;Oceania;Nauru;;2019;;61,3931;11609
NRU;Oceania;Nauru;;2020;;61,5271;11665
NRU;Oceania;Nauru;;2021;;61,3312;11727
NRU;Oceania;Nauru;;2022;;61,9304;11822
NRU;Oceania;Nauru;;2023;;62,1094;11900
NPL;Asia;Nepal;;1970;1055;43,1507;12436191
NPL;Asia;Nepal;;1971;1022;43,6161;12710069
NPL;Asia;Nepal;;1972;1034;44,068;12989103
NPL;Asia;Nepal;;1973;1009;44,4854;13275240
NPL;Asia;Nepal;;1974;1052;44,9193;13568436
NPL;Asia;Nepal;;1975;1047;45,4995;13870692
NPL;Asia;Nepal;;1976;1071;45,9912;14177650
NPL;Asia;Nepal;;1977;1081;46,6281;14499175
NPL;Asia;Nepal;;1978;1105;47,2023;14839704
NPL;Asia;Nepal;;1979;1106;47,7664;15190601
NPL;Asia;Nepal;;1980;1057;48,3326;15553106
NPL;Asia;Nepal;;1981;1119;48,6623;15922422
NPL;Asia;Nepal;;1982;1135;49,1811;16297996
NPL;Asia;Nepal;;1983;1076;49,6763;16689121
NPL;Asia;Nepal;;1984;1152;50,2267;17085243
NPL;Asia;Nepal;;1985;1194;50,9216;17477694
NPL;Asia;Nepal;;1986;1218;51,594;17868128
NPL;Asia;Nepal;;1987;1208;52,3819;18250512
NPL;Asia;Nepal;;1988;1269;53,1092;18638660
NPL;Asia;Nepal;;1989;1290;54,0132;19057811
NPL;Asia;Nepal;;1990;1315;54,7708;19524579
NPL;Asia;Nepal;;1991;1360,7836;55,6499;20036507
NPL;Asia;Nepal;;1992;1374,6611;56,6864;20609708
NPL;Asia;Nepal;;1993;1385,2411;57,5974;21180158
NPL;Asia;Nepal;;1994;1456,0203;58,6307;21717483
NPL;Asia;Nepal;;1995;1468,079;59,3229;22245443
NPL;Asia;Nepal;;1996;1511,7336;60,0437;22741867
NPL;Asia;Nepal;;1997;1558,3988;60,8226;23219458
NPL;Asia;Nepal;;1998;1570,6635;61,5322;23680358
NPL;Asia;Nepal;;1999;1609,1803;62,0353;24125201
NPL;Asia;Nepal;;2000;1676,7456;62,6424;24546509
NPL;Asia;Nepal;;2001;1738,3142;63,2881;24946755
NPL;Asia;Nepal;;2002;1709,7787;63,5071;25328989
NPL;Asia;Nepal;;2003;1747,7766;64,2291;25688762
NPL;Asia;Nepal;;2004;1802,1438;64,7439;26016652
NPL;Asia;Nepal;;2005;1836,3057;65,2755;26309462
NPL;Asia;Nepal;;2006;1884,1871;65,8907;26565430
NPL;Asia;Nepal;;2007;1927,3865;66,1686;26788498
NPL;Asia;Nepal;;2008;2021,154;66,4425;26990036
NPL;Asia;Nepal;;2009;2085,2437;66,6004;27173035
NPL;Asia;Nepal;;2010;2152,2747;66,7724;27341955
NPL;Asia;Nepal;;2011;2189;67,1234;27464499
NPL;Asia;Nepal;;2012;2258;67,3637;27534916
NPL;Asia;Nepal;;2013;2316;67,5978;27589997
NPL;Asia;Nepal;;2014;2421;67,812;27672373
NPL;Asia;Nepal;;2015;2455;67,3736;27823631
NPL;Asia;Nepal;;2016;2443,4324;68,4436;27955471
NPL;Asia;Nepal;;2017;2632,3408;68,7398;28011258
NPL;Asia;Nepal;;2018;2800,8596;69,036;28079688
NPL;Asia;Nepal;;2019;2953,5603;69,2992;28414066
NPL;Asia;Nepal;;2020;2832,8608;69,1065;28966580
NPL;Asia;Nepal;;2021;2902,0503;68,3846;29475016
NPL;Asia;Nepal;;2022;3013,5178;70,0869;29715435
NPL;Asia;Nepal;;2023;;70,3537;29694614
NLD;Europe;Netherlands;;1970;19075;73,6279;13052082
NLD;Europe;Netherlands;;1971;19636;73,8712;13208353
NLD;Europe;Netherlands;;1972;20079;73,7829;13342780
NLD;Europe;Netherlands;;1973;20851;74,23;13453743
NLD;Europe;Netherlands;;1974;21514;74,6073;13559671
NLD;Europe;Netherlands;;1975;21318;74,5546;13680033
NLD;Europe;Netherlands;;1976;22132;74,6717;13786641
NLD;Europe;Netherlands;;1977;22598;75,2652;13868605
NLD;Europe;Netherlands;;1978;22992;75,174;13953922
NLD;Europe;Netherlands;;1979;23347;75,6466;14050176
NLD;Europe;Netherlands;;1980;23438;75,7719;14162686
NLD;Europe;Netherlands;;1981;23153;75,9906;14262691
NLD;Europe;Netherlands;;1982;22780;76,0614;14333902
NLD;Europe;Netherlands;;1983;23086;76,2551;14396898
NLD;Europe;Netherlands;;1984;23750;76,3272;14462809
NLD;Europe;Netherlands;;1985;24361;76,3758;14538958
NLD;Europe;Netherlands;;1986;24893;76,3549;14626488
NLD;Europe;Netherlands;;1987;25085;76,8133;14724948
NLD;Europe;Netherlands;;1988;25574;77,0001;14825915
NLD;Europe;Netherlands;;1989;26612;76,8363;14921107
NLD;Europe;Netherlands;;1990;27515;77,0122;15030886
NLD;Europe;Netherlands;;1991;28126,781;77,1617;15155093
NLD;Europe;Netherlands;;1992;28555,732;77,3648;15276787
NLD;Europe;Netherlands;;1993;28879,996;77,0408;15389718
NLD;Europe;Netherlands;;1994;29727,557;77,5183;15485453
NLD;Europe;Netherlands;;1995;30680,348;77,5512;15565034
NLD;Europe;Netherlands;;1996;31811,738;77,5561;15640032
NLD;Europe;Netherlands;;1997;33199,633;77,9311;15723621
NLD;Europe;Netherlands;;1998;34688,55;78,0044;15827109
NLD;Europe;Netherlands;;1999;36409,08;77,9678;15940183
NLD;Europe;Netherlands;;2000;37899,95;78,13;16058757
NLD;Europe;Netherlands;;2001;38636,223;78,3379;16182705
NLD;Europe;Netherlands;;2002;38653,125;78,4119;16288060
NLD;Europe;Netherlands;;2003;38803,957;78,6649;16366914
NLD;Europe;Netherlands;;2004;39682,375;79,2389;16425562
NLD;Europe;Netherlands;;2005;40679,49;79,488;16465707
NLD;Europe;Netherlands;;2006;42286,51;79,8466;16493851
NLD;Europe;Netherlands;;2007;44008,75;80,255;16531360
NLD;Europe;Netherlands;;2008;44840,71;80,3866;16597259
NLD;Europe;Netherlands;;2009;43178,508;80,6712;16684148
NLD;Europe;Netherlands;;2010;43812,348;80,8293;16771232
NLD;Europe;Netherlands;;2011;44591;81,1096;16851061
NLD;Europe;Netherlands;;2012;43968,254;81,059;16915191
NLD;Europe;Netherlands;;2013;43782,97;81,3011;16967066
NLD;Europe;Netherlands;;2014;44245,56;81,6503;17030085
NLD;Europe;Netherlands;;2015;44912,664;81,49;17107429
NLD;Europe;Netherlands;;2016;45654,47;81,5549;17204693
NLD;Europe;Netherlands;;2017;46706,438;81,7366;17315376
NLD;Europe;Netherlands;;2018;47528,902;81,7813;17421285
NLD;Europe;Netherlands;;2019;48142,67;82,053;17537505
NLD;Europe;Netherlands;;2020;46014,484;81,3931;17636732
NLD;Europe;Netherlands;;2021;48001,84;81,356;17730565
NLD;Europe;Netherlands;;2022;49669,867;81,9121;17904421
NLD;Europe;Netherlands;;2023;;82,1576;18092526
NCL;Oceania;New Caledonia;;1970;;60,0575;109349
NCL;Oceania;New Caledonia;;1971;;60,7845;114522
NCL;Oceania;New Caledonia;;1972;;61,4132;119946
NCL;Oceania;New Caledonia;;1973;;62,0997;125597
NCL;Oceania;New Caledonia;;1974;;62,6904;131460
NCL;Oceania;New Caledonia;;1975;;63,2394;137471
NCL;Oceania;New Caledonia;;1976;;63,7507;142105
NCL;Oceania;New Caledonia;;1977;;64,2362;144613
NCL;Oceania;New Caledonia;;1978;;64,7019;146402
NCL;Oceania;New Caledonia;;1979;;65,1539;148142
NCL;Oceania;New Caledonia;;1980;;65,6008;149826
NCL;Oceania;New Caledonia;;1981;;65,9865;151458
NCL;Oceania;New Caledonia;;1982;;66,5105;153013
NCL;Oceania;New Caledonia;;1983;;66,9715;155019
NCL;Oceania;New Caledonia;;1984;;67,4188;157601
NCL;Oceania;New Caledonia;;1985;;67,8432;160252
NCL;Oceania;New Caledonia;;1986;;68,2385;162912
NCL;Oceania;New Caledonia;;1987;;68,5974;165659
NCL;Oceania;New Caledonia;;1988;;68,9204;168521
NCL;Oceania;New Caledonia;;1989;;69,2205;172043
NCL;Oceania;New Caledonia;;1990;;69,5259;176468
NCL;Oceania;New Caledonia;;1991;;69,8205;181251
NCL;Oceania;New Caledonia;;1992;;70,1431;186084
NCL;Oceania;New Caledonia;;1993;;70,5038;190858
NCL;Oceania;New Caledonia;;1994;;70,8967;195626
NCL;Oceania;New Caledonia;;1995;;71,3138;200392
NCL;Oceania;New Caledonia;;1996;;71,7497;205048
NCL;Oceania;New Caledonia;;1997;;72,2035;209568
NCL;Oceania;New Caledonia;;1998;;72,6766;214062
NCL;Oceania;New Caledonia;;1999;;73,1407;218532
NCL;Oceania;New Caledonia;;2000;;73,5737;223110
NCL;Oceania;New Caledonia;;2001;;73,9577;227714
NCL;Oceania;New Caledonia;;2002;;74,2781;232239
NCL;Oceania;New Caledonia;;2003;;74,4996;236684
NCL;Oceania;New Caledonia;;2004;;74,7131;240865
NCL;Oceania;New Caledonia;;2005;;74,8671;244391
NCL;Oceania;New Caledonia;;2006;;75,0163;247557
NCL;Oceania;New Caledonia;;2007;;75,1812;250730
NCL;Oceania;New Caledonia;;2008;;75,3981;253831
NCL;Oceania;New Caledonia;;2009;;75,676;257261
NCL;Oceania;New Caledonia;;2010;;75,9915;261580
NCL;Oceania;New Caledonia;;2011;;76,3151;266550
NCL;Oceania;New Caledonia;;2012;;76,6153;271640
NCL;Oceania;New Caledonia;;2013;;76,8666;276832
NCL;Oceania;New Caledonia;;2014;;77,0529;281233
NCL;Oceania;New Caledonia;;2015;;77,2055;283179
NCL;Oceania;New Caledonia;;2016;;77,3589;283432
NCL;Oceania;New Caledonia;;2017;;77,5036;283554
NCL;Oceania;New Caledonia;;2018;;77,5567;283551
NCL;Oceania;New Caledonia;;2019;;77,2623;283616
NCL;Oceania;New Caledonia;;2020;;77,0494;284187
NCL;Oceania;New Caledonia;;2021;;77,1134;285227
NCL;Oceania;New Caledonia;;2022;;77,6983;287130
NCL;Oceania;New Caledonia;;2023;;78,7658;289879
NZL;Oceania;New Zealand;;1970;17835;71,2192;2822184
NZL;Oceania;New Zealand;;1971;18452;71,7167;2867168
NZL;Oceania;New Zealand;;1972;18889;71,8235;2919263
NZL;Oceania;New Zealand;;1973;19804;71,6751;2978989
NZL;Oceania;New Zealand;;1974;20529;71,9405;3041223
NZL;Oceania;New Zealand;;1975;19907;72,2002;3094039
NZL;Oceania;New Zealand;;1976;20161;72,3966;3126639
NZL;Oceania;New Zealand;;1977;19110;72,1345;3140129
NZL;Oceania;New Zealand;;1978;19182;73,0094;3142245
NZL;Oceania;New Zealand;;1979;19580;73,0509;3141596
NZL;Oceania;New Zealand;;1980;19681;72,8619;3146325
NZL;Oceania;New Zealand;;1981;20537;73,6324;3159844
NZL;Oceania;New Zealand;;1982;20715;73,7237;3185129
NZL;Oceania;New Zealand;;1983;21015;73,8291;3219281
NZL;Oceania;New Zealand;;1984;21783;74,3668;3249828
NZL;Oceania;New Zealand;;1985;21780;73,8761;3268030
NZL;Oceania;New Zealand;;1986;22124;74,1192;3281510
NZL;Oceania;New Zealand;;1987;22142;74,2074;3299443
NZL;Oceania;New Zealand;;1988;22022;74,4784;3316026
NZL;Oceania;New Zealand;;1989;22107;74,8878;3333822
NZL;Oceania;New Zealand;;1990;21817;75,4252;3396981
NZL;Oceania;New Zealand;;1991;21125,895;76,0789;3480933
NZL;Oceania;New Zealand;;1992;21093,06;76,1907;3532246
NZL;Oceania;New Zealand;;1993;21897,676;76,4987;3573609
NZL;Oceania;New Zealand;;1994;23076,857;76,9178;3621030
NZL;Oceania;New Zealand;;1995;23751,902;76,7853;3674434
NZL;Oceania;New Zealand;;1996;24321,248;76,8069;3729383
NZL;Oceania;New Zealand;;1997;24802,129;77,3441;3776950
NZL;Oceania;New Zealand;;1998;24861,416;78,1667;3811376
NZL;Oceania;New Zealand;;1999;25867,992;77,9107;3835561
NZL;Oceania;New Zealand;;2000;26823,018;78,6681;3857576
NZL;Oceania;New Zealand;;2001;27167,318;78,6615;3891763
NZL;Oceania;New Zealand;;2002;28065,855;78,8659;3951116
NZL;Oceania;New Zealand;;2003;28876,287;79,1414;4022585
NZL;Oceania;New Zealand;;2004;29806,734;79,3548;4083912
NZL;Oceania;New Zealand;;2005;30270,248;80,0308;4135002
NZL;Oceania;New Zealand;;2006;30798,63;80,0152;4181943
NZL;Oceania;New Zealand;;2007;31784,441;80,122;4223270
NZL;Oceania;New Zealand;;2008;31444,633;80,2457;4261819
NZL;Oceania;New Zealand;;2009;31233,076;80,545;4304304
NZL;Oceania;New Zealand;;2010;31586,09;81,0517;4347766
NZL;Oceania;New Zealand;;2011;32057;80,8422;4382699
NZL;Oceania;New Zealand;;2012;32714,732;81,1668;4411682
NZL;Oceania;New Zealand;;2013;33109,26;81,6119;4453857
NZL;Oceania;New Zealand;;2014;33591,32;81,4106;4522976
NZL;Oceania;New Zealand;;2015;34248,477;81,5866;4614035
NZL;Oceania;New Zealand;;2016;34879,938;82,0027;4714768
NZL;Oceania;New Zealand;;2017;35573,965;81,6053;4812749
NZL;Oceania;New Zealand;;2018;36420,047;81,8838;4900840
NZL;Oceania;New Zealand;;2019;36912,074;81,8322;4989410
NZL;Oceania;New Zealand;;2020;35853,69;82,6628;5069895
NZL;Oceania;New Zealand;;2021;37837,457;82,3003;5107694
NZL;Oceania;New Zealand;;2022;38250,12;81,0061;5131731
NZL;Oceania;New Zealand;;2023;;82,088;5172837
NIC;North America;Nicaragua;;1970;4463;53,8153;2423065
NIC;North America;Nicaragua;;1971;4533;54,2195;2499829
NIC;North America;Nicaragua;;1972;4543;47,957;2573583
NIC;North America;Nicaragua;;1973;4637;55,0225;2649283
NIC;North America;Nicaragua;;1974;5064;55,4013;2732073
NIC;North America;Nicaragua;;1975;5013;55,7738;2816947
NIC;North America;Nicaragua;;1976;5099;56,1177;2903850
NIC;North America;Nicaragua;;1977;5247;56,1255;2992532
NIC;North America;Nicaragua;;1978;4771;53,5335;3080323
NIC;North America;Nicaragua;;1979;3405;50,8285;3164524
NIC;North America;Nicaragua;;1980;3414;57,9528;3252404
NIC;North America;Nicaragua;;1981;3480;58,2784;3345679
NIC;North America;Nicaragua;;1982;3360;58,6854;3438747
NIC;North America;Nicaragua;;1983;3437;56,8509;3530286
NIC;North America;Nicaragua;;1984;3308;56,1261;3619109
NIC;North America;Nicaragua;;1985;3107;56,3995;3706480
NIC;North America;Nicaragua;;1986;3011;57,5581;3794161
NIC;North America;Nicaragua;;1987;2922;57,3291;3882168
NIC;North America;Nicaragua;;1988;2498;59,8332;3972317
NIC;North America;Nicaragua;;1989;2393;61,884;4066483
NIC;North America;Nicaragua;;1990;2291;62,4729;4162566
NIC;North America;Nicaragua;;1991;2209,7942;63,3096;4259636
NIC;North America;Nicaragua;;1992;2163,4165;63,6717;4357031
NIC;North America;Nicaragua;;1993;2114,692;64,0928;4453733
NIC;North America;Nicaragua;;1994;2154,299;64,549;4549317
NIC;North America;Nicaragua;;1995;2264,0925;64,8693;4642933
NIC;North America;Nicaragua;;1996;2395,2021;65,2148;4729979
NIC;North America;Nicaragua;;1997;2482,691;65,5231;4809574
NIC;North America;Nicaragua;;1998;2569,8284;64,1109;4883659
NIC;North America;Nicaragua;;1999;2748,127;65,8924;4954021
NIC;North America;Nicaragua;;2000;2858,5269;66,3601;5022636
NIC;North America;Nicaragua;;2001;2944,2446;67,0281;5087827
NIC;North America;Nicaragua;;2002;2969,4575;67,9504;5149914
NIC;North America;Nicaragua;;2003;3049,15;68,7487;5210970
NIC;North America;Nicaragua;;2004;3220,261;69,5101;5272909
NIC;North America;Nicaragua;;2005;3370,7776;70,3745;5342108
NIC;North America;Nicaragua;;2006;3525,5537;70,9578;5418857
NIC;North America;Nicaragua;;2007;3729,8513;71,1973;5497247
NIC;North America;Nicaragua;;2008;3856,5522;71,4043;5576597
NIC;North America;Nicaragua;;2009;3771,947;71,4986;5656602
NIC;North America;Nicaragua;;2010;3916,9658;71,7608;5737451
NIC;North America;Nicaragua;;2011;4189;72,0329;5819051
NIC;North America;Nicaragua;;2012;4376;72,4346;5901290
NIC;North America;Nicaragua;;2013;4527;72,5513;5983852
NIC;North America;Nicaragua;;2014;4685;72,792;6066493
NIC;North America;Nicaragua;;2015;4866;72,8989;6149417
NIC;North America;Nicaragua;;2016;5015,8643;73,1803;6232664
NIC;North America;Nicaragua;;2017;5174,224;73,3892;6316235
NIC;North America;Nicaragua;;2018;4930,4297;73,8787;6400074
NIC;North America;Nicaragua;;2019;4721,7275;73,7637;6483660
NIC;North America;Nicaragua;;2020;4575,1865;70,7662;6565267
NIC;North America;Nicaragua;;2021;4978,8413;70,4777;6644745
NIC;North America;Nicaragua;;2022;5092,8413;74,4626;6730662
NIC;North America;Nicaragua;;2023;;74,9468;6823619
NER;Africa;Niger;;1970;1337;35,919;4650272
NER;Africa;Niger;;1971;1382;35,2935;4776227
NER;Africa;Niger;;1972;1282;35,813;4904847
NER;Africa;Niger;;1973;1039;35,9379;5037868
NER;Africa;Niger;;1974;1105;36,1946;5174956
NER;Africa;Niger;;1975;1050;36,5678;5317022
NER;Africa;Niger;;1976;1033;37,1012;5464963
NER;Africa;Niger;;1977;1087;37,6893;5619722
NER;Africa;Niger;;1978;1205;38,2675;5782939
NER;Africa;Niger;;1979;1261;38,8893;5955557
NER;Africa;Niger;;1980;1291;39,344;6135968
NER;Africa;Niger;;1981;1277;39,637;6322011
NER;Africa;Niger;;1982;1231;39,8438;6512733
NER;Africa;Niger;;1983;1180;39,9787;6708646
NER;Africa;Niger;;1984;956;39,9889;6909974
NER;Africa;Niger;;1985;950;40,1199;7118457
NER;Africa;Niger;;1986;969;40,2511;7335814
NER;Africa;Niger;;1987;912;40,4678;7561154
NER;Africa;Niger;;1988;939;40,7909;7793752
NER;Africa;Niger;;1989;915;41,1878;8034782
NER;Africa;Niger;;1990;872;41,7324;8286066
NER;Africa;Niger;;1991;865,9134;42,2892;8546900
NER;Africa;Niger;;1992;785,2636;43,0644;8817633
NER;Africa;Niger;;1993;771,54144;43,8382;9100789
NER;Africa;Niger;;1994;776,80255;44,5862;9398266
NER;Africa;Niger;;1995;702,4934;45,5039;9714537
NER;Africa;Niger;;1996;712,85583;46,3133;10044848
NER;Africa;Niger;;1997;693,1094;47,0975;10383977
NER;Africa;Niger;;1998;755,248;47,8066;10741416
NER;Africa;Niger;;1999;736,91754;48,4801;11117414
NER;Africa;Niger;;2000;693,3765;49,1725;11509634
NER;Africa;Niger;;2001;723,31134;49,8722;11920648
NER;Africa;Niger;;2002;734,59155;50,6448;12349150
NER;Africa;Niger;;2003;758,1143;51,5448;12796979
NER;Africa;Niger;;2004;725,13165;52,4019;13265843
NER;Africa;Niger;;2005;757,2439;53,3203;13756192
NER;Africa;Niger;;2006;771,4197;54,2228;14268583
NER;Africa;Niger;;2007;766,18695;55,0628;14803604
NER;Africa;Niger;;2008;809,4504;55,8515;15361921
NER;Africa;Niger;;2009;775,2534;56,4871;15943673
NER;Africa;Niger;;2010;810,1572;57,0796;16548833
NER;Africa;Niger;;2011;799;57,6001;17176286
NER;Africa;Niger;;2012;849,7977;57,9867;17836770
NER;Africa;Niger;;2013;861,0156;58,364;18519899
NER;Africa;Niger;;2014;884,34576;58,6934;19215917
NER;Africa;Niger;;2015;888,36847;58,8498;19939496
NER;Africa;Niger;;2016;903,57153;59,2283;20685758
NER;Africa;Niger;;2017;913,8115;59,5239;21435449
NER;Africa;Niger;;2018;942,5486;59,7646;22188074
NER;Africa;Niger;;2019;964,32434;60,031;22947765
NER;Africa;Niger;;2020;962,7823;59,8903;23717615
NER;Africa;Niger;;2021;941,2575;59,5422;24502145
NER;Africa;Niger;;2022;1007,72095;60,3981;25311978
NER;Africa;Niger;;2023;;61,1833;26159863
NGA;Africa;Nigeria;;1970;1744;40,0084;55893836
NGA;Africa;Nigeria;;1971;1894;40,6062;57214688
NGA;Africa;Nigeria;;1972;1908;41,2727;58601749
NGA;Africa;Nigeria;;1973;2012;41,8307;60082138
NGA;Africa;Nigeria;;1974;2179;42,4886;61679153
NGA;Africa;Nigeria;;1975;2051;43,0544;63410821
NGA;Africa;Nigeria;;1976;2208;44,186;65258000
NGA;Africa;Nigeria;;1977;2220;44,8467;67234590
NGA;Africa;Nigeria;;1978;2028;45,348;69326531
NGA;Africa;Nigeria;;1979;2104;45,7379;71498241
NGA;Africa;Nigeria;;1980;2080;45,959;73764641
NGA;Africa;Nigeria;;1981;1855;46,3087;76068116
NGA;Africa;Nigeria;;1982;1784;46,4366;78378699
NGA;Africa;Nigeria;;1983;1631;46,4423;80438257
NGA;Africa;Nigeria;;1984;1527;46,3388;82526444
NGA;Africa;Nigeria;;1985;1621;46,193;84897973
NGA;Africa;Nigeria;;1986;1610;45,9527;87235959
NGA;Africa;Nigeria;;1987;1556;45,8901;89591718
NGA;Africa;Nigeria;;1988;1667;45,8343;92020088
NGA;Africa;Nigeria;;1989;1729;45,8304;94531022
NGA;Africa;Nigeria;;1990;1773;45,7327;97120926
NGA;Africa;Nigeria;;1991;1759,0035;45,4832;99720161
NGA;Africa;Nigeria;;1992;1793,9402;45,5874;102372779
NGA;Africa;Nigeria;;1993;1817,7495;45,7826;105122075
NGA;Africa;Nigeria;;1994;1820,3046;45,7476;107935717
NGA;Africa;Nigeria;;1995;1851,0375;45,8701;110819430
NGA;Africa;Nigeria;;1996;1924,0884;45,8328;113754783
NGA;Africa;Nigeria;;1997;1977,2856;45,9598;116754790
NGA;Africa;Nigeria;;1998;2025,8649;46,1479;119846261
NGA;Africa;Nigeria;;1999;2034,8275;46,6088;123047324
NGA;Africa;Nigeria;;2000;2144,8254;47,1427;126382490
NGA;Africa;Nigeria;;2001;2282,823;47,5493;129862594
NGA;Africa;Nigeria;;2002;2609,1294;48,0201;133471995
NGA;Africa;Nigeria;;2003;2848,2812;48,618;137202646
NGA;Africa;Nigeria;;2004;3136,6274;49,1477;141057045
NGA;Africa;Nigeria;;2005;3347,8206;49,5377;145017256
NGA;Africa;Nigeria;;2006;3564,6323;49,876;149077335
NGA;Africa;Nigeria;;2007;3817,4836;50,3812;153267254
NGA;Africa;Nigeria;;2008;4084,2002;50,7483;157595014
NGA;Africa;Nigeria;;2009;4416,347;51,0801;162049466
NGA;Africa;Nigeria;;2010;4904,8657;51,3145;166642888
NGA;Africa;Nigeria;;2011;5136;51,4902;171379602
NGA;Africa;Nigeria;;2012;5216,3154;51,6876;176200627
NGA;Africa;Nigeria;;2013;5356,3887;51,8271;181049440
NGA;Africa;Nigeria;;2014;5550,727;51,9401;185896917
NGA;Africa;Nigeria;;2015;5558,026;51,9394;190671883
NGA;Africa;Nigeria;;2016;5337,1294;52,1894;195443698
NGA;Africa;Nigeria;;2017;5248,6885;52,3971;200254580
NGA;Africa;Nigeria;;2018;5215,3755;52,669;204938752
NGA;Africa;Nigeria;;2019;5197,0825;53,0086;209485637
NGA;Africa;Nigeria;;2020;4976,3223;53,0724;213996185
NGA;Africa;Nigeria;;2021;5029,0884;53,455;218529286
NGA;Africa;Nigeria;;2022;5070,4927;54,079;223150906
NGA;Africa;Nigeria;;2023;;54,4623;227882949
NIU;Oceania;Niue;;1970;;64,3668;5133
NIU;Oceania;Niue;;1971;;64,7443;5059
NIU;Oceania;Niue;;1972;;65,0601;4914
NIU;Oceania;Niue;;1973;;65,4002;4718
NIU;Oceania;Niue;;1974;;65,7863;4497
NIU;Oceania;Niue;;1975;;66,1157;4253
NIU;Oceania;Niue;;1976;;66,5055;4013
NIU;Oceania;Niue;;1977;;66,8538;3868
NIU;Oceania;Niue;;1978;;67,1406;3776
NIU;Oceania;Niue;;1979;;67,3796;3673
NIU;Oceania;Niue;;1980;;67,6058;3550
NIU;Oceania;Niue;;1981;;67,8203;3413
NIU;Oceania;Niue;;1982;;67,9592;3281
NIU;Oceania;Niue;;1983;;68,0689;3129
NIU;Oceania;Niue;;1984;;68,0847;2974
NIU;Oceania;Niue;;1985;;68,0511;2803
NIU;Oceania;Niue;;1986;;67,9386;2658
NIU;Oceania;Niue;;1987;;67,7827;2584
NIU;Oceania;Niue;;1988;;67,6097;2559
NIU;Oceania;Niue;;1989;;67,3171;2537
NIU;Oceania;Niue;;1990;;67,0624;2506
NIU;Oceania;Niue;;1991;;66,8168;2476
NIU;Oceania;Niue;;1992;;66,543;2443
NIU;Oceania;Niue;;1993;;66,4086;2403
NIU;Oceania;Niue;;1994;;66,3923;2362
NIU;Oceania;Niue;;1995;;66,3785;2326
NIU;Oceania;Niue;;1996;;66,3903;2290
NIU;Oceania;Niue;;1997;;66,4372;2242
NIU;Oceania;Niue;;1998;;66,5763;2187
NIU;Oceania;Niue;;1999;;65,6411;2138
NIU;Oceania;Niue;;2000;;66,6454;2068
NIU;Oceania;Niue;;2001;;66,7003;2007
NIU;Oceania;Niue;;2002;;66,6898;1965
NIU;Oceania;Niue;;2003;;66,7746;1928
NIU;Oceania;Niue;;2004;;65,6006;1891
NIU;Oceania;Niue;;2005;;66,9773;1849
NIU;Oceania;Niue;;2006;;67,0659;1818
NIU;Oceania;Niue;;2007;;67,1786;1810
NIU;Oceania;Niue;;2008;;67,2502;1805
NIU;Oceania;Niue;;2009;;67,4562;1801
NIU;Oceania;Niue;;2010;;67,6513;1786
NIU;Oceania;Niue;;2011;;67,8254;1776
NIU;Oceania;Niue;;2012;;68,0091;1784
NIU;Oceania;Niue;;2013;;68,2061;1786
NIU;Oceania;Niue;;2014;;68,4181;1792
NIU;Oceania;Niue;;2015;;68,6111;1803
NIU;Oceania;Niue;;2016;;68,7963;1806
NIU;Oceania;Niue;;2017;;68,9833;1803
NIU;Oceania;Niue;;2018;;69,1361;1805
NIU;Oceania;Niue;;2019;;69,2988;1814
NIU;Oceania;Niue;;2020;;69,4704;1822
NIU;Oceania;Niue;;2021;;69,5721;1836
NIU;Oceania;Niue;;2022;;69,8182;1844
NIU;Oceania;Niue;;2023;;69,9778;1841
PRK;Asia;North Korea;;1970;;62,0491;15172777
PRK;Asia;North Korea;;1971;;62,6628;15572460
PRK;Asia;North Korea;;1972;;63,2543;15975065
PRK;Asia;North Korea;;1973;;63,8155;16350372
PRK;Asia;North Korea;;1974;;64,3349;16673124
PRK;Asia;North Korea;;1975;;64,8305;16971055
PRK;Asia;North Korea;;1976;;65,3252;17243455
PRK;Asia;North Korea;;1977;;65,8106;17492797
PRK;Asia;North Korea;;1978;;66,2923;17736000
PRK;Asia;North Korea;;1979;;66,7482;17983465
PRK;Asia;North Korea;;1980;;67,2083;18236783
PRK;Asia;North Korea;;1981;;67,6566;18501303
PRK;Asia;North Korea;;1982;;68,0896;18776359
PRK;Asia;North Korea;;1983;;68,5026;19054039
PRK;Asia;North Korea;;1984;;68,8814;19335049
PRK;Asia;North Korea;;1985;;69,2315;19620396
PRK;Asia;North Korea;;1986;;69,5413;19910856
PRK;Asia;North Korea;;1987;;69,7674;20205485
PRK;Asia;North Korea;;1988;;70,0518;20503161
PRK;Asia;North Korea;;1989;;70,2694;20804363
PRK;Asia;North Korea;;1990;2455,8186;70,4835;21112134
PRK;Asia;North Korea;;1991;2315,959;70,7174;21428637
PRK;Asia;North Korea;;1992;2120,5461;71,0092;21750912
PRK;Asia;North Korea;;1993;1996,2933;70,7937;22073354
PRK;Asia;North Korea;;1994;1925,956;70,4716;22393967
PRK;Asia;North Korea;;1995;1816,009;60,766;22669307
PRK;Asia;North Korea;;1996;1733,0995;60,8204;22895753
PRK;Asia;North Korea;;1997;1604,8995;60,8694;23110836
PRK;Asia;North Korea;;1998;1579,9309;60,887;23311570
PRK;Asia;North Korea;;1999;1664,6421;60,9098;23497594
PRK;Asia;North Korea;;2000;1657,1444;60,9111;23665909
PRK;Asia;North Korea;;2001;1704,3733;60,8926;23815364
PRK;Asia;North Korea;;2002;1710,9496;60,8772;23943975
PRK;Asia;North Korea;;2003;1729,6221;69,3986;24090382
PRK;Asia;North Korea;;2004;1753,6919;69,2942;24254946
PRK;Asia;North Korea;;2005;1808,0618;69,1675;24396434
PRK;Asia;North Korea;;2006;1778,4956;69,0615;24524508
PRK;Asia;North Korea;;2007;1746,9276;69,0211;24646384
PRK;Asia;North Korea;;2008;1794,6573;69,3032;24764620
PRK;Asia;North Korea;;2009;1768,8898;69,7023;24878338
PRK;Asia;North Korea;;2010;1751,4363;70,2456;24987257
PRK;Asia;North Korea;;2011;1756,6108;70,7724;25097877
PRK;Asia;North Korea;;2012;1770,9209;71,3171;25211737
PRK;Asia;North Korea;;2013;1781,3009;71,8667;25329456
PRK;Asia;North Korea;;2014;1791,3436;72,4508;25451263
PRK;Asia;North Korea;;2015;1762,5167;72,8253;25575355
PRK;Asia;North Korea;;2016;1821,212;72,9708;25698325
PRK;Asia;North Korea;;2017;1749,0596;73,0344;25817710
PRK;Asia;North Korea;;2018;1668,5446;73,0196;25931153
PRK;Asia;North Korea;;2019;1666,8143;72,9282;26037633
PRK;Asia;North Korea;;2020;1584,3771;72,7826;26136312
PRK;Asia;North Korea;;2021;1577,1321;73,4366;26232530
PRK;Asia;North Korea;;2022;1568,847;73,6411;26328843
PRK;Asia;North Korea;;2023;;73,6418;26418196
MKD;Europe;North Macedonia;;1970;6545;64,9722;1664214
MKD;Europe;North Macedonia;;1971;6884;65,208;1691224
MKD;Europe;North Macedonia;;1972;7127;65,6387;1717400
MKD;Europe;North Macedonia;;1973;7471;67,063;1743825
MKD;Europe;North Macedonia;;1974;7803;67,1146;1770550
MKD;Europe;North Macedonia;;1975;8064;67,2528;1797972
MKD;Europe;North Macedonia;;1976;8319;67,8661;1825833
MKD;Europe;North Macedonia;;1977;8738;68,2355;1853147
MKD;Europe;North Macedonia;;1978;9341;69,051;1879854
MKD;Europe;North Macedonia;;1979;9891;69,1596;1906524
MKD;Europe;North Macedonia;;1980;9899;69,0545;1933043
MKD;Europe;North Macedonia;;1981;9937;69,4327;1959071
MKD;Europe;North Macedonia;;1982;9977;69,8441;1978962
MKD;Europe;North Macedonia;;1983;9728;69,7271;1991902
MKD;Europe;North Macedonia;;1984;10007;70,1947;2003400
MKD;Europe;North Macedonia;;1985;9894;70,2247;2014334
MKD;Europe;North Macedonia;;1986;10551;70,2932;2024729
MKD;Europe;North Macedonia;;1987;10385;70,4194;2035161
MKD;Europe;North Macedonia;;1988;10034;70,4712;2045739
MKD;Europe;North Macedonia;;1989;10206;71,1183;2055650
MKD;Europe;North Macedonia;;1990;9173;71,3392;2063690
MKD;Europe;North Macedonia;;1991;8615,759;71,7519;2056002
MKD;Europe;North Macedonia;;1992;7991,5977;71,3018;2032516
MKD;Europe;North Macedonia;;1993;7317,835;71,7311;2006853
MKD;Europe;North Macedonia;;1994;7154,067;71,487;1992669
MKD;Europe;North Macedonia;;1995;7039,1196;71,9651;1998531
MKD;Europe;North Macedonia;;1996;7095,1665;71,8537;2012553
MKD;Europe;North Macedonia;;1997;7179,0264;71,8806;2025764
MKD;Europe;North Macedonia;;1998;7411,548;71,8025;2037575
MKD;Europe;North Macedonia;;1999;7732,047;72,3084;2048088
MKD;Europe;North Macedonia;;2000;8083,7896;72,569;2057254
MKD;Europe;North Macedonia;;2001;7835,027;73,0061;2066300
MKD;Europe;North Macedonia;;2002;7964,0776;72,709;2074482
MKD;Europe;North Macedonia;;2003;8160,413;73,0466;2081417
MKD;Europe;North Macedonia;;2004;8561,384;73,4475;2086581
MKD;Europe;North Macedonia;;2005;8984,545;73,6075;2089809
MKD;Europe;North Macedonia;;2006;9466,264;73,7907;2089232
MKD;Europe;North Macedonia;;2007;10099,407;73,7418;2081972
MKD;Europe;North Macedonia;;2008;10674,208;74,4363;2070837
MKD;Europe;North Macedonia;;2009;10657,878;74,4689;2060601
MKD;Europe;North Macedonia;;2010;11038,29;75,0374;2051510
MKD;Europe;North Macedonia;;2011;11321;75,1424;2040445
MKD;Europe;North Macedonia;;2012;11255,701;75,043;2027288
MKD;Europe;North Macedonia;;2013;11568,169;75,5832;2013280
MKD;Europe;North Macedonia;;2014;11968,066;75,6327;1997842
MKD;Europe;North Macedonia;;2015;12412,94;75,6289;1980366
MKD;Europe;North Macedonia;;2016;12752,585;75,571;1961268
MKD;Europe;North Macedonia;;2017;12878,021;76,1524;1940877
MKD;Europe;North Macedonia;;2018;13238,034;76,8835;1919730
MKD;Europe;North Macedonia;;2019;13751,228;76,8346;1897643
MKD;Europe;North Macedonia;;2020;13125,83;74,4687;1872021
MKD;Europe;North Macedonia;;2021;13692,046;73,2918;1851109
MKD;Europe;North Macedonia;;2022;14050,995;76,6455;1840236
MKD;Europe;North Macedonia;;2023;;77,3947;1831800
MNP;Oceania;Northern Mariana Islands;;1970;;64,8311;10193
MNP;Oceania;Northern Mariana Islands;;1971;;65,1957;11288
MNP;Oceania;Northern Mariana Islands;;1972;;65,557;12659
MNP;Oceania;Northern Mariana Islands;;1973;;65,9878;13905
MNP;Oceania;Northern Mariana Islands;;1974;;66,4338;14677
MNP;Oceania;Northern Mariana Islands;;1975;;66,8499;15083
MNP;Oceania;Northern Mariana Islands;;1976;;67,278;15456
MNP;Oceania;Northern Mariana Islands;;1977;;67,6526;15813
MNP;Oceania;Northern Mariana Islands;;1978;;67,9027;16150
MNP;Oceania;Northern Mariana Islands;;1979;;68,1226;16508
MNP;Oceania;Northern Mariana Islands;;1980;;68,3019;17645
MNP;Oceania;Northern Mariana Islands;;1981;;68,4792;19847
MNP;Oceania;Northern Mariana Islands;;1982;;68,6916;22374
MNP;Oceania;Northern Mariana Islands;;1983;;68,8583;24960
MNP;Oceania;Northern Mariana Islands;;1984;;69,0619;27598
MNP;Oceania;Northern Mariana Islands;;1985;;69,2307;30281
MNP;Oceania;Northern Mariana Islands;;1986;;69,3568;33001
MNP;Oceania;Northern Mariana Islands;;1987;;69,4795;35755
MNP;Oceania;Northern Mariana Islands;;1988;;69,6144;38538
MNP;Oceania;Northern Mariana Islands;;1989;;69,7842;41327
MNP;Oceania;Northern Mariana Islands;;1990;;70,0379;43364
MNP;Oceania;Northern Mariana Islands;;1991;;70,3623;44412
MNP;Oceania;Northern Mariana Islands;;1992;;70,7618;45204
MNP;Oceania;Northern Mariana Islands;;1993;;71,1556;45973
MNP;Oceania;Northern Mariana Islands;;1994;;71,533;46752
MNP;Oceania;Northern Mariana Islands;;1995;;71,938;48192
MNP;Oceania;Northern Mariana Islands;;1996;;72,4416;51724
MNP;Oceania;Northern Mariana Islands;;1997;;72,9466;56610
MNP;Oceania;Northern Mariana Islands;;1998;;73,5727;61356
MNP;Oceania;Northern Mariana Islands;;1999;;74,2624;65933
MNP;Oceania;Northern Mariana Islands;;2000;;74,9002;68374
MNP;Oceania;Northern Mariana Islands;;2001;;75,4188;68003
MNP;Oceania;Northern Mariana Islands;;2002;;75,9336;66800
MNP;Oceania;Northern Mariana Islands;;2003;;76,5054;65438
MNP;Oceania;Northern Mariana Islands;;2004;;76,7887;63948
MNP;Oceania;Northern Mariana Islands;;2005;;77,3067;62372
MNP;Oceania;Northern Mariana Islands;;2006;;77,6882;60688
MNP;Oceania;Northern Mariana Islands;;2007;;77,8627;58960
MNP;Oceania;Northern Mariana Islands;;2008;;77,938;57163
MNP;Oceania;Northern Mariana Islands;;2009;;77,9033;55346
MNP;Oceania;Northern Mariana Islands;;2010;;77,7996;54110
MNP;Oceania;Northern Mariana Islands;;2011;;77,6883;53633
MNP;Oceania;Northern Mariana Islands;;2012;;77,5658;53251
MNP;Oceania;Northern Mariana Islands;;2013;;77,4519;52777
MNP;Oceania;Northern Mariana Islands;;2014;;77,3774;52199
MNP;Oceania;Northern Mariana Islands;;2015;;77,3596;51538
MNP;Oceania;Northern Mariana Islands;;2016;;77,3916;50795
MNP;Oceania;Northern Mariana Islands;;2017;;77,4704;49981
MNP;Oceania;Northern Mariana Islands;;2018;;77,51;49098
MNP;Oceania;Northern Mariana Islands;;2019;;77,8437;48154
MNP;Oceania;Northern Mariana Islands;;2020;;78,03;47557
MNP;Oceania;Northern Mariana Islands;;2021;;78,1598;47003
MNP;Oceania;Northern Mariana Islands;;2022;;78,5312;46101
MNP;Oceania;Northern Mariana Islands;;2023;;78,8075;45166
NOR;Europe;Norway;;1970;15983;74,0705;3875351
NOR;Europe;Norway;;1971;16692;74,1747;3902754
NOR;Europe;Norway;;1972;17409;74,3493;3932913
NOR;Europe;Norway;;1973;18050;74,4403;3960597
NOR;Europe;Norway;;1974;18691;74,7635;3985283
NOR;Europe;Norway;;1975;19560;74,8165;4007368
NOR;Europe;Norway;;1976;20610;75,0479;4026219
NOR;Europe;Norway;;1977;21399;75,3976;4043259
NOR;Europe;Norway;;1978;22061;75,4258;4058668
NOR;Europe;Norway;;1979;22971;75,4155;4072499
NOR;Europe;Norway;;1980;24031;75,6726;4085603
NOR;Europe;Norway;;1981;24179;75,8817;4099675
NOR;Europe;Norway;;1982;24141;76,0188;4114742
NOR;Europe;Norway;;1983;24924;76,0787;4128332
NOR;Europe;Norway;;1984;26321;76,2468;4139970
NOR;Europe;Norway;;1985;27608;75,9327;4152399
NOR;Europe;Norway;;1986;28504;76,2533;4167252
NOR;Europe;Norway;;1987;28953;76,102;4186818
NOR;Europe;Norway;;1988;28786;76,2709;4209470
NOR;Europe;Norway;;1989;28942;76,5435;4226914
NOR;Europe;Norway;;1990;29434;76,5864;4241440
NOR;Europe;Norway;;1991;31127,676;77,0382;4261618
NOR;Europe;Norway;;1992;33041,207;77,2461;4286255
NOR;Europe;Norway;;1993;34819,516;77,2207;4311864
NOR;Europe;Norway;;1994;37492,836;77,7728;4336467
NOR;Europe;Norway;;1995;40043,797;77,7966;4358991
NOR;Europe;Norway;;1996;43133,145;78,2326;4381137
NOR;Europe;Norway;;1997;46556,48;78,2382;4404988
NOR;Europe;Norway;;1998;48956,73;78,4081;4431308
NOR;Europe;Norway;;1999;51129,184;78,3864;4461789
NOR;Europe;Norway;;2000;54039,96;78,6916;4490864
NOR;Europe;Norway;;2001;56578,38;78,8958;4513650
NOR;Europe;Norway;;2002;58840,414;78,9602;4538016
NOR;Europe;Norway;;2003;60852,258;79,5291;4564666
NOR;Europe;Norway;;2004;64824,145;79,9645;4591739
NOR;Europe;Norway;;2005;68108,555;80,1695;4623120
NOR;Europe;Norway;;2006;71310,53;80,4404;4660487
NOR;Europe;Norway;;2007;74879,81;80,5024;4709017
NOR;Europe;Norway;;2008;76522,06;80,6772;4768097
NOR;Europe;Norway;;2009;76625,63;80,8655;4828625
NOR;Europe;Norway;;2010;78476,15;81,0392;4889160
NOR;Europe;Norway;;2011;80623;81,2454;4952969
NOR;Europe;Norway;;2012;81725,22;81,4458;5018453
NOR;Europe;Norway;;2013;81564,3;81,6683;5080126
NOR;Europe;Norway;;2014;82311,33;82,0869;5137397
NOR;Europe;Norway;;2015;82983,99;82,2728;5189777
NOR;Europe;Norway;;2016;83213,016;82,4151;5235974
NOR;Europe;Norway;;2017;84600,71;82,6242;5276807
NOR;Europe;Norway;;2018;84739,92;82,7599;5311751
NOR;Europe;Norway;;2019;85115,32;82,9553;5347733
NOR;Europe;Norway;;2020;83543,1;83,1953;5379275
NOR;Europe;Norway;;2021;86334,59;83,1656;5408082
NOR;Europe;Norway;;2022;88366,22;82,6309;5456796
NOR;Europe;Norway;;2023;;83,3078;5519167
OMN;Asia;Oman;;1970;6056;46,6396;662691
OMN;Asia;Oman;;1971;5923;47,8682;681125
OMN;Asia;Oman;;1972;6271;48,7172;700591
OMN;Asia;Oman;;1973;5227;49,9641;721182
OMN;Asia;Oman;;1974;5644;51,2285;746995
OMN;Asia;Oman;;1975;6802;52,5105;778871
OMN;Asia;Oman;;1976;7328;54,4483;814703
OMN;Asia;Oman;;1977;6998;55,5244;855316
OMN;Asia;Oman;;1978;6513;57,0372;900312
OMN;Asia;Oman;;1979;6446;58,3275;949122
OMN;Asia;Oman;;1980;6491;59,6008;1001248
OMN;Asia;Oman;;1981;7210;60,8023;1057326
OMN;Asia;Oman;;1982;7651;62,0486;1117686
OMN;Asia;Oman;;1983;8521;63,192;1181464
OMN;Asia;Oman;;1984;9526;64,2718;1247723
OMN;Asia;Oman;;1985;10433;65,2809;1325489
OMN;Asia;Oman;;1986;10268;66,168;1413424
OMN;Asia;Oman;;1987;10699;66,9792;1501006
OMN;Asia;Oman;;1988;10633;67,7177;1588573
OMN;Asia;Oman;;1989;10692;68,3927;1676234
OMN;Asia;Oman;;1990;10327;69,012;1763957
OMN;Asia;Oman;;1991;11131;69,5837;1851476
OMN;Asia;Oman;;1992;12251,157;70,1139;1938240
OMN;Asia;Oman;;1993;13226,644;70,6076;2021677
OMN;Asia;Oman;;1994;14079,533;71,0722;2081839
OMN;Asia;Oman;;1995;15292,176;71,5603;2120531
OMN;Asia;Oman;;1996;16491,168;72,0231;2156925
OMN;Asia;Oman;;1997;18518,48;72,463;2190726
OMN;Asia;Oman;;1998;20213,02;72,8817;2222492
OMN;Asia;Oman;;1999;21519,67;73,2761;2252910
OMN;Asia;Oman;;2000;24186,365;73,6428;2282139
OMN;Asia;Oman;;2001;26431,1;73,9788;2310223
OMN;Asia;Oman;;2002;27141,844;74,2761;2337144
OMN;Asia;Oman;;2003;27313,98;74,5213;2363801
OMN;Asia;Oman;;2004;28607,084;74,8204;2404822
OMN;Asia;Oman;;2005;30392,56;75,0705;2459808
OMN;Asia;Oman;;2006;33374,895;75,3543;2514794
OMN;Asia;Oman;;2007;36424,98;75,5959;2570175
OMN;Asia;Oman;;2008;40909,938;76,124;2626536
OMN;Asia;Oman;;2009;44244,65;76,6309;2684665
OMN;Asia;Oman;;2010;46182,16;77,1844;2757450
OMN;Asia;Oman;;2011;44454;77,7405;3076762
OMN;Asia;Oman;;2012;47427,582;78,1874;3547104
OMN;Asia;Oman;;2013;48900,758;78,6326;3833915
OMN;Asia;Oman;;2014;48528,41;79,03;4002444
OMN;Asia;Oman;;2015;49926,875;79,3457;4184898
OMN;Asia;Oman;;2016;51382,734;79,5813;4390880
OMN;Asia;Oman;;2017;50502,68;79,7483;4537397
OMN;Asia;Oman;;2018;50135,402;79,8642;4597878
OMN;Asia;Oman;;2019;48596,527;79,9456;4591248
OMN;Asia;Oman;;2020;46133,21;77,7634;4522502
OMN;Asia;Oman;;2021;46573,574;75,9693;4500429
OMN;Asia;Oman;;2022;47988,65;77,9106;4730229
OMN;Asia;Oman;;2023;;80,0305;5049267
PAK;Asia;Pakistan;;1970;1517;52,9434;60166721
PAK;Asia;Pakistan;;1971;1484;49,0016;61847896
PAK;Asia;Pakistan;;1972;1455;53,8239;63583192
PAK;Asia;Pakistan;;1973;1521;54,0895;65461912
PAK;Asia;Pakistan;;1974;1533;54,2663;67415487
PAK;Asia;Pakistan;;1975;1559;54,7219;69461179
PAK;Asia;Pakistan;;1976;1604;55,0687;71620249
PAK;Asia;Pakistan;;1977;1631;55,4821;73901831
PAK;Asia;Pakistan;;1978;1720;56,072;76307381
PAK;Asia;Pakistan;;1979;1733;56,6142;78997040
PAK;Asia;Pakistan;;1980;1851;57,1985;82291008
PAK;Asia;Pakistan;;1981;1924;57,7639;85802048
PAK;Asia;Pakistan;;1982;2002;58,2913;89089247
PAK;Asia;Pakistan;;1983;2077;58,6626;92227711
PAK;Asia;Pakistan;;1984;2106;58,9209;95164940
PAK;Asia;Pakistan;;1985;2230;59,0752;98229291
PAK;Asia;Pakistan;;1986;2302;59,1666;101606770
PAK;Asia;Pakistan;;1987;2364;59,222;105130710
PAK;Asia;Pakistan;;1988;2442;59,3598;108724740
PAK;Asia;Pakistan;;1989;2487;59,5283;112336634
PAK;Asia;Pakistan;;1990;2531;59,7282;116155584
PAK;Asia;Pakistan;;1991;2644,5742;59,8638;120060409
PAK;Asia;Pakistan;;1992;2732,3816;59,9826;123546855
PAK;Asia;Pakistan;;1993;2777,332;60,0829;127020117
PAK;Asia;Pakistan;;1994;2855,9062;60,1968;130748076
PAK;Asia;Pakistan;;1995;2947,6826;60,2735;134582255
PAK;Asia;Pakistan;;1996;2979,808;60,4659;138557089
PAK;Asia;Pakistan;;1997;2986,7056;60,6234;142531801
PAK;Asia;Pakistan;;1998;3035,4517;61,1338;146522354
PAK;Asia;Pakistan;;1999;3111,9585;61,5396;150565381
PAK;Asia;Pakistan;;2000;3154,5115;61,9029;154879124
PAK;Asia;Pakistan;;2001;3176,9468;62,2406;159270910
PAK;Asia;Pakistan;;2002;3265,6865;62,5561;163222552
PAK;Asia;Pakistan;;2003;3437,992;62,8343;167110250
PAK;Asia;Pakistan;;2004;3664,5334;63,0972;171285999
PAK;Asia;Pakistan;;2005;3883,9346;62,4163;175453212
PAK;Asia;Pakistan;;2006;4062,6665;63,6235;179682690
PAK;Asia;Pakistan;;2007;4160,365;63,8075;184493231
PAK;Asia;Pakistan;;2008;4224,405;64,0021;189499112
PAK;Asia;Pakistan;;2009;4288,462;64,2059;194376535
PAK;Asia;Pakistan;;2010;4354,267;64,3784;199239048
PAK;Asia;Pakistan;;2011;4464;64,6588;203746069
PAK;Asia;Pakistan;;2012;4538,3457;64,8834;207667129
PAK;Asia;Pakistan;;2013;4638,1616;65,1285;211073979
PAK;Asia;Pakistan;;2014;4750,878;65,374;214264649
PAK;Asia;Pakistan;;2015;4889,915;65,6406;217290884
PAK;Asia;Pakistan;;2016;5030,8354;65,9434;220138863
PAK;Asia;Pakistan;;2017;5189,937;66,2233;223273974
PAK;Asia;Pakistan;;2018;5299,071;66,4807;226928893
PAK;Asia;Pakistan;;2019;5219,534;66,7288;230800908
PAK;Asia;Pakistan;;2020;5242,6953;65,7015;235001745
PAK;Asia;Pakistan;;2021;5463,7744;65,7731;239477805
PAK;Asia;Pakistan;;2022;5531,723;67,4167;243700667
PAK;Asia;Pakistan;;2023;;67,649;247504505
PLW;Oceania;Palau;;1970;;57,6739;11393
PLW;Oceania;Palau;;1971;;58,108;11783
PLW;Oceania;Palau;;1972;;58,5568;12216
PLW;Oceania;Palau;;1973;;59,0236;12577
PLW;Oceania;Palau;;1974;;59,4923;12711
PLW;Oceania;Palau;;1975;;59,9982;12675
PLW;Oceania;Palau;;1976;;60,4688;12622
PLW;Oceania;Palau;;1977;;60,899;12548
PLW;Oceania;Palau;;1978;;61,2941;12465
PLW;Oceania;Palau;;1979;;61,6156;12359
PLW;Oceania;Palau;;1980;;61,9088;12296
PLW;Oceania;Palau;;1981;;62,1425;12423
PLW;Oceania;Palau;;1982;;62,3328;12721
PLW;Oceania;Palau;;1983;;62,4767;13028
PLW;Oceania;Palau;;1984;;62,6377;13359
PLW;Oceania;Palau;;1985;;62,7202;13712
PLW;Oceania;Palau;;1986;;62,7518;14044
PLW;Oceania;Palau;;1987;;62,7709;14357
PLW;Oceania;Palau;;1988;;62,7789;14664
PLW;Oceania;Palau;;1989;;62,7767;14969
PLW;Oceania;Palau;;1990;;62,7904;15282
PLW;Oceania;Palau;;1991;;62,8486;15635
PLW;Oceania;Palau;;1992;;62,9256;16017
PLW;Oceania;Palau;;1993;;62,9796;16397
PLW;Oceania;Palau;;1994;;63,1041;16796
PLW;Oceania;Palau;;1995;;63,2551;17217
PLW;Oceania;Palau;;1996;;63,4551;17683
PLW;Oceania;Palau;;1997;;63,7074;18126
PLW;Oceania;Palau;;1998;;63,9507;18548
PLW;Oceania;Palau;;1999;;64,2298;18926
PLW;Oceania;Palau;;2000;;64,4991;19206
PLW;Oceania;Palau;;2001;;64,8001;19379
PLW;Oceania;Palau;;2002;;65,0756;19527
PLW;Oceania;Palau;;2003;;65,446;19683
PLW;Oceania;Palau;;2004;;65,8158;19841
PLW;Oceania;Palau;;2005;;66,2193;19837
PLW;Oceania;Palau;;2006;;66,6334;19616
PLW;Oceania;Palau;;2007;;67,1128;19324
PLW;Oceania;Palau;;2008;;67,5618;19031
PLW;Oceania;Palau;;2009;;67,9904;18736
PLW;Oceania;Palau;;2010;;68,3473;18420
PLW;Oceania;Palau;;2011;;68,6384;18099
PLW;Oceania;Palau;;2012;;68,8632;17791
PLW;Oceania;Palau;;2013;;68,9805;17670
PLW;Oceania;Palau;;2014;;69,062;17740
PLW;Oceania;Palau;;2015;;69,0702;17791
PLW;Oceania;Palau;;2016;;69,0464;17824
PLW;Oceania;Palau;;2017;;69,0189;17838
PLW;Oceania;Palau;;2018;;68,9885;17843
PLW;Oceania;Palau;;2019;;68,9816;17821
PLW;Oceania;Palau;;2020;;68,6889;17817
PLW;Oceania;Palau;;2021;;68,5629;17809
PLW;Oceania;Palau;;2022;;68,9222;17784
PLW;Oceania;Palau;;2023;;69,269;17751
PSE;Asia;Palestine;;1970;3008;55,3588;1116285
PSE;Asia;Palestine;;1971;3338;55,9967;1134114
PSE;Asia;Palestine;;1972;3797;56,6718;1164753
PSE;Asia;Palestine;;1973;3537;57,6245;1202261
PSE;Asia;Palestine;;1974;4159;57,9531;1241133
PSE;Asia;Palestine;;1975;4085;58,6631;1279321
PSE;Asia;Palestine;;1976;4605;59,3865;1316398
PSE;Asia;Palestine;;1977;4439;60,0846;1352720
PSE;Asia;Palestine;;1978;4874;60,772;1389501
PSE;Asia;Palestine;;1979;4677;61,4988;1428122
PSE;Asia;Palestine;;1980;5239;62,1929;1469058
PSE;Asia;Palestine;;1981;4811;62,8361;1512710
PSE;Asia;Palestine;;1982;5088;63,4711;1560995
PSE;Asia;Palestine;;1983;4733;64,1324;1618780
PSE;Asia;Palestine;;1984;4807;64,7298;1688613
PSE;Asia;Palestine;;1985;4619;65,2619;1745262
PSE;Asia;Palestine;;1986;5330;65,7367;1789315
PSE;Asia;Palestine;;1987;5004;66,2931;1876764
PSE;Asia;Palestine;;1988;4745;66,7061;1977311
PSE;Asia;Palestine;;1989;4682;67,1412;2055617
PSE;Asia;Palestine;;1990;5345;67,8035;2139065
PSE;Asia;Palestine;;1991;4732,171;68,2219;2228955
PSE;Asia;Palestine;;1992;5410,625;68,4782;2324698
PSE;Asia;Palestine;;1993;5527,995;68,759;2425066
PSE;Asia;Palestine;;1994;5893,47;69,3283;2529164
PSE;Asia;Palestine;;1995;5756,845;69,5829;2636554
PSE;Asia;Palestine;;1996;5320,2554;69,9816;2746830
PSE;Asia;Palestine;;1997;5598,021;70,3277;2859581
PSE;Asia;Palestine;;1998;6051,883;70,5642;2962895
PSE;Asia;Palestine;;1999;6204,6465;70,7887;3056256
PSE;Asia;Palestine;;2000;5377,3936;70,2984;3151800
PSE;Asia;Palestine;;2001;4626,303;69,75;3242286
PSE;Asia;Palestine;;2002;3842,1465;70,8805;3322369
PSE;Asia;Palestine;;2003;4158,2993;70,9672;3398071
PSE;Asia;Palestine;;2004;4358,5176;71,0943;3475178
PSE;Asia;Palestine;;2005;4589,626;72,0041;3557406
PSE;Asia;Palestine;;2006;4193,154;71,8306;3645096
PSE;Asia;Palestine;;2007;4250,989;72,0636;3736694
PSE;Asia;Palestine;;2008;4287,209;72,2045;3829039
PSE;Asia;Palestine;;2009;4426,317;72,306;3921245
PSE;Asia;Palestine;;2010;4548,5312;73,3018;4016918
PSE;Asia;Palestine;;2011;4863;73,5572;4115912
PSE;Asia;Palestine;;2012;5054;73,7218;4215318
PSE;Asia;Palestine;;2013;5054;74,1404;4315263
PSE;Asia;Palestine;;2014;4939;72,7814;4415887
PSE;Asia;Palestine;;2015;5003;74,5773;4521564
PSE;Asia;Palestine;;2016;5316,9883;74,9168;4632743
PSE;Asia;Palestine;;2017;5269,6025;75,2159;4742747
PSE;Asia;Palestine;;2018;5218,1562;75,3798;4850593
PSE;Asia;Palestine;;2019;5176,9795;75,8114;4957773
PSE;Asia;Palestine;;2020;4490,755;74,9978;5069692
PSE;Asia;Palestine;;2021;4698,9326;73,8896;5185341
PSE;Asia;Palestine;;2022;4775,202;76,6624;5305274
PSE;Asia;Palestine;;2023;;65,1703;5409201
PAN;North America;Panama;;1970;5131;64,0684;1513071
PAN;North America;Panama;;1971;5471;64,6656;1556079
PAN;North America;Panama;;1972;5571;65,1832;1599721
PAN;North America;Panama;;1973;5719;65,7827;1643696
PAN;North America;Panama;;1974;5695;66,5523;1687932
PAN;North America;Panama;;1975;5649;67,243;1732393
PAN;North America;Panama;;1976;5604;67,794;1776943
PAN;North America;Panama;;1977;5512;68,2516;1821550
PAN;North America;Panama;;1978;5946;68,6867;1866317
PAN;North America;Panama;;1979;6075;69,0902;1911555
PAN;North America;Panama;;1980;6849;69,4506;1957543
PAN;North America;Panama;;1981;7313;69,7896;2004424
PAN;North America;Panama;;1982;7444;69,8997;2052278
PAN;North America;Panama;;1983;7186;70,1335;2101107
PAN;North America;Panama;;1984;7192;70,4025;2150781
PAN;North America;Panama;;1985;7404;70,5437;2200921
PAN;North America;Panama;;1986;7578;70,6686;2251331
PAN;North America;Panama;;1987;7653;70,8113;2301979
PAN;North America;Panama;;1988;6743;70,945;2352856
PAN;North America;Panama;;1989;6715;70,137;2403821
PAN;North America;Panama;;1990;7119;71,2655;2455588
PAN;North America;Panama;;1991;7659,47;71,331;2508273
PAN;North America;Panama;;1992;8148,6313;71,4613;2561342
PAN;North America;Panama;;1993;8450,672;71,8046;2615099
PAN;North America;Panama;;1994;8549,647;71,9429;2669545
PAN;North America;Panama;;1995;8555,783;71,9944;2724555
PAN;North America;Panama;;1996;8652,076;72,199;2780228
PAN;North America;Panama;;1997;9054,722;72,5415;2836702
PAN;North America;Panama;;1998;9560,335;72,7846;2893918
PAN;North America;Panama;;1999;9784,694;73,1239;2951820
PAN;North America;Panama;;2000;9898,788;73,4432;3010376
PAN;North America;Panama;;2001;9804,559;73,8197;3069545
PAN;North America;Panama;;2002;9879,454;74,1947;3129343
PAN;North America;Panama;;2003;10153,772;74,5671;3189813
PAN;North America;Panama;;2004;10769,523;74,8453;3251158
PAN;North America;Panama;;2005;11389,244;75,1604;3313024
PAN;North America;Panama;;2006;12195,747;75,4291;3375024
PAN;North America;Panama;;2007;13492,383;75,6751;3437490
PAN;North America;Panama;;2008;14466,968;75,937;3500646
PAN;North America;Panama;;2009;14515,766;76,2283;3564383
PAN;North America;Panama;;2010;15169,125;76,417;3628537
PAN;North America;Panama;;2011;16762;76,6594;3693509
PAN;North America;Panama;;2012;18051;76,8767;3759261
PAN;North America;Panama;;2013;18979;77,1292;3825333
PAN;North America;Panama;;2014;19855;77,3645;3892100
PAN;North America;Panama;;2015;20723;77,5827;3960034
PAN;North America;Panama;;2016;21445,125;77,7724;4029085
PAN;North America;Panama;;2017;22331,217;77,9011;4098704
PAN;North America;Panama;;2018;22843,75;78,2656;4167860
PAN;North America;Panama;;2019;23218,432;78,5145;4234698
PAN;North America;Panama;;2020;18840,738;76,3302;4293258
PAN;North America;Panama;;2021;21539,07;77,0037;4345410
PAN;North America;Panama;;2022;23557,02;79,3241;4400775
PAN;North America;Panama;;2023;;79,5937;4458758
PNG;Oceania;Papua New Guinea;;1970;;52,1436;2505632
PNG;Oceania;Papua New Guinea;;1971;;52,5935;2566429
PNG;Oceania;Papua New Guinea;;1972;;53,2501;2628436
PNG;Oceania;Papua New Guinea;;1973;;53,8527;2690639
PNG;Oceania;Papua New Guinea;;1974;;54,4411;2752679
PNG;Oceania;Papua New Guinea;;1975;;54,9841;2814827
PNG;Oceania;Papua New Guinea;;1976;;55,5299;2877337
PNG;Oceania;Papua New Guinea;;1977;;56,0497;2940331
PNG;Oceania;Papua New Guinea;;1978;;56,5232;3003718
PNG;Oceania;Papua New Guinea;;1979;;56,9674;3067350
PNG;Oceania;Papua New Guinea;;1980;;57,3905;3131516
PNG;Oceania;Papua New Guinea;;1981;;57,7601;3197030
PNG;Oceania;Papua New Guinea;;1982;;58,0745;3264301
PNG;Oceania;Papua New Guinea;;1983;;58,2938;3333642
PNG;Oceania;Papua New Guinea;;1984;;58,5829;3405200
PNG;Oceania;Papua New Guinea;;1985;;58,8039;3478945
PNG;Oceania;Papua New Guinea;;1986;;59,0174;3554802
PNG;Oceania;Papua New Guinea;;1987;;59,2319;3632546
PNG;Oceania;Papua New Guinea;;1988;;59,3806;3711894
PNG;Oceania;Papua New Guinea;;1989;;59,5977;3796088
PNG;Oceania;Papua New Guinea;;1990;;59,778;3896482
PNG;Oceania;Papua New Guinea;;1991;;59,94;4021840
PNG;Oceania;Papua New Guinea;;1992;;60,2603;4166702
PNG;Oceania;Papua New Guinea;;1993;;60,4658;4320880
PNG;Oceania;Papua New Guinea;;1994;;60,7258;4480210
PNG;Oceania;Papua New Guinea;;1995;;60,9288;4644282
PNG;Oceania;Papua New Guinea;;1996;;61,0705;4813363
PNG;Oceania;Papua New Guinea;;1997;;61,2697;4987887
PNG;Oceania;Papua New Guinea;;1998;;60,4348;5166390
PNG;Oceania;Papua New Guinea;;1999;;61,5053;5349333
PNG;Oceania;Papua New Guinea;;2000;;61,6091;5537068
PNG;Oceania;Papua New Guinea;;2001;;61,6465;5728444
PNG;Oceania;Papua New Guinea;;2002;;61,6432;5924010
PNG;Oceania;Papua New Guinea;;2003;;61,741;6124005
PNG;Oceania;Papua New Guinea;;2004;;61,7954;6328042
PNG;Oceania;Papua New Guinea;;2005;;61,8678;6535905
PNG;Oceania;Papua New Guinea;;2006;;62,018;6747724
PNG;Oceania;Papua New Guinea;;2007;;62,2111;6963353
PNG;Oceania;Papua New Guinea;;2008;;62,5106;7183002
PNG;Oceania;Papua New Guinea;;2009;;62,7722;7406442
PNG;Oceania;Papua New Guinea;;2010;;63,0557;7633524
PNG;Oceania;Papua New Guinea;;2011;;63,3819;7859349
PNG;Oceania;Papua New Guinea;;2012;;63,6389;8081396
PNG;Oceania;Papua New Guinea;;2013;;63,9267;8302700
PNG;Oceania;Papua New Guinea;;2014;;64,1977;8523440
PNG;Oceania;Papua New Guinea;;2015;;64,473;8743247
PNG;Oceania;Papua New Guinea;;2016;;64,7;8961717
PNG;Oceania;Papua New Guinea;;2017;;64,9229;9178717
PNG;Oceania;Papua New Guinea;;2018;;65,1139;9394518
PNG;Oceania;Papua New Guinea;;2019;;65,3306;9609014
PNG;Oceania;Papua New Guinea;;2020;;65,075;9815743
PNG;Oceania;Papua New Guinea;;2021;;64,3577;10012898
PNG;Oceania;Papua New Guinea;;2022;;65,2736;10203177
PNG;Oceania;Papua New Guinea;;2023;;66,134;10389638
PRY;South America;Paraguay;;1970;2825;62,5541;2388030
PRY;South America;Paraguay;;1971;2906;62,726;2442540
PRY;South America;Paraguay;;1972;3017;62,8898;2499885
PRY;South America;Paraguay;;1973;3150;63,0593;2561103
PRY;South America;Paraguay;;1974;3319;63,2309;2625622
PRY;South America;Paraguay;;1975;3464;63,4348;2691649
PRY;South America;Paraguay;;1976;3629;63,6535;2758844
PRY;South America;Paraguay;;1977;3945;63,86;2827876
PRY;South America;Paraguay;;1978;4302;64,078;2899268
PRY;South America;Paraguay;;1979;4693;64,2977;2973967
PRY;South America;Paraguay;;1980;5113;64,5531;3053239
PRY;South America;Paraguay;;1981;5424;64,8111;3137611
PRY;South America;Paraguay;;1982;5230;65,0762;3226195
PRY;South America;Paraguay;;1983;4935;65,2928;3318075
PRY;South America;Paraguay;;1984;4945;65,6089;3412939
PRY;South America;Paraguay;;1985;4994;65,8934;3510678
PRY;South America;Paraguay;;1986;4854;66,1725;3611474
PRY;South America;Paraguay;;1987;4919;66,4545;3714892
PRY;South America;Paraguay;;1988;5082;66,7095;3820551
PRY;South America;Paraguay;;1989;5222;66,9222;3927802
PRY;South America;Paraguay;;1990;5230;67,3405;4035752
PRY;South America;Paraguay;;1991;5224,3;67,6758;4144370
PRY;South America;Paraguay;;1992;5186,564;67,9609;4253608
PRY;South America;Paraguay;;1993;5270,8994;68,2336;4362706
PRY;South America;Paraguay;;1994;5305,5005;68,5039;4471423
PRY;South America;Paraguay;;1995;5463,623;68,7775;4579803
PRY;South America;Paraguay;;1996;5360,743;69,0504;4687540
PRY;South America;Paraguay;;1997;5399,426;69,2835;4794415
PRY;South America;Paraguay;;1998;5321,9194;69,5075;4900028
PRY;South America;Paraguay;;1999;5150,4087;69,7739;5003139
PRY;South America;Paraguay;;2000;4896,4297;70,0259;5100875
PRY;South America;Paraguay;;2001;4918,046;70,2808;5187690
PRY;South America;Paraguay;;2002;5571,4272;70,5393;5261334
PRY;South America;Paraguay;;2003;5726,99;70,7949;5326437
PRY;South America;Paraguay;;2004;5876,66;71,054;5388181
PRY;South America;Paraguay;;2005;5922,791;71,3174;5448100
PRY;South America;Paraguay;;2006;6128,6426;71,5837;5505145
PRY;South America;Paraguay;;2007;6383,4854;71,8173;5559385
PRY;South America;Paraguay;;2008;6713,0303;72,0475;5613577
PRY;South America;Paraguay;;2009;6376,9414;72,2821;5671243
PRY;South America;Paraguay;;2010;7139,027;72,5506;5737973
PRY;South America;Paraguay;;2011;7377;72,7875;5814632
PRY;South America;Paraguay;;2012;7232,376;73,1046;5897011
PRY;South America;Paraguay;;2013;7735,565;73,2916;5982447
PRY;South America;Paraguay;;2014;8047,5933;73,4145;6069819
PRY;South America;Paraguay;;2015;8188,404;73,4535;6159106
PRY;South America;Paraguay;;2016;8438,709;73,4865;6249129
PRY;South America;Paraguay;;2017;8741,245;73,4495;6338658
PRY;South America;Paraguay;;2018;8915,669;73,6271;6427382
PRY;South America;Paraguay;;2019;8776,076;73,6681;6515059
PRY;South America;Paraguay;;2020;8603,079;72,7197;6603741
PRY;South America;Paraguay;;2021;8845,659;68,1081;6684184
PRY;South America;Paraguay;;2022;8762,771;72,3185;6760460
PRY;South America;Paraguay;;2023;;73,8443;6844150
PER;South America;Peru;;1970;6143;47,7285;13501237
PER;South America;Peru;;1971;6242;56,4927;13838069
PER;South America;Peru;;1972;6264;56,9892;14210147
PER;South America;Peru;;1973;6413;57,3326;14582864
PER;South America;Peru;;1974;6566;57,7688;14956554
PER;South America;Peru;;1975;6896;58,2048;15333955
PER;South America;Peru;;1976;6808;58,57;15716814
PER;South America;Peru;;1977;6626;58,895;16109808
PER;South America;Peru;;1978;6454;59,2606;16516061
PER;South America;Peru;;1979;6664;59,6245;16933143
PER;South America;Peru;;1980;6795;59,9817;17360955
PER;South America;Peru;;1981;6921;60,3252;17798803
PER;South America;Peru;;1982;6770;60,5592;18246506
PER;South America;Peru;;1983;5729;60,7642;18705961
PER;South America;Peru;;1984;5859;61,0658;19174717
PER;South America;Peru;;1985;5844;61,7103;19648212
PER;South America;Peru;;1986;6290;62,1542;20117127
PER;South America;Peru;;1987;6682;62,5443;20582325
PER;South America;Peru;;1988;6003;62,9946;21054704
PER;South America;Peru;;1989;5160;63,4049;21532587
PER;South America;Peru;;1990;4795;63,9791;22014772
PER;South America;Peru;;1991;4812,212;64,248;22483784
PER;South America;Peru;;1992;4698,483;65,0311;22946345
PER;South America;Peru;;1993;4857,021;65,7319;23413783
PER;South America;Peru;;1994;5361,423;66,5439;23881497
PER;South America;Peru;;1995;5668,0327;67,2196;24348922
PER;South America;Peru;;1996;5739,79;67,8499;24811174
PER;South America;Peru;;1997;6027,8164;68,3241;25274149
PER;South America;Peru;;1998;5926,733;68,724;25738101
PER;South America;Peru;;1999;5945,1953;69,302;26186499
PER;South America;Peru;;2000;6038,2446;69,821;26598328
PER;South America;Peru;;2001;6010,225;70,315;26964610
PER;South America;Peru;;2002;6274,4185;70,8147;27288211
PER;South America;Peru;;2003;6472,341;71,2777;27580485
PER;South America;Peru;;2004;6731,005;71,4467;27852190
PER;South America;Peru;;2005;7091,1333;71,9882;28101175
PER;South America;Peru;;2006;7560,897;72,3365;28324488
PER;South America;Peru;;2007;8138,3647;72,7463;28530704
PER;South America;Peru;;2008;8812,618;72,7426;28719038
PER;South America;Peru;;2009;8836,017;72,6311;28896819
PER;South America;Peru;;2010;9507,78;72,8858;29086021
PER;South America;Peru;;2011;10044;73,327;29304083
PER;South America;Peru;;2012;10605,589;73,9792;29550367
PER;South America;Peru;;2013;11173,4375;74,5905;29817908
PER;South America;Peru;;2014;11389,862;75,26;30115825
PER;South America;Peru;;2015;11713,57;75,7316;30457598
PER;South America;Peru;;2016;12132,035;75,9508;30866497
PER;South America;Peru;;2017;12390,033;75,9576;31324639
PER;South America;Peru;;2018;12677,875;76,018;31897590
PER;South America;Peru;;2019;12680,354;76,2749;32449302
PER;South America;Peru;;2020;11136,991;73,8315;32838577
PER;South America;Peru;;2021;12550,461;71,5962;33155883
PER;South America;Peru;;2022;12762,967;76,834;33475436
PER;South America;Peru;;2023;;77,7401;33845616
PHL;Asia;Philippines;;1970;2812;60,8273;37622203
PHL;Asia;Philippines;;1971;2882;61,0649;38518656
PHL;Asia;Philippines;;1972;2954;60,9112;39408560
PHL;Asia;Philippines;;1973;3131;60,7413;40294126
PHL;Asia;Philippines;;1974;3154;60,816;41174338
PHL;Asia;Philippines;;1975;3241;60,9044;42120830
PHL;Asia;Philippines;;1976;3430;60,8693;43201486
PHL;Asia;Philippines;;1977;3524;61,4308;44367965
PHL;Asia;Philippines;;1978;3606;61,5312;45575286
PHL;Asia;Philippines;;1979;3703;61,7273;46807104
PHL;Asia;Philippines;;1980;3787;61,8844;48043744
PHL;Asia;Philippines;;1981;3819;61,9424;49311730
PHL;Asia;Philippines;;1982;3859;62,1749;50695715
PHL;Asia;Philippines;;1983;3837;62,3486;52194624
PHL;Asia;Philippines;;1984;3469;62,4256;53726187
PHL;Asia;Philippines;;1985;3135;62,7353;55213007
PHL;Asia;Philippines;;1986;3161;62,8746;56645083
PHL;Asia;Philippines;;1987;3218;63,2987;58157496
PHL;Asia;Philippines;;1988;3355;63,7108;59739056
PHL;Asia;Philippines;;1989;3481;64,1054;61265259
PHL;Asia;Philippines;;1990;3502;64,3825;62854668
PHL;Asia;Philippines;;1991;3432,5828;64,6224;64382249
PHL;Asia;Philippines;;1992;3399,2427;65,353;65926130
PHL;Asia;Philippines;;1993;3427,1294;65,6614;67530621
PHL;Asia;Philippines;;1994;3529,0073;65,9998;69019297
PHL;Asia;Philippines;;1995;3637,6255;66,311;70546245
PHL;Asia;Philippines;;1996;3790,7788;66,691;72190237
PHL;Asia;Philippines;;1997;3928,0144;66,9939;73908813
PHL;Asia;Philippines;;1998;3852,6328;67,2122;75791031
PHL;Asia;Philippines;;1999;3917,0886;67,5027;77753256
PHL;Asia;Philippines;;2000;4033,5608;67,7892;79625401
PHL;Asia;Philippines;;2001;4090,2183;67,8286;81401488
PHL;Asia;Philippines;;2002;4181,376;67,886;83068889
PHL;Asia;Philippines;;2003;4333,214;68,0491;84731836
PHL;Asia;Philippines;;2004;4562,5024;68,3007;86394510
PHL;Asia;Philippines;;2005;4721,0005;68,4231;88015959
PHL;Asia;Philippines;;2006;4908,6167;68,1723;89508992
PHL;Asia;Philippines;;2007;5172,662;68,549;91075180
PHL;Asia;Philippines;;2008;5328,6826;68,6432;92699091
PHL;Asia;Philippines;;2009;5338,306;68,6311;94384256
PHL;Asia;Philippines;;2010;5694,047;68,8833;96337127
PHL;Asia;Philippines;;2011;5851;69,0963;98248614
PHL;Asia;Philippines;;2012;6155,8296;69,2375;100175511
PHL;Asia;Philippines;;2013;6465,518;69,2828;102076334
PHL;Asia;Philippines;;2014;6760,7627;69,3106;103767127
PHL;Asia;Philippines;;2015;7070,4756;69,4501;105312988
PHL;Asia;Philippines;;2016;7463,518;69,4896;106735721
PHL;Asia;Philippines;;2017;7865,815;69,9661;108119691
PHL;Asia;Philippines;;2018;8234,928;69,7615;109465284
PHL;Asia;Philippines;;2019;8602,1455;69,6804;110804685
PHL;Asia;Philippines;;2020;7624,4136;70,0974;112081270
PHL;Asia;Philippines;;2021;7894,1777;66,6755;113100947
PHL;Asia;Philippines;;2022;8370,666;69,4723;113964343
PHL;Asia;Philippines;;2023;;69,8327;114891199
POL;Europe;Poland;;1970;7058;69,5572;32542639
POL;Europe;Poland;;1971;7503;69,8261;32771298
POL;Europe;Poland;;1972;7986;70,1409;33041993
POL;Europe;Poland;;1973;8512;70,6986;33333275
POL;Europe;Poland;;1974;8928;70,6625;33642463
POL;Europe;Poland;;1975;9258;70,6308;33964400
POL;Europe;Poland;;1976;9397;70,403;34296611
POL;Europe;Poland;;1977;9483;70,3284;34628513
POL;Europe;Poland;;1978;9741;70,3784;34934216
POL;Europe;Poland;;1979;9471;70,249;35248382
POL;Europe;Poland;;1980;9149;70,4785;35576518
POL;Europe;Poland;;1981;8584;70,6086;35900913
POL;Europe;Poland;;1982;8429;70,9149;36233465
POL;Europe;Poland;;1983;8764;70,809;36573700
POL;Europe;Poland;;1984;9006;70,6022;36905795
POL;Europe;Poland;;1985;9022;70,531;37200850
POL;Europe;Poland;;1986;9240;70,5536;37452612
POL;Europe;Poland;;1987;9059;70,7694;37665710
POL;Europe;Poland;;1988;9228;70,8229;37817863
POL;Europe;Poland;;1989;9060;70,8161;37938086
POL;Europe;Poland;;1990;8150;70,606;38055448
POL;Europe;Poland;;1991;7625,843;70,653;38152947
POL;Europe;Poland;;1992;7873,925;70,8996;38233636
POL;Europe;Poland;;1993;8229,529;71,3445;38294882
POL;Europe;Poland;;1994;8721,827;71,6825;38344312
POL;Europe;Poland;;1995;9408,274;71,9588;38364668
POL;Europe;Poland;;1996;10066,171;72,2531;38359164
POL;Europe;Poland;;1997;10811,274;72,5915;38348307
POL;Europe;Poland;;1998;11413,256;72,8465;38326431
POL;Europe;Poland;;1999;12058,42;73,2237;38287717
POL;Europe;Poland;;2000;12732,167;73,6453;38258077
POL;Europe;Poland;;2001;13017,584;74,1771;38247359
POL;Europe;Poland;;2002;13415,571;74,5183;38229407
POL;Europe;Poland;;2003;14035,637;74,7716;38203527
POL;Europe;Poland;;2004;14906,094;74,9434;38167568
POL;Europe;Poland;;2005;15580,937;75,127;38124377
POL;Europe;Poland;;2006;16711,447;75,2504;38071169
POL;Europe;Poland;;2007;18067,428;75,4143;38020420
POL;Europe;Poland;;2008;19011,547;75,5829;37995902
POL;Europe;Poland;;2009;19718,465;75,9063;38002153
POL;Europe;Poland;;2010;20608,693;76,2823;38095356
POL;Europe;Poland;;2011;21837;76,5683;38208644
POL;Europe;Poland;;2012;22169,826;76,7748;38247867
POL;Europe;Poland;;2013;22378,305;77,0758;38259267
POL;Europe;Poland;;2014;23247,818;77,312;38265113
POL;Europe;Poland;;2015;24285,14;77,5894;38266314
POL;Europe;Poland;;2016;25020,621;77,6395;38263260
POL;Europe;Poland;;2017;26310,113;77,7155;38254964
POL;Europe;Poland;;2018;27880,836;77,6232;38241070
POL;Europe;Poland;;2019;29142,023;77,9213;38225884
POL;Europe;Poland;;2020;28577,14;76,5951;38171005
POL;Europe;Poland;;2021;30687,662;75,6387;38040303
POL;Europe;Poland;;2022;32468,402;77,9229;38385734
POL;Europe;Poland;;2023;;78,6329;38762847
PRT;Europe;Portugal;;1970;8724;67,0549;8669523
PRT;Europe;Portugal;;1971;9358;66,8477;8685587
PRT;Europe;Portugal;;1972;10130;69,1574;8815590
PRT;Europe;Portugal;;1973;11258;68,6011;8939234
PRT;Europe;Portugal;;1974;11234;69,1206;9059175
PRT;Europe;Portugal;;1975;10388;68,843;9182303
PRT;Europe;Portugal;;1976;10861;69,1006;9310263
PRT;Europe;Portugal;;1977;11422;70,3425;9438170
PRT;Europe;Portugal;;1978;11700;70,7953;9556397
PRT;Europe;Portugal;;1979;12326;71,6056;9663303
PRT;Europe;Portugal;;1980;12822;71,6633;9763622
PRT;Europe;Portugal;;1981;12934;71,89;9837588
PRT;Europe;Portugal;;1982;13198;72,6984;9885845
PRT;Europe;Portugal;;1983;13158;72,6539;9925257
PRT;Europe;Portugal;;1984;12894;72,9342;9956893
PRT;Europe;Portugal;;1985;13240;73,2157;9979475
PRT;Europe;Portugal;;1986;13774;73,6474;9993097
PRT;Europe;Portugal;;1987;14641;74,0634;10001990
PRT;Europe;Portugal;;1988;15729;74,0861;10004588
PRT;Europe;Portugal;;1989;16533;74,6653;10001380
PRT;Europe;Portugal;;1990;17256;74,3043;9989526
PRT;Europe;Portugal;;1991;17949,809;74,2406;9969181
PRT;Europe;Portugal;;1992;18598,527;74,8705;9960345
PRT;Europe;Portugal;;1993;18519,934;74,7615;9972341
PRT;Europe;Portugal;;1994;18819,027;75,7296;9998487
PRT;Europe;Portugal;;1995;19262,031;75,5498;10031756
PRT;Europe;Portugal;;1996;19939,31;75,4758;10067655
PRT;Europe;Portugal;;1997;20810,178;75,9221;10110548
PRT;Europe;Portugal;;1998;21782,12;76,1161;10159524
PRT;Europe;Portugal;;1999;22589,922;76,3218;10214877
PRT;Europe;Portugal;;2000;23372,041;76,8301;10283196
PRT;Europe;Portugal;;2001;23751,371;77,1517;10354329
PRT;Europe;Portugal;;2002;23896,459;77,3698;10413045
PRT;Europe;Portugal;;2003;23677,52;77,5828;10454246
PRT;Europe;Portugal;;2004;24142,766;78,4274;10481386
PRT;Europe;Portugal;;2005;24377,95;78,3169;10502993
PRT;Europe;Portugal;;2006;24809,04;79,0894;10524123
PRT;Europe;Portugal;;2007;25477,205;79,3087;10546822
PRT;Europe;Portugal;;2008;25590,88;79,6026;10564086
PRT;Europe;Portugal;;2009;24902,457;79,8295;10576265
PRT;Europe;Portugal;;2010;25463,164;80,1149;10578659
PRT;Europe;Portugal;;2011;25133;80,5822;10557050
PRT;Europe;Portugal;;2012;24211,438;80,5549;10513155
PRT;Europe;Portugal;;2013;24119,96;80,9029;10458287
PRT;Europe;Portugal;;2014;24442,387;81,3135;10406203
PRT;Europe;Portugal;;2015;24983,701;81,3213;10370264
PRT;Europe;Portugal;;2016;25568,695;81,3636;10346377
PRT;Europe;Portugal;;2017;26529,986;81,6605;10330838
PRT;Europe;Portugal;;2018;27329,69;81,5915;10325355
PRT;Europe;Portugal;;2019;28056,057;81,9587;10343218
PRT;Europe;Portugal;;2020;25700,283;81,3664;10370519
PRT;Europe;Portugal;;2021;27138,479;81,3978;10390957
PRT;Europe;Portugal;;2022;28992,059;81,1936;10417074
PRT;Europe;Portugal;;2023;;82,3599;10430735
PRI;North America;Puerto Rico;;1970;10117;70,3515;2734424
PRI;North America;Puerto Rico;;1971;10587;71,084;2777971
PRI;North America;Puerto Rico;;1972;11046;70,813;2824367
PRI;North America;Puerto Rico;;1973;11639;70,9492;2871132
PRI;North America;Puerto Rico;;1974;11552;71,3236;2918199
PRI;North America;Puerto Rico;;1975;11073;71,9634;2966108
PRI;North America;Puerto Rico;;1976;11308;72,0802;3014962
PRI;North America;Puerto Rico;;1977;11832;72,4013;3064450
PRI;North America;Puerto Rico;;1978;12463;72,5279;3114154
PRI;North America;Puerto Rico;;1979;13012;72,7183;3165034
PRI;North America;Puerto Rico;;1980;13040;73,1014;3213679
PRI;North America;Puerto Rico;;1981;13061;72,9813;3256568
PRI;North America;Puerto Rico;;1982;12511;72,9494;3295926
PRI;North America;Puerto Rico;;1983;12428;73,3748;3332652
PRI;North America;Puerto Rico;;1984;13201;73,4271;3367197
PRI;North America;Puerto Rico;;1985;13345;72,6333;3399311
PRI;North America;Puerto Rico;;1986;14304;73,2715;3428773
PRI;North America;Puerto Rico;;1987;14870;73,4021;3457138
PRI;North America;Puerto Rico;;1988;15701;73,1528;3485070
PRI;North America;Puerto Rico;;1989;16332;72,4793;3512010
PRI;North America;Puerto Rico;;1990;16799;72,8274;3541046
PRI;North America;Puerto Rico;;1991;17332,18;73,8766;3573669
PRI;North America;Puerto Rico;;1992;18290,732;73,3872;3606393
PRI;North America;Puerto Rico;;1993;19278,627;73,309;3637207
PRI;North America;Puerto Rico;;1994;20213,115;73,6218;3666079
PRI;North America;Puerto Rico;;1995;21267,377;73,5707;3693594
PRI;North America;Puerto Rico;;1996;21856,018;73,9948;3719955
PRI;North America;Puerto Rico;;1997;23069,027;74,6738;3745583
PRI;North America;Puerto Rico;;1998;24586,223;74,5557;3770561
PRI;North America;Puerto Rico;;1999;26186,299;75,2783;3794479
PRI;North America;Puerto Rico;;2000;27392,459;75,5141;3809868
PRI;North America;Puerto Rico;;2001;29517,049;75,9715;3813009
PRI;North America;Puerto Rico;;2002;30218,014;76,8192;3810715
PRI;North America;Puerto Rico;;2003;30688,102;76,9406;3806043
PRI;North America;Puerto Rico;;2004;32110,838;76,9129;3798659
PRI;North America;Puerto Rico;;2005;32013,541;76,7028;3788412
PRI;North America;Puerto Rico;;2006;32195,16;77,5612;3776220
PRI;North America;Puerto Rico;;2007;32511,115;77,6595;3763089
PRI;North America;Puerto Rico;;2008;32604,09;78,1105;3749130
PRI;North America;Puerto Rico;;2009;32648,104;78,3772;3735014
PRI;North America;Puerto Rico;;2010;33195,44;78,7174;3714834
PRI;North America;Puerto Rico;;2011;33981;78,7656;3683711
PRI;North America;Puerto Rico;;2012;34395;79,2584;3646423
PRI;North America;Puerto Rico;;2013;34736;80,3181;3606773
PRI;North America;Puerto Rico;;2014;34787;80,0391;3565367
PRI;North America;Puerto Rico;;2015;35384;80,6775;3521811
PRI;North America;Puerto Rico;;2016;35594,523;80,3547;3476008
PRI;North America;Puerto Rico;;2017;35248,4;79,07;3371878
PRI;North America;Puerto Rico;;2018;34190,11;81,0859;3290068
PRI;North America;Puerto Rico;;2019;35041,33;81,4383;3288027
PRI;North America;Puerto Rico;;2020;33787,4;80,009;3275800
PRI;North America;Puerto Rico;;2021;34095,492;79,7698;3253210
PRI;North America;Puerto Rico;;2022;35280,668;79,4269;3240972
PRI;North America;Puerto Rico;;2023;;81,6902;3242022
QAT;Asia;Qatar;;1970;51921;64,8893;116370
QAT;Asia;Qatar;;1971;59731;65,4899;131356
QAT;Asia;Qatar;;1972;62416;66,0704;146518
QAT;Asia;Qatar;;1973;68407;66,6288;161854
QAT;Asia;Qatar;;1974;57594;67,165;177372
QAT;Asia;Qatar;;1975;54866;67,6789;193103
QAT;Asia;Qatar;;1976;55169;68,1723;209067
QAT;Asia;Qatar;;1977;45999;68,6395;225298
QAT;Asia;Qatar;;1978;47072;69,0833;241820
QAT;Asia;Qatar;;1979;45806;69,5073;258678
QAT;Asia;Qatar;;1980;45860;69,9151;275923
QAT;Asia;Qatar;;1981;37307;70,3131;293561
QAT;Asia;Qatar;;1982;29046;70,7041;311544
QAT;Asia;Qatar;;1983;23146;71,0888;329720
QAT;Asia;Qatar;;1984;20354;71,465;347894
QAT;Asia;Qatar;;1985;16558;71,8311;365950
QAT;Asia;Qatar;;1986;12881;72,1844;382426
QAT;Asia;Qatar;;1987;12819;72,5201;397012
QAT;Asia;Qatar;;1988;12492;72,8356;411273
QAT;Asia;Qatar;;1989;12137;73,1313;425658
QAT;Asia;Qatar;;1990;11705;73,4048;440184
QAT;Asia;Qatar;;1991;12417,643;73,6537;454860
QAT;Asia;Qatar;;1992;15042,123;73,8757;469657
QAT;Asia;Qatar;;1993;16221,046;74,0708;484553
QAT;Asia;Qatar;;1994;17955,314;74,2445;499469
QAT;Asia;Qatar;;1995;19959,703;74,4041;514334
QAT;Asia;Qatar;;1996;22395,264;74,5577;529024
QAT;Asia;Qatar;;1997;30989,15;74,7128;550511
QAT;Asia;Qatar;;1998;36448,055;74,8721;580543
QAT;Asia;Qatar;;1999;40135,176;75,0483;612510
QAT;Asia;Qatar;;2000;45788,12;75,25;644993
QAT;Asia;Qatar;;2001;50525,707;75,4858;677934
QAT;Asia;Qatar;;2002;57541,1;75,7655;711215
QAT;Asia;Qatar;;2003;62234,215;76,0975;744690
QAT;Asia;Qatar;;2004;74372,93;76,4839;773341
QAT;Asia;Qatar;;2005;76808,42;76,9088;825419
QAT;Asia;Qatar;;2006;90120,92;77,3226;972841
QAT;Asia;Qatar;;2007;97912,69;77,7413;1208601
QAT;Asia;Qatar;;2008;107402,055;78,2618;1426942
QAT;Asia;Qatar;;2009;115283,414;78,8371;1586052
QAT;Asia;Qatar;;2010;134802,78;79,4438;1709238
QAT;Asia;Qatar;;2011;155533;79,9943;1810960
QAT;Asia;Qatar;;2012;154339,81;80,4994;1907122
QAT;Asia;Qatar;;2013;155657,12;80,9735;2032650
QAT;Asia;Qatar;;2014;157712,9;81,3955;2218378
QAT;Asia;Qatar;;2015;159800,19;81,785;2427340
QAT;Asia;Qatar;;2016;160051,23;82,1472;2599382
QAT;Asia;Qatar;;2017;153819,11;82,4583;2706716
QAT;Asia;Qatar;;2018;152453,81;82,7136;2761144
QAT;Asia;Qatar;;2019;150732,22;82,9454;2797927
QAT;Asia;Qatar;;2020;143118,53;80,4095;2803375
QAT;Asia;Qatar;;2021;143468,75;81,083;2814988
QAT;Asia;Qatar;;2022;149171,11;81,8566;2892466
QAT;Asia;Qatar;;2023;;82,368;2979086
REU;Africa;Reunion;;1970;;63,2043;469093
REU;Africa;Reunion;;1971;;63,7286;477605
REU;Africa;Reunion;;1972;;64,2451;486041
REU;Africa;Reunion;;1973;;64,7737;494467
REU;Africa;Reunion;;1974;;65,3542;502831
REU;Africa;Reunion;;1975;;66,0194;511312
REU;Africa;Reunion;;1976;;66,6982;519939
REU;Africa;Reunion;;1977;;67,4099;528572
REU;Africa;Reunion;;1978;;68,1077;537090
REU;Africa;Reunion;;1979;;68,8194;545377
REU;Africa;Reunion;;1980;;69,3718;553140
REU;Africa;Reunion;;1981;;70,2304;560990
REU;Africa;Reunion;;1982;;70,9633;569641
REU;Africa;Reunion;;1983;;71,571;579248
REU;Africa;Reunion;;1984;;72,1823;589691
REU;Africa;Reunion;;1985;;72,5814;600421
REU;Africa;Reunion;;1986;;73,0093;610887
REU;Africa;Reunion;;1987;;73,2526;621110
REU;Africa;Reunion;;1988;;73,6227;631264
REU;Africa;Reunion;;1989;;73,8573;641494
REU;Africa;Reunion;;1990;;74,1895;652573
REU;Africa;Reunion;;1991;;74,4728;664459
REU;Africa;Reunion;;1992;;74,7866;676431
REU;Africa;Reunion;;1993;;75,0373;688101
REU;Africa;Reunion;;1994;;75,409;699373
REU;Africa;Reunion;;1995;;75,7109;710463
REU;Africa;Reunion;;1996;;76,0275;721455
REU;Africa;Reunion;;1997;;76,3375;732714
REU;Africa;Reunion;;1998;;76,621;744075
REU;Africa;Reunion;;1999;;76,8402;754119
REU;Africa;Reunion;;2000;;77,0091;763148
REU;Africa;Reunion;;2001;;77,145;772242
REU;Africa;Reunion;;2002;;77,3519;781307
REU;Africa;Reunion;;2003;;77,5633;790570
REU;Africa;Reunion;;2004;;77,7493;797012
REU;Africa;Reunion;;2005;;77,9525;800227
REU;Africa;Reunion;;2006;;78,344;806686
REU;Africa;Reunion;;2007;;78,9305;818729
REU;Africa;Reunion;;2008;;79,5018;830496
REU;Africa;Reunion;;2009;;80,0348;838473
REU;Africa;Reunion;;2010;;80,474;844480
REU;Africa;Reunion;;2011;;80,9732;846790
REU;Africa;Reunion;;2012;;81,3486;845062
REU;Africa;Reunion;;2013;;81,6204;847600
REU;Africa;Reunion;;2014;;81,7762;858677
REU;Africa;Reunion;;2015;;81,9118;865016
REU;Africa;Reunion;;2016;;82,0281;862861
REU;Africa;Reunion;;2017;;82,1273;858761
REU;Africa;Reunion;;2018;;82,198;856946
REU;Africa;Reunion;;2019;;82,3179;857327
REU;Africa;Reunion;;2020;;82,5765;861452
REU;Africa;Reunion;;2021;;81,5003;868085
REU;Africa;Reunion;;2022;;81,5;871543
REU;Africa;Reunion;;2023;;83,5472;874883
ROU;Europe;Romania;;1970;4547,4023;67,9295;20011626
ROU;Europe;Romania;;1971;5134,1865;68,4097;20293487
ROU;Europe;Romania;;1972;5413,418;68,9768;20555577
ROU;Europe;Romania;;1973;5541,7134;68,7008;20798323
ROU;Europe;Romania;;1974;5796,996;69,5175;21033562
ROU;Europe;Romania;;1975;5995,4507;69,5985;21268070
ROU;Europe;Romania;;1976;6243,1465;69,8993;21497684
ROU;Europe;Romania;;1977;6322,24;69,4673;21700176
ROU;Europe;Romania;;1978;6476,1567;69,78;21868064
ROU;Europe;Romania;;1979;6612,0225;69,4605;22019627
ROU;Europe;Romania;;1980;6591,6367;69,2489;22154776
ROU;Europe;Romania;;1981;6514,127;69,5058;22272788
ROU;Europe;Romania;;1982;6490,4365;69,7992;22374447
ROU;Europe;Romania;;1983;6418,194;69,8198;22459213
ROU;Europe;Romania;;1984;6659,454;69,9066;22534002
ROU;Europe;Romania;;1985;6628,6064;69,4069;22605815
ROU;Europe;Romania;;1986;6718,445;69,7178;22674739
ROU;Europe;Romania;;1987;6551,899;69,0527;22745589
ROU;Europe;Romania;;1988;6511,956;69,3887;22815435
ROU;Europe;Romania;;1989;6281,1543;69,5461;22887645
ROU;Europe;Romania;;1990;5596;69,8412;22939530
ROU;Europe;Romania;;1991;5033,141;70,0455;22947416
ROU;Europe;Romania;;1992;4818,304;69,5063;22912389
ROU;Europe;Romania;;1993;5055,917;69,512;22842257
ROU;Europe;Romania;;1994;5427,071;69,3255;22756247
ROU;Europe;Romania;;1995;6014,69;69,323;22657722
ROU;Europe;Romania;;1996;6476,4746;68,8211;22541915
ROU;Europe;Romania;;1997;6446,418;69,0857;22411511
ROU;Europe;Romania;;1998;6407,467;69,8918;22284901
ROU;Europe;Romania;;1999;6613,933;70,5814;22166156
ROU;Europe;Romania;;2000;7089,9463;71,1594;22046264
ROU;Europe;Romania;;2001;7860,4434;71,1223;21919916
ROU;Europe;Romania;;2002;8673,619;70,8348;21770020
ROU;Europe;Romania;;2003;9369,233;70,8189;21593448
ROU;Europe;Romania;;2004;10531,172;71,0957;21403215
ROU;Europe;Romania;;2005;11313,822;71,5808;21213395
ROU;Europe;Romania;;2006;12823,231;72,1693;21035732
ROU;Europe;Romania;;2007;14418,83;72,7922;20870714
ROU;Europe;Romania;;2008;16347,344;73,2158;20718745
ROU;Europe;Romania;;2009;15866,127;73,457;20576922
ROU;Europe;Romania;;2010;16377,328;73,5793;20432575
ROU;Europe;Romania;;2011;17174;74,2877;20282009
ROU;Europe;Romania;;2012;17580,932;74,314;20158451
ROU;Europe;Romania;;2013;17691,443;74,9179;20062913
ROU;Europe;Romania;;2014;18487,26;74,7654;19968179
ROU;Europe;Romania;;2015;19162,186;74,7371;19871018
ROU;Europe;Romania;;2016;19825,604;75,0209;19777049
ROU;Europe;Romania;;2017;23003,695;75,0236;19689405
ROU;Europe;Romania;;2018;24000,455;75,1033;19597874
ROU;Europe;Romania;;2019;23267,516;75,3288;19501542
ROU;Europe;Romania;;2020;24799,71;74,0464;19392467
ROU;Europe;Romania;;2021;26102,588;72,7405;19248159
ROU;Europe;Romania;;2022;26197,904;75,2614;19166776
ROU;Europe;Romania;;2023;;75,9381;19118482
RUS;Europe;Russia;;1970;9234;68,7083;130367188
RUS;Europe;Russia;;1971;9567;68,9245;130987110
RUS;Europe;Russia;;1972;9785;68,8452;131726417
RUS;Europe;Russia;;1973;10492;68,9489;132475155
RUS;Europe;Russia;;1974;10801;68,7345;133259155
RUS;Europe;Russia;;1975;11164;68,2644;134136098
RUS;Europe;Russia;;1976;11426;68,1018;135080691
RUS;Europe;Russia;;1977;11692;67,8728;136040974
RUS;Europe;Russia;;1978;11829;67,8128;136979085
RUS;Europe;Russia;;1979;11867;67,5675;137816542
RUS;Europe;Russia;;1980;12204;67,477;138572628
RUS;Europe;Russia;;1981;12274;67,6156;139351496
RUS;Europe;Russia;;1982;12267;68,1408;140247745
RUS;Europe;Russia;;1983;12420;68,0293;141331277
RUS;Europe;Russia;;1984;12379;67,5724;142464238
RUS;Europe;Russia;;1985;12475;68,2995;143569386
RUS;Europe;Russia;;1986;12694;70,024;144807816
RUS;Europe;Russia;;1987;12597;70,0616;146147383
RUS;Europe;Russia;;1988;12720;69,8627;147364493
RUS;Europe;Russia;;1989;12766;69,6868;148281862
RUS;Europe;Russia;;1990;12400;69,2794;148979537
RUS;Europe;Russia;;1991;12012,235;68,997;149448433
RUS;Europe;Russia;;1992;10487,548;67,8426;148915993
RUS;Europe;Russia;;1993;9789,066;65,0389;148135419
RUS;Europe;Russia;;1994;8743,747;63,8225;148200734
RUS;Europe;Russia;;1995;8586,323;63,9945;148291406
RUS;Europe;Russia;;1996;8479,381;65,4488;148084580
RUS;Europe;Russia;;1997;8813,35;66,5938;147853769
RUS;Europe;Russia;;1998;8557,495;66,916;147635543
RUS;Europe;Russia;;1999;9340,029;65,5954;147241973
RUS;Europe;Russia;;2000;10552,885;64,9982;146717784
RUS;Europe;Russia;;2001;11391,194;65,0151;146117290
RUS;Europe;Russia;;2002;12259,477;64,73;145939502
RUS;Europe;Russia;;2003;13521,239;64,715;145794230
RUS;Europe;Russia;;2004;14880,979;65,1489;145180091
RUS;Europe;Russia;;2005;16243,101;65,2185;144597886
RUS;Europe;Russia;;2006;18008,336;66,5458;144102948
RUS;Europe;Russia;;2007;20018,123;67,469;143859767
RUS;Europe;Russia;;2008;21563,463;67,8621;143811837
RUS;Europe;Russia;;2009;20335,559;68,6571;143869128
RUS;Europe;Russia;;2010;21737,385;68,1526;143934468
RUS;Europe;Russia;;2011;23130;69,7255;144043751
RUS;Europe;Russia;;2012;24020,31;70,1165;144291025
RUS;Europe;Russia;;2013;24389,973;70,6403;144604105
RUS;Europe;Russia;;2014;24135,035;70,7978;144925639
RUS;Europe;Russia;;2015;23607,953;71,3449;145307612
RUS;Europe;Russia;;2016;23610,37;71,9101;145778668
RUS;Europe;Russia;;2017;24013,967;72,845;146186798
RUS;Europe;Russia;;2018;24690,082;72,9363;146430146
RUS;Europe;Russia;;2019;25244,12;73,0658;146533063
RUS;Europe;Russia;;2020;24625,385;71,1705;146371295
RUS;Europe;Russia;;2021;26119,947;69,8066;145836172
RUS;Europe;Russia;;2022;25437,107;72,5174;145579889
RUS;Europe;Russia;;2023;;73,1541;145440502
RWA;Africa;Rwanda;;1970;1337;47,1162;3980673
RWA;Africa;Rwanda;;1971;1315;46,7555;4100049
RWA;Africa;Rwanda;;1972;1282;46,3433;4220335
RWA;Africa;Rwanda;;1973;1288;45,9438;4345045
RWA;Africa;Rwanda;;1974;1262;45,5664;4474235
RWA;Africa;Rwanda;;1975;1199;45,3242;4607728
RWA;Africa;Rwanda;;1976;1387;45,312;4745962
RWA;Africa;Rwanda;;1977;1409;45,5794;4888248
RWA;Africa;Rwanda;;1978;1495;46,1654;5035172
RWA;Africa;Rwanda;;1979;1584;47,0868;5189550
RWA;Africa;Rwanda;;1980;1672;48,1223;5353263
RWA;Africa;Rwanda;;1981;1706;49,2161;5527236
RWA;Africa;Rwanda;;1982;1680;50,1881;5711555
RWA;Africa;Rwanda;;1983;1722;50,9439;5905311
RWA;Africa;Rwanda;;1984;1597;51,4449;6107628
RWA;Africa;Rwanda;;1985;1621;51,7042;6317230
RWA;Africa;Rwanda;;1986;1642;51,7059;6531887
RWA;Africa;Rwanda;;1987;1586;51,4655;6749494
RWA;Africa;Rwanda;;1988;1538;50,9137;6968075
RWA;Africa;Rwanda;;1989;1476;49,4846;7184709
RWA;Africa;Rwanda;;1990;1398;47,7629;7375313
RWA;Africa;Rwanda;;1991;1282,2594;46,2429;7526964
RWA;Africa;Rwanda;;1992;1301,689;44,3972;7683266
RWA;Africa;Rwanda;;1993;1110,9209;42,9371;7981142
RWA;Africa;Rwanda;;1994;707,2971;12,1575;6792358
RWA;Africa;Rwanda;;1995;1049,2385;41,5183;5674118
RWA;Africa;Rwanda;;1996;976,4079;42,4858;6708767
RWA;Africa;Rwanda;;1997;932,0059;41,9785;7755237
RWA;Africa;Rwanda;;1998;950,38947;43,0985;8081688
RWA;Africa;Rwanda;;1999;975,83594;45,7487;8147917
RWA;Africa;Rwanda;;2000;1023,6182;47,7977;8213936
RWA;Africa;Rwanda;;2001;1067,2347;49,4897;8287091
RWA;Africa;Rwanda;;2002;1154,1061;51,262;8400185
RWA;Africa;Rwanda;;2003;1130,0414;53,5291;8586878
RWA;Africa;Rwanda;;2004;1159,0281;55,5204;8816849
RWA;Africa;Rwanda;;2005;1210,5105;56,9683;9054532
RWA;Africa;Rwanda;;2006;1261,7609;58,3422;9299251
RWA;Africa;Rwanda;;2007;1291,1934;59,5041;9549940
RWA;Africa;Rwanda;;2008;1364,745;60,6407;9804268
RWA;Africa;Rwanda;;2009;1384,2589;61,8128;10060438
RWA;Africa;Rwanda;;2010;1416,3923;62,804;10317560
RWA;Africa;Rwanda;;2011;1449;63,4764;10573742
RWA;Africa;Rwanda;;2012;1528,552;64,1887;10829904
RWA;Africa;Rwanda;;2013;1552,4253;64,6512;11093340
RWA;Africa;Rwanda;;2014;1601,3938;65,0877;11364758
RWA;Africa;Rwanda;;2015;1708,3467;65,4188;11640026
RWA;Africa;Rwanda;;2016;1774,9015;65,7326;11919183
RWA;Africa;Rwanda;;2017;1799,474;66,1404;12202062
RWA;Africa;Rwanda;;2018;1908,049;66,3539;12488000
RWA;Africa;Rwanda;;2019;2042,8529;66,6905;12776102
RWA;Africa;Rwanda;;2020;1935,2662;66,9534;13065838
RWA;Africa;Rwanda;;2021;2106,9736;66,8496;13355260
RWA;Africa;Rwanda;;2022;2198,0662;67,528;13651025
RWA;Africa;Rwanda;;2023;;67,7852;13954473
BLM;North America;Saint Barthelemy;;1970;;65,2829;2428
BLM;North America;Saint Barthelemy;;1971;;66,164;2448
BLM;North America;Saint Barthelemy;;1972;;66,8728;2471
BLM;North America;Saint Barthelemy;;1973;;67,4138;2495
BLM;North America;Saint Barthelemy;;1974;;68,142;2528
BLM;North America;Saint Barthelemy;;1975;;68,9253;2588
BLM;North America;Saint Barthelemy;;1976;;69,688;2653
BLM;North America;Saint Barthelemy;;1977;;70,4242;2735
BLM;North America;Saint Barthelemy;;1978;;71,1197;2834
BLM;North America;Saint Barthelemy;;1979;;71,6961;2920
BLM;North America;Saint Barthelemy;;1980;;72,3633;2991
BLM;North America;Saint Barthelemy;;1981;;72,8697;3039
BLM;North America;Saint Barthelemy;;1982;;73,3258;3207
BLM;North America;Saint Barthelemy;;1983;;73,5247;3505
BLM;North America;Saint Barthelemy;;1984;;73,8306;3793
BLM;North America;Saint Barthelemy;;1985;;74,0083;4072
BLM;North America;Saint Barthelemy;;1986;;74,342;4344
BLM;North America;Saint Barthelemy;;1987;;74,6669;4603
BLM;North America;Saint Barthelemy;;1988;;75,011;4843
BLM;North America;Saint Barthelemy;;1989;;75,3428;5064
BLM;North America;Saint Barthelemy;;1990;;75,7064;5269
BLM;North America;Saint Barthelemy;;1991;;76,1721;5462
BLM;North America;Saint Barthelemy;;1992;;76,6235;5648
BLM;North America;Saint Barthelemy;;1993;;77,0924;5837
BLM;North America;Saint Barthelemy;;1994;;77,455;6023
BLM;North America;Saint Barthelemy;;1995;;77,782;6201
BLM;North America;Saint Barthelemy;;1996;;78,0629;6383
BLM;North America;Saint Barthelemy;;1997;;78,3875;6563
BLM;North America;Saint Barthelemy;;1998;;78,7251;6740
BLM;North America;Saint Barthelemy;;1999;;79,0707;6917
BLM;North America;Saint Barthelemy;;2000;;79,3411;7103
BLM;North America;Saint Barthelemy;;2001;;79,6228;7297
BLM;North America;Saint Barthelemy;;2002;;79,9035;7489
BLM;North America;Saint Barthelemy;;2003;;80,1795;7684
BLM;North America;Saint Barthelemy;;2004;;80,5027;7869
BLM;North America;Saint Barthelemy;;2005;;80,8214;8054
BLM;North America;Saint Barthelemy;;2006;;81,1316;8245
BLM;North America;Saint Barthelemy;;2007;;81,4245;8433
BLM;North America;Saint Barthelemy;;2008;;81,6605;8627
BLM;North America;Saint Barthelemy;;2009;;81,7567;8821
BLM;North America;Saint Barthelemy;;2010;;81,8807;8989
BLM;North America;Saint Barthelemy;;2011;;82,0693;9112
BLM;North America;Saint Barthelemy;;2012;;82,3231;9227
BLM;North America;Saint Barthelemy;;2013;;82,4823;9343
BLM;North America;Saint Barthelemy;;2014;;82,7933;9471
BLM;North America;Saint Barthelemy;;2015;;82,9707;9617
BLM;North America;Saint Barthelemy;;2016;;83,1544;9776
BLM;North America;Saint Barthelemy;;2017;;81,7559;9954
BLM;North America;Saint Barthelemy;;2018;;83,6036;10135
BLM;North America;Saint Barthelemy;;2019;;83,8237;10325
BLM;North America;Saint Barthelemy;;2020;;84,0707;10566
BLM;North America;Saint Barthelemy;;2021;;84,1875;10790
BLM;North America;Saint Barthelemy;;2022;;84,2805;10948
BLM;North America;Saint Barthelemy;;2023;;84,2901;11112
SHN;Africa;Saint Helena;;1970;;68,5975;5797
SHN;Africa;Saint Helena;;1971;;68,6737;5880
SHN;Africa;Saint Helena;;1972;;68,7826;5953
SHN;Africa;Saint Helena;;1973;;68,8989;6026
SHN;Africa;Saint Helena;;1974;;68,9658;6091
SHN;Africa;Saint Helena;;1975;;69,1387;6155
SHN;Africa;Saint Helena;;1976;;69,2748;6194
SHN;Africa;Saint Helena;;1977;;69,3982;6245
SHN;Africa;Saint Helena;;1978;;69,5328;6310
SHN;Africa;Saint Helena;;1979;;69,7159;6362
SHN;Africa;Saint Helena;;1980;;69,8601;6413
SHN;Africa;Saint Helena;;1981;;70,055;6466
SHN;Africa;Saint Helena;;1982;;70,2861;6535
SHN;Africa;Saint Helena;;1983;;70,4341;6601
SHN;Africa;Saint Helena;;1984;;70,5651;6647
SHN;Africa;Saint Helena;;1985;;70,7444;6678
SHN;Africa;Saint Helena;;1986;;70,8949;6706
SHN;Africa;Saint Helena;;1987;;71,0106;6723
SHN;Africa;Saint Helena;;1988;;71,184;6710
SHN;Africa;Saint Helena;;1989;;71,3392;6677
SHN;Africa;Saint Helena;;1990;;71,5431;6639
SHN;Africa;Saint Helena;;1991;;71,6346;6601
SHN;Africa;Saint Helena;;1992;;72,116;6545
SHN;Africa;Saint Helena;;1993;;72,2511;6495
SHN;Africa;Saint Helena;;1994;;72,5928;6433
SHN;Africa;Saint Helena;;1995;;73,196;6373
SHN;Africa;Saint Helena;;1996;;73,6832;6309
SHN;Africa;Saint Helena;;1997;;74,357;6249
SHN;Africa;Saint Helena;;1998;;75,3254;6184
SHN;Africa;Saint Helena;;1999;;76,0399;6113
SHN;Africa;Saint Helena;;2000;;75,7544;6045
SHN;Africa;Saint Helena;;2001;;76,0621;5963
SHN;Africa;Saint Helena;;2002;;75,83;5879
SHN;Africa;Saint Helena;;2003;;76,3716;5775
SHN;Africa;Saint Helena;;2004;;77,1313;5678
SHN;Africa;Saint Helena;;2005;;77,1658;5570
SHN;Africa;Saint Helena;;2006;;76,8196;5457
SHN;Africa;Saint Helena;;2007;;75,7329;5346
SHN;Africa;Saint Helena;;2008;;75,7933;5295
SHN;Africa;Saint Helena;;2009;;76,1296;5320
SHN;Africa;Saint Helena;;2010;;76,5108;5352
SHN;Africa;Saint Helena;;2011;;76,5625;5385
SHN;Africa;Saint Helena;;2012;;76,2267;5428
SHN;Africa;Saint Helena;;2013;;76,2371;5462
SHN;Africa;Saint Helena;;2014;;75,5721;5493
SHN;Africa;Saint Helena;;2015;;75,1995;5529
SHN;Africa;Saint Helena;;2016;;75,8061;5544
SHN;Africa;Saint Helena;;2017;;76,3355;5528
SHN;Africa;Saint Helena;;2018;;76,4031;5507
SHN;Africa;Saint Helena;;2019;;76,6816;5485
SHN;Africa;Saint Helena;;2020;;76,8925;5451
SHN;Africa;Saint Helena;;2021;;76,7652;5415
SHN;Africa;Saint Helena;;2022;;76,7352;5369
SHN;Africa;Saint Helena;;2023;;76,7869;5316
KNA;North America;Saint Kitts and Nevis;;1970;;61,3716;44632
KNA;North America;Saint Kitts and Nevis;;1971;;61,7404;44228
KNA;North America;Saint Kitts and Nevis;;1972;;62,1368;44054
KNA;North America;Saint Kitts and Nevis;;1973;;62,5167;43897
KNA;North America;Saint Kitts and Nevis;;1974;;62,8881;43759
KNA;North America;Saint Kitts and Nevis;;1975;;63,1915;43628
KNA;North America;Saint Kitts and Nevis;;1976;;63,4896;43499
KNA;North America;Saint Kitts and Nevis;;1977;;63,7301;43377
KNA;North America;Saint Kitts and Nevis;;1978;;63,9952;43237
KNA;North America;Saint Kitts and Nevis;;1979;;64,1978;43053
KNA;North America;Saint Kitts and Nevis;;1980;;64,3848;42866
KNA;North America;Saint Kitts and Nevis;;1981;;64,6195;42721
KNA;North America;Saint Kitts and Nevis;;1982;;64,8685;42549
KNA;North America;Saint Kitts and Nevis;;1983;;65,1183;42355
KNA;North America;Saint Kitts and Nevis;;1984;;65,3344;42134
KNA;North America;Saint Kitts and Nevis;;1985;;65,4819;41894
KNA;North America;Saint Kitts and Nevis;;1986;;65,5543;41642
KNA;North America;Saint Kitts and Nevis;;1987;;65,5161;41368
KNA;North America;Saint Kitts and Nevis;;1988;;65,4509;41084
KNA;North America;Saint Kitts and Nevis;;1989;;65,4496;40777
KNA;North America;Saint Kitts and Nevis;;1990;;65,6415;40456
KNA;North America;Saint Kitts and Nevis;;1991;;65,9578;40382
KNA;North America;Saint Kitts and Nevis;;1992;;66,3393;40740
KNA;North America;Saint Kitts and Nevis;;1993;;66,7081;41266
KNA;North America;Saint Kitts and Nevis;;1994;;67,0018;41798
KNA;North America;Saint Kitts and Nevis;;1995;;67,2304;42347
KNA;North America;Saint Kitts and Nevis;;1996;;67,4878;42903
KNA;North America;Saint Kitts and Nevis;;1997;;67,8107;43453
KNA;North America;Saint Kitts and Nevis;;1998;;67,8906;44018
KNA;North America;Saint Kitts and Nevis;;1999;;68,7251;44625
KNA;North America;Saint Kitts and Nevis;;2000;;69,2488;45272
KNA;North America;Saint Kitts and Nevis;;2001;;69,7671;45785
KNA;North America;Saint Kitts and Nevis;;2002;;70,1939;46048
KNA;North America;Saint Kitts and Nevis;;2003;;70,6142;46200
KNA;North America;Saint Kitts and Nevis;;2004;;70,9198;46337
KNA;North America;Saint Kitts and Nevis;;2005;;71,151;46459
KNA;North America;Saint Kitts and Nevis;;2006;;71,3557;46592
KNA;North America;Saint Kitts and Nevis;;2007;;71,4372;46734
KNA;North America;Saint Kitts and Nevis;;2008;;71,4786;46857
KNA;North America;Saint Kitts and Nevis;;2009;;71,4884;46941
KNA;North America;Saint Kitts and Nevis;;2010;;71,4516;46871
KNA;North America;Saint Kitts and Nevis;;2011;;71,4;46917
KNA;North America;Saint Kitts and Nevis;;2012;;71,3619;47056
KNA;North America;Saint Kitts and Nevis;;2013;;71,2903;47092
KNA;North America;Saint Kitts and Nevis;;2014;;71,2275;47112
KNA;North America;Saint Kitts and Nevis;;2015;;71,2112;47108
KNA;North America;Saint Kitts and Nevis;;2016;;71,2269;47099
KNA;North America;Saint Kitts and Nevis;;2017;;71,284;47075
KNA;North America;Saint Kitts and Nevis;;2018;;71,3362;47032
KNA;North America;Saint Kitts and Nevis;;2019;;71,5399;46976
KNA;North America;Saint Kitts and Nevis;;2020;;71,1814;46896
KNA;North America;Saint Kitts and Nevis;;2021;;69,2709;46786
KNA;North America;Saint Kitts and Nevis;;2022;;70,3131;46732
KNA;North America;Saint Kitts and Nevis;;2023;;72,1447;46783
LCA;North America;Saint Lucia;;1970;2203;64,2904;103184
LCA;North America;Saint Lucia;;1971;2265;64,4916;104577
LCA;North America;Saint Lucia;;1972;2279;64,6449;106021
LCA;North America;Saint Lucia;;1973;2268;64,5725;107512
LCA;North America;Saint Lucia;;1974;2356;65,4193;109093
LCA;North America;Saint Lucia;;1975;2428;65,9095;110740
LCA;North America;Saint Lucia;;1976;2820;66,1983;112442
LCA;North America;Saint Lucia;;1977;3027;66,9572;114150
LCA;North America;Saint Lucia;;1978;3196;67,3799;115853
LCA;North America;Saint Lucia;;1979;3247;67,3641;117547
LCA;North America;Saint Lucia;;1980;3011;67,8006;119302
LCA;North America;Saint Lucia;;1981;3051;68,6876;121183
LCA;North America;Saint Lucia;;1982;3102;68,9773;123097
LCA;North America;Saint Lucia;;1983;3229;69,9872;125055
LCA;North America;Saint Lucia;;1984;3403;70,5222;127085
LCA;North America;Saint Lucia;;1985;3606;70,3078;129174
LCA;North America;Saint Lucia;;1986;4157;70,229;131253
LCA;North America;Saint Lucia;;1987;4224;69,6711;133243
LCA;North America;Saint Lucia;;1988;4779;69,7361;135019
LCA;North America;Saint Lucia;;1989;5093;70,028;136526
LCA;North America;Saint Lucia;;1990;5203;70,0082;137874
LCA;North America;Saint Lucia;;1991;5270,2544;70,3089;139536
LCA;North America;Saint Lucia;;1992;5737,2886;70,7339;141629
LCA;North America;Saint Lucia;;1993;5804,0557;71,0499;143735
LCA;North America;Saint Lucia;;1994;5945,7686;71,0758;145901
LCA;North America;Saint Lucia;;1995;6095,83;71,1725;148227
LCA;North America;Saint Lucia;;1996;6330,9346;70,9627;150453
LCA;North America;Saint Lucia;;1997;6344,7847;70,7782;152584
LCA;North America;Saint Lucia;;1998;6831,2295;70,6798;154688
LCA;North America;Saint Lucia;;1999;7111,8687;70,6917;156719
LCA;North America;Saint Lucia;;2000;7191,275;70,7791;158624
LCA;North America;Saint Lucia;;2001;7014,288;71,3671;160247
LCA;North America;Saint Lucia;;2002;7141,7544;71,7065;161655
LCA;North America;Saint Lucia;;2003;7602,129;72,1883;162985
LCA;North America;Saint Lucia;;2004;8322,346;72,4527;164250
LCA;North America;Saint Lucia;;2005;8418,911;72,5437;165460
LCA;North America;Saint Lucia;;2006;9135,34;72,794;166657
LCA;North America;Saint Lucia;;2007;9377,8955;72,8598;167766
LCA;North America;Saint Lucia;;2008;9931,685;72,9635;168816
LCA;North America;Saint Lucia;;2009;10061,634;72,9459;169880
LCA;North America;Saint Lucia;;2010;10058,623;72,7676;170921
LCA;North America;Saint Lucia;;2011;10255;72,9617;171814
LCA;North America;Saint Lucia;;2012;10067;72,86;172595
LCA;North America;Saint Lucia;;2013;10037;72,6872;173380
LCA;North America;Saint Lucia;;2014;10035;72,6764;174145
LCA;North America;Saint Lucia;;2015;10185;72,9319;174919
LCA;North America;Saint Lucia;;2016;10486,955;72,5515;175651
LCA;North America;Saint Lucia;;2017;10796,247;72,5218;176352
LCA;North America;Saint Lucia;;2018;11060,511;72,6546;177032
LCA;North America;Saint Lucia;;2019;10977,819;72,249;177675
LCA;North America;Saint Lucia;;2020;8164,9062;72,3077;178261
LCA;North America;Saint Lucia;;2021;9067,721;69,1194;178540
LCA;North America;Saint Lucia;;2022;10452,165;72,6699;178794
LCA;North America;Saint Lucia;;2023;;72,6968;179291
MAF;North America;Saint Martin (French part);;1970;;70,982;6067
MAF;North America;Saint Martin (French part);;1971;;71,3046;6247
MAF;North America;Saint Martin (French part);;1972;;71,5681;6428
MAF;North America;Saint Martin (French part);;1973;;71,7799;6618
MAF;North America;Saint Martin (French part);;1974;;71,9325;6818
MAF;North America;Saint Martin (French part);;1975;;72,0457;7063
MAF;North America;Saint Martin (French part);;1976;;72,116;7320
MAF;North America;Saint Martin (French part);;1977;;72,1739;7590
MAF;North America;Saint Martin (French part);;1978;;72,2378;7844
MAF;North America;Saint Martin (French part);;1979;;72,2958;8085
MAF;North America;Saint Martin (French part);;1980;;72,3472;8308
MAF;North America;Saint Martin (French part);;1981;;72,3842;8522
MAF;North America;Saint Martin (French part);;1982;;72,4193;9516
MAF;North America;Saint Martin (French part);;1983;;72,55;11511
MAF;North America;Saint Martin (French part);;1984;;72,7342;13753
MAF;North America;Saint Martin (French part);;1985;;72,9431;16120
MAF;North America;Saint Martin (French part);;1986;;73,2015;18584
MAF;North America;Saint Martin (French part);;1987;;73,5185;21125
MAF;North America;Saint Martin (French part);;1988;;73,8577;23770
MAF;North America;Saint Martin (French part);;1989;;74,2049;26476
MAF;North America;Saint Martin (French part);;1990;;74,5646;28251
MAF;North America;Saint Martin (French part);;1991;;74,9252;28824
MAF;North America;Saint Martin (French part);;1992;;75,1502;29098
MAF;North America;Saint Martin (French part);;1993;;75,3488;29303
MAF;North America;Saint Martin (French part);;1994;;75,5334;29440
MAF;North America;Saint Martin (French part);;1995;;75,7139;29492
MAF;North America;Saint Martin (French part);;1996;;75,8855;29465
MAF;North America;Saint Martin (French part);;1997;;76,1047;29350
MAF;North America;Saint Martin (French part);;1998;;76,338;29128
MAF;North America;Saint Martin (French part);;1999;;76,5654;29303
MAF;North America;Saint Martin (French part);;2000;;76,7932;30020
MAF;North America;Saint Martin (French part);;2001;;77,0093;30827
MAF;North America;Saint Martin (French part);;2002;;77,2189;31629
MAF;North America;Saint Martin (French part);;2003;;77,4194;32420
MAF;North America;Saint Martin (French part);;2004;;77,6122;33196
MAF;North America;Saint Martin (French part);;2005;;77,8018;33952
MAF;North America;Saint Martin (French part);;2006;;77,9885;34680
MAF;North America;Saint Martin (French part);;2007;;78,1596;35361
MAF;North America;Saint Martin (French part);;2008;;78,3263;35978
MAF;North America;Saint Martin (French part);;2009;;78,5132;36523
MAF;North America;Saint Martin (French part);;2010;;78,7523;36875
MAF;North America;Saint Martin (French part);;2011;;79,0164;37094
MAF;North America;Saint Martin (French part);;2012;;79,3023;37299
MAF;North America;Saint Martin (French part);;2013;;79,5281;37439
MAF;North America;Saint Martin (French part);;2014;;79,7269;37472
MAF;North America;Saint Martin (French part);;2015;;79,8295;37386
MAF;North America;Saint Martin (French part);;2016;;79,8852;37201
MAF;North America;Saint Martin (French part);;2017;;78,7621;36863
MAF;North America;Saint Martin (French part);;2018;;80,029;36036
MAF;North America;Saint Martin (French part);;2019;;80,0784;34290
MAF;North America;Saint Martin (French part);;2020;;80,0848;31811
MAF;North America;Saint Martin (French part);;2021;;80,206;29986
MAF;North America;Saint Martin (French part);;2022;;80,2355;28899
MAF;North America;Saint Martin (French part);;2023;;80,2238;27545
SPM;North America;Saint Pierre and Miquelon;;1970;;67,5005;5658
SPM;North America;Saint Pierre and Miquelon;;1971;;67,8898;5744
SPM;North America;Saint Pierre and Miquelon;;1972;;68,3414;5830
SPM;North America;Saint Pierre and Miquelon;;1973;;68,821;5925
SPM;North America;Saint Pierre and Miquelon;;1974;;69,2218;6004
SPM;North America;Saint Pierre and Miquelon;;1975;;69,5152;6051
SPM;North America;Saint Pierre and Miquelon;;1976;;69,7128;6090
SPM;North America;Saint Pierre and Miquelon;;1977;;69,834;6125
SPM;North America;Saint Pierre and Miquelon;;1978;;69,9207;6162
SPM;North America;Saint Pierre and Miquelon;;1979;;70,0409;6182
SPM;North America;Saint Pierre and Miquelon;;1980;;70,1837;6192
SPM;North America;Saint Pierre and Miquelon;;1981;;70,424;6172
SPM;North America;Saint Pierre and Miquelon;;1982;;70,7126;6163
SPM;North America;Saint Pierre and Miquelon;;1983;;71,1138;6208
SPM;North America;Saint Pierre and Miquelon;;1984;;71,4675;6259
SPM;North America;Saint Pierre and Miquelon;;1985;;71,7834;6301
SPM;North America;Saint Pierre and Miquelon;;1986;;72,1273;6338
SPM;North America;Saint Pierre and Miquelon;;1987;;72,4539;6368
SPM;North America;Saint Pierre and Miquelon;;1988;;72,7492;6381
SPM;North America;Saint Pierre and Miquelon;;1989;;72,9685;6372
SPM;North America;Saint Pierre and Miquelon;;1990;;73,1602;6377
SPM;North America;Saint Pierre and Miquelon;;1991;;73,3449;6400
SPM;North America;Saint Pierre and Miquelon;;1992;;73,4045;6428
SPM;North America;Saint Pierre and Miquelon;;1993;;73,5239;6440
SPM;North America;Saint Pierre and Miquelon;;1994;;73,6622;6455
SPM;North America;Saint Pierre and Miquelon;;1995;;73,8039;6459
SPM;North America;Saint Pierre and Miquelon;;1996;;73,9726;6451
SPM;North America;Saint Pierre and Miquelon;;1997;;74,1812;6438
SPM;North America;Saint Pierre and Miquelon;;1998;;74,405;6392
SPM;North America;Saint Pierre and Miquelon;;1999;;74,6456;6338
SPM;North America;Saint Pierre and Miquelon;;2000;;74,8809;6317
SPM;North America;Saint Pierre and Miquelon;;2001;;75,1069;6299
SPM;North America;Saint Pierre and Miquelon;;2002;;75,3259;6273
SPM;North America;Saint Pierre and Miquelon;;2003;;75,4997;6234
SPM;North America;Saint Pierre and Miquelon;;2004;;75,6804;6191
SPM;North America;Saint Pierre and Miquelon;;2005;;75,8029;6139
SPM;North America;Saint Pierre and Miquelon;;2006;;75,9194;6094
SPM;North America;Saint Pierre and Miquelon;;2007;;76,0503;6074
SPM;North America;Saint Pierre and Miquelon;;2008;;76,1767;6063
SPM;North America;Saint Pierre and Miquelon;;2009;;76,2723;6054
SPM;North America;Saint Pierre and Miquelon;;2010;;76,3546;6047
SPM;North America;Saint Pierre and Miquelon;;2011;;76,4099;6036
SPM;North America;Saint Pierre and Miquelon;;2012;;76,4635;6019
SPM;North America;Saint Pierre and Miquelon;;2013;;76,481;5999
SPM;North America;Saint Pierre and Miquelon;;2014;;76,4747;5984
SPM;North America;Saint Pierre and Miquelon;;2015;;76,4825;5971
SPM;North America;Saint Pierre and Miquelon;;2016;;76,509;5957
SPM;North America;Saint Pierre and Miquelon;;2017;;76,5456;5946
SPM;North America;Saint Pierre and Miquelon;;2018;;76,5851;5932
SPM;North America;Saint Pierre and Miquelon;;2019;;76,6094;5899
SPM;North America;Saint Pierre and Miquelon;;2020;;76,6183;5852
SPM;North America;Saint Pierre and Miquelon;;2021;;76,6661;5802
SPM;North America;Saint Pierre and Miquelon;;2022;;76,6987;5760
SPM;North America;Saint Pierre and Miquelon;;2023;;76,7578;5707
VCT;North America;Saint Vincent and the Grenadines;;1970;;64,0289;95977
VCT;North America;Saint Vincent and the Grenadines;;1971;;64,4318;96892
VCT;North America;Saint Vincent and the Grenadines;;1972;;64,7525;97805
VCT;North America;Saint Vincent and the Grenadines;;1973;;65,0951;98704
VCT;North America;Saint Vincent and the Grenadines;;1974;;65,4223;99577
VCT;North America;Saint Vincent and the Grenadines;;1975;;65,8732;100404
VCT;North America;Saint Vincent and the Grenadines;;1976;;66,4655;101218
VCT;North America;Saint Vincent and the Grenadines;;1977;;66,883;102013
VCT;North America;Saint Vincent and the Grenadines;;1978;;67,2729;102785
VCT;North America;Saint Vincent and the Grenadines;;1979;;69,3447;103496
VCT;North America;Saint Vincent and the Grenadines;;1980;;67,9766;104229
VCT;North America;Saint Vincent and the Grenadines;;1981;;68,2916;105092
VCT;North America;Saint Vincent and the Grenadines;;1982;;68,5841;105986
VCT;North America;Saint Vincent and the Grenadines;;1983;;68,7965;106858
VCT;North America;Saint Vincent and the Grenadines;;1984;;69,2441;107706
VCT;North America;Saint Vincent and the Grenadines;;1985;;69,7712;108526
VCT;North America;Saint Vincent and the Grenadines;;1986;;70,1044;109302
VCT;North America;Saint Vincent and the Grenadines;;1987;;70,4276;110018
VCT;North America;Saint Vincent and the Grenadines;;1988;;70,6074;110678
VCT;North America;Saint Vincent and the Grenadines;;1989;;70,6472;111290
VCT;North America;Saint Vincent and the Grenadines;;1990;;70,6468;111825
VCT;North America;Saint Vincent and the Grenadines;;1991;;70,6402;112236
VCT;North America;Saint Vincent and the Grenadines;;1992;;70,7448;112524
VCT;North America;Saint Vincent and the Grenadines;;1993;;70,621;112753
VCT;North America;Saint Vincent and the Grenadines;;1994;;70,6018;112933
VCT;North America;Saint Vincent and the Grenadines;;1995;;70,5748;113064
VCT;North America;Saint Vincent and the Grenadines;;1996;;70,4662;113136
VCT;North America;Saint Vincent and the Grenadines;;1997;;70,3817;113158
VCT;North America;Saint Vincent and the Grenadines;;1998;;70,2629;113195
VCT;North America;Saint Vincent and the Grenadines;;1999;;70,312;113384
VCT;North America;Saint Vincent and the Grenadines;;2000;;70,3498;113561
VCT;North America;Saint Vincent and the Grenadines;;2001;;70,3817;113506
VCT;North America;Saint Vincent and the Grenadines;;2002;;70,6579;113365
VCT;North America;Saint Vincent and the Grenadines;;2003;;70,4302;113149
VCT;North America;Saint Vincent and the Grenadines;;2004;;70,4452;112856
VCT;North America;Saint Vincent and the Grenadines;;2005;;70,4538;112465
VCT;North America;Saint Vincent and the Grenadines;;2006;;70,4342;112027
VCT;North America;Saint Vincent and the Grenadines;;2007;;70,446;111544
VCT;North America;Saint Vincent and the Grenadines;;2008;;70,6113;111047
VCT;North America;Saint Vincent and the Grenadines;;2009;;70,7119;110521
VCT;North America;Saint Vincent and the Grenadines;;2010;;70,66;109974
VCT;North America;Saint Vincent and the Grenadines;;2011;;70,6094;109367
VCT;North America;Saint Vincent and the Grenadines;;2012;;70,5386;108753
VCT;North America;Saint Vincent and the Grenadines;;2013;;70,0912;108156
VCT;North America;Saint Vincent and the Grenadines;;2014;;70,3548;107555
VCT;North America;Saint Vincent and the Grenadines;;2015;;70,4626;106975
VCT;North America;Saint Vincent and the Grenadines;;2016;;70,6997;106365
VCT;North America;Saint Vincent and the Grenadines;;2017;;71,0126;105674
VCT;North America;Saint Vincent and the Grenadines;;2018;;71,0174;104939
VCT;North America;Saint Vincent and the Grenadines;;2019;;70,9944;104183
VCT;North America;Saint Vincent and the Grenadines;;2020;;69,6051;103540
VCT;North America;Saint Vincent and the Grenadines;;2021;;69,132;102848
VCT;North America;Saint Vincent and the Grenadines;;2022;;71,1906;102063
VCT;North America;Saint Vincent and the Grenadines;;2023;;71,2301;101331
WSM;Oceania;Samoa;;1970;;60,3881;140420
WSM;Oceania;Samoa;;1971;;60,8787;142514
WSM;Oceania;Samoa;;1972;;61,3604;144551
WSM;Oceania;Samoa;;1973;;61,8632;146527
WSM;Oceania;Samoa;;1974;;62,3398;149440
WSM;Oceania;Samoa;;1975;;62,839;153353
WSM;Oceania;Samoa;;1976;;63,3014;157123
WSM;Oceania;Samoa;;1977;;63,7422;159766
WSM;Oceania;Samoa;;1978;;64,1324;161385
WSM;Oceania;Samoa;;1979;;64,5429;162892
WSM;Oceania;Samoa;;1980;;64,961;164335
WSM;Oceania;Samoa;;1981;;65,2956;165684
WSM;Oceania;Samoa;;1982;;65,6465;166496
WSM;Oceania;Samoa;;1983;;65,9909;166724
WSM;Oceania;Samoa;;1984;;66,2841;166805
WSM;Oceania;Samoa;;1985;;66,5568;166862
WSM;Oceania;Samoa;;1986;;66,8186;167071
WSM;Oceania;Samoa;;1987;;67,047;167671
WSM;Oceania;Samoa;;1988;;67,3281;168360
WSM;Oceania;Samoa;;1989;;67,6071;168779
WSM;Oceania;Samoa;;1990;;67,8075;169061
WSM;Oceania;Samoa;;1991;;68,0386;169378
WSM;Oceania;Samoa;;1992;;68,5319;170340
WSM;Oceania;Samoa;;1993;;68,8182;171786
WSM;Oceania;Samoa;;1994;;69,1615;173167
WSM;Oceania;Samoa;;1995;;69,4695;174585
WSM;Oceania;Samoa;;1996;;69,7673;176086
WSM;Oceania;Samoa;;1997;;70,0449;177561
WSM;Oceania;Samoa;;1998;;70,3077;178921
WSM;Oceania;Samoa;;1999;;70,555;180279
WSM;Oceania;Samoa;;2000;;70,7906;181695
WSM;Oceania;Samoa;;2001;;71,0284;183174
WSM;Oceania;Samoa;;2002;;71,2333;184482
WSM;Oceania;Samoa;;2003;;71,4406;185447
WSM;Oceania;Samoa;;2004;;71,5077;186265
WSM;Oceania;Samoa;;2005;;71,4868;186993
WSM;Oceania;Samoa;;2006;;71,6199;187724
WSM;Oceania;Samoa;;2007;;71,6045;188766
WSM;Oceania;Samoa;;2008;;71,5312;190117
WSM;Oceania;Samoa;;2009;;69,4858;191530
WSM;Oceania;Samoa;;2010;;71,4512;193035
WSM;Oceania;Samoa;;2011;;71,393;194726
WSM;Oceania;Samoa;;2012;;71,1593;196518
WSM;Oceania;Samoa;;2013;;71,2291;198284
WSM;Oceania;Samoa;;2014;;71,1416;200051
WSM;Oceania;Samoa;;2015;;71,0599;201794
WSM;Oceania;Samoa;;2016;;71,0027;203509
WSM;Oceania;Samoa;;2017;;70,991;205423
WSM;Oceania;Samoa;;2018;;71,0516;207595
WSM;Oceania;Samoa;;2019;;70,2695;209794
WSM;Oceania;Samoa;;2020;;70,7265;211957
WSM;Oceania;Samoa;;2021;;71,0958;213792
WSM;Oceania;Samoa;;2022;;71,5503;215270
WSM;Oceania;Samoa;;2023;;71,6982;216673
SMR;Europe;San Marino;;1970;;74,2691;18194
SMR;Europe;San Marino;;1971;;74,4036;18444
SMR;Europe;San Marino;;1972;;74,5921;18811
SMR;Europe;San Marino;;1973;;74,7865;19019
SMR;Europe;San Marino;;1974;;75,0525;19052
SMR;Europe;San Marino;;1975;;75,251;19075
SMR;Europe;San Marino;;1976;;75,4309;19138
SMR;Europe;San Marino;;1977;;75,6426;20039
SMR;Europe;San Marino;;1978;;75,8893;21050
SMR;Europe;San Marino;;1979;;76,1223;21346
SMR;Europe;San Marino;;1980;;76,3709;21609
SMR;Europe;San Marino;;1981;;76,5838;21869
SMR;Europe;San Marino;;1982;;76,8083;22078
SMR;Europe;San Marino;;1983;;77,011;22255
SMR;Europe;San Marino;;1984;;77,162;22372
SMR;Europe;San Marino;;1985;;77,2696;22509
SMR;Europe;San Marino;;1986;;77,3769;22663
SMR;Europe;San Marino;;1987;;77,4528;22710
SMR;Europe;San Marino;;1988;;77,5444;22865
SMR;Europe;San Marino;;1989;;77,6471;23175
SMR;Europe;San Marino;;1990;;77,7826;23501
SMR;Europe;San Marino;;1991;;77,9435;23823
SMR;Europe;San Marino;;1992;;78,1335;24149
SMR;Europe;San Marino;;1993;;78,3731;24499
SMR;Europe;San Marino;;1994;;78,67;24853
SMR;Europe;San Marino;;1995;;79,0308;25183
SMR;Europe;San Marino;;1996;;79,3324;25503
SMR;Europe;San Marino;;1997;;79,6773;25821
SMR;Europe;San Marino;;1998;;79,9176;26149
SMR;Europe;San Marino;;1999;;80,1998;26485
SMR;Europe;San Marino;;2000;;80,5036;26823
SMR;Europe;San Marino;;2001;;80,8028;27173
SMR;Europe;San Marino;;2002;;81,0608;27515
SMR;Europe;San Marino;;2003;;81,3303;27871
SMR;Europe;San Marino;;2004;;81,5921;28230
SMR;Europe;San Marino;;2005;;81,9256;28600
SMR;Europe;San Marino;;2006;;82,2577;28966
SMR;Europe;San Marino;;2007;;82,6049;29334
SMR;Europe;San Marino;;2008;;82,8936;29721
SMR;Europe;San Marino;;2009;;83,2239;30115
SMR;Europe;San Marino;;2010;;83,4638;30648
SMR;Europe;San Marino;;2011;;83,7132;32194
SMR;Europe;San Marino;;2012;;83,9427;33494
SMR;Europe;San Marino;;2013;;84,1749;33641
SMR;Europe;San Marino;;2014;;84,3941;33753
SMR;Europe;San Marino;;2015;;84,5959;33927
SMR;Europe;San Marino;;2016;;84,7751;34188
SMR;Europe;San Marino;;2017;;84,9326;34405
SMR;Europe;San Marino;;2018;;85,0947;34557
SMR;Europe;San Marino;;2019;;85,2565;34674
SMR;Europe;San Marino;;2020;;82,6495;34796
SMR;Europe;San Marino;;2021;;83,5389;34599
SMR;Europe;San Marino;;2022;;85,7082;34113
SMR;Europe;San Marino;;2023;;85,7062;33761
STP;Africa;Sao Tome and Principe;;1970;2243;56,2673;77639
STP;Africa;Sao Tome and Principe;;1971;2326;56,9648;79351
STP;Africa;Sao Tome and Principe;;1972;2324;57,4482;81061
STP;Africa;Sao Tome and Principe;;1973;2313;57,8956;82816
STP;Africa;Sao Tome and Principe;;1974;2399;58,2623;84685
STP;Africa;Sao Tome and Principe;;1975;2469;58,561;86722
STP;Africa;Sao Tome and Principe;;1976;2432;58,7816;88939
STP;Africa;Sao Tome and Principe;;1977;2911;58,9786;91316
STP;Africa;Sao Tome and Principe;;1978;2909;59,1406;93809
STP;Africa;Sao Tome and Principe;;1979;3295;59,2735;96266
STP;Africa;Sao Tome and Principe;;1980;3182;59,3613;98563
STP;Africa;Sao Tome and Principe;;1981;2783;59,4318;100629
STP;Africa;Sao Tome and Principe;;1982;2817;59,5326;102528
STP;Africa;Sao Tome and Principe;;1983;2656;59,6791;104397
STP;Africa;Sao Tome and Principe;;1984;2447;59,8929;106410
STP;Africa;Sao Tome and Principe;;1985;2622;60,1388;108669
STP;Africa;Sao Tome and Principe;;1986;2418;57,6047;111163
STP;Africa;Sao Tome and Principe;;1987;2299;60,663;113934
STP;Africa;Sao Tome and Principe;;1988;2295;60,8083;116955
STP;Africa;Sao Tome and Principe;;1989;2316;59,7315;119990
STP;Africa;Sao Tome and Principe;;1990;2217;60,7072;122993
STP;Africa;Sao Tome and Principe;;1991;2203,008;60,7921;125711
STP;Africa;Sao Tome and Principe;;1992;2185,4644;60,706;128127
STP;Africa;Sao Tome and Principe;;1993;2183,8743;60,6179;130478
STP;Africa;Sao Tome and Principe;;1994;2204,8767;60,5518;132745
STP;Africa;Sao Tome and Principe;;1995;2219,4814;60,5359;134905
STP;Africa;Sao Tome and Principe;;1996;2221,0535;60,5756;136974
STP;Africa;Sao Tome and Principe;;1997;2209,4182;60,6475;138935
STP;Africa;Sao Tome and Principe;;1998;2228,905;60,7851;140765
STP;Africa;Sao Tome and Principe;;1999;2247,1223;60,9761;142459
STP;Africa;Sao Tome and Principe;;2000;2218,8196;61,2067;144029
STP;Africa;Sao Tome and Principe;;2001;2245,6062;61,4996;146386
STP;Africa;Sao Tome and Principe;;2002;2250,0894;61,8262;149932
STP;Africa;Sao Tome and Principe;;2003;2363,1824;62,1579;153824
STP;Africa;Sao Tome and Principe;;2004;2408,7607;62,5601;157721
STP;Africa;Sao Tome and Principe;;2005;2532,8706;62,4344;161650
STP;Africa;Sao Tome and Principe;;2006;2713,762;63,0413;165651
STP;Africa;Sao Tome and Principe;;2007;2752,0876;63,3356;169709
STP;Africa;Sao Tome and Principe;;2008;2925,8857;63,4478;173808
STP;Africa;Sao Tome and Principe;;2009;2949,8867;63,6687;177866
STP;Africa;Sao Tome and Principe;;2010;3093,3452;63,8667;181810
STP;Africa;Sao Tome and Principe;;2011;3179;64,1217;185665
STP;Africa;Sao Tome and Principe;;2012;3217;64,5053;189452
STP;Africa;Sao Tome and Principe;;2013;3314;64,9301;193158
STP;Africa;Sao Tome and Principe;;2014;3474;65,4775;196780
STP;Africa;Sao Tome and Principe;;2015;3545;66,0231;200308
STP;Africa;Sao Tome and Principe;;2016;3629,3381;66,5632;203702
STP;Africa;Sao Tome and Principe;;2017;3707,3599;67,0741;206986
STP;Africa;Sao Tome and Principe;;2018;3756,814;67,6015;210198
STP;Africa;Sao Tome and Principe;;2019;3781,2275;68,0435;213405
STP;Africa;Sao Tome and Principe;;2020;3826,3755;67,979;217450
STP;Africa;Sao Tome and Principe;;2021;3821,0012;68,0262;221975
STP;Africa;Sao Tome and Principe;;2022;3751,6428;69,2368;226313
STP;Africa;Sao Tome and Principe;;2023;;69,7182;230882
SAU;Asia;Saudi Arabia;;1970;12153;52,7287;3562475
SAU;Asia;Saudi Arabia;;1971;13509;53,7271;3724039
SAU;Asia;Saudi Arabia;;1972;15138;54,7422;3905729
SAU;Asia;Saudi Arabia;;1973;17598;55,7651;4106346
SAU;Asia;Saudi Arabia;;1974;19659;56,7848;4323639
SAU;Asia;Saudi Arabia;;1975;18788;57,7804;4556289
SAU;Asia;Saudi Arabia;;1976;19297;58,7823;4807936
SAU;Asia;Saudi Arabia;;1977;20824;59,7489;5083043
SAU;Asia;Saudi Arabia;;1978;20593;60,6851;5381901
SAU;Asia;Saudi Arabia;;1979;20472;61,5183;5703704
SAU;Asia;Saudi Arabia;;1980;21068;62,4445;6047997
SAU;Asia;Saudi Arabia;;1981;21393;63,2516;6420554
SAU;Asia;Saudi Arabia;;1982;20535;64,0079;6824484
SAU;Asia;Saudi Arabia;;1983;17315;64,7187;7252947
SAU;Asia;Saudi Arabia;;1984;16343;65,3914;7697312
SAU;Asia;Saudi Arabia;;1985;14422;66,0268;8151782
SAU;Asia;Saudi Arabia;;1986;12897;66,6478;8628639
SAU;Asia;Saudi Arabia;;1987;12919;67,2419;9130207
SAU;Asia;Saudi Arabia;;1988;12795;67,8137;9629172
SAU;Asia;Saudi Arabia;;1989;12758;68,3595;10128397
SAU;Asia;Saudi Arabia;;1990;14335;68,8744;10640697
SAU;Asia;Saudi Arabia;;1991;16830,412;69,3409;11160752
SAU;Asia;Saudi Arabia;;1992;17905,28;69,7995;11686682
SAU;Asia;Saudi Arabia;;1993;18101,092;70,2076;12215864
SAU;Asia;Saudi Arabia;;1994;18678,932;70,5867;12750037
SAU;Asia;Saudi Arabia;;1995;19223,332;70,9443;13289246
SAU;Asia;Saudi Arabia;;1996;20280,494;71,2878;13831002
SAU;Asia;Saudi Arabia;;1997;21087,428;71,6238;14374948
SAU;Asia;Saudi Arabia;;1998;22310,918;71,9574;14922188
SAU;Asia;Saudi Arabia;;1999;22058,572;72,2903;15472076
SAU;Asia;Saudi Arabia;;2000;23904,516;72,6067;16177733
SAU;Asia;Saudi Arabia;;2001;24191,996;72,9505;17041405
SAU;Asia;Saudi Arabia;;2002;24053,975;73,2959;17910909
SAU;Asia;Saudi Arabia;;2003;27367,094;73,657;18786771
SAU;Asia;Saudi Arabia;;2004;30233,512;74,0273;19669486
SAU;Asia;Saudi Arabia;;2005;32700,332;74,4004;20559886
SAU;Asia;Saudi Arabia;;2006;34483,043;74,7617;21459141
SAU;Asia;Saudi Arabia;;2007;36070,316;75,0662;22368313
SAU;Asia;Saudi Arabia;;2008;39393,43;75,3014;23287884
SAU;Asia;Saudi Arabia;;2009;39671,555;75,4471;24217656
SAU;Asia;Saudi Arabia;;2010;42737,656;75,6161;25157134
SAU;Asia;Saudi Arabia;;2011;48470;75,8081;26105636
SAU;Asia;Saudi Arabia;;2012;49835,047;76,0896;27062447
SAU;Asia;Saudi Arabia;;2013;50021,12;76,5169;28026825
SAU;Asia;Saudi Arabia;;2014;50790,992;77,1159;28998127
SAU;Asia;Saudi Arabia;;2015;51941,598;77,7762;29974944
SAU;Asia;Saudi Arabia;;2016;51959,074;78,3537;30717804
SAU;Asia;Saudi Arabia;;2017;50593,27;78,7213;30782400
SAU;Asia;Saudi Arabia;;2018;50906,484;78,7499;30365119
SAU;Asia;Saudi Arabia;;2019;50123,336;78,3132;30472809
SAU;Asia;Saudi Arabia;;2020;46723,93;77,5962;30991206
SAU;Asia;Saudi Arabia;;2021;49841,145;77,0887;31328374
SAU;Asia;Saudi Arabia;;2022;53516,91;77,3098;32175351
SAU;Asia;Saudi Arabia;;2023;;78,7321;33264289
SEN;Africa;Senegal;;1970;2287;40,789;4466330
SEN;Africa;Senegal;;1971;2216;41,2428;4601869
SEN;Africa;Senegal;;1972;2289;41,7704;4741632
SEN;Africa;Senegal;;1973;2096;42,4286;4885181
SEN;Africa;Senegal;;1974;2118;43,1043;5029446
SEN;Africa;Senegal;;1975;2225;43,9377;5170812
SEN;Africa;Senegal;;1976;2370;44,8095;5308567
SEN;Africa;Senegal;;1977;2236;45,7144;5439555
SEN;Africa;Senegal;;1978;2082;46,5962;5568099
SEN;Africa;Senegal;;1979;2158;47,478;5702899
SEN;Africa;Senegal;;1980;2021;48,2935;5845640
SEN;Africa;Senegal;;1981;1943;49,0832;5997165
SEN;Africa;Senegal;;1982;2168;49,863;6156963
SEN;Africa;Senegal;;1983;2153;50,8112;6324507
SEN;Africa;Senegal;;1984;1989;51,6942;6499366
SEN;Africa;Senegal;;1985;2000;52,5864;6683296
SEN;Africa;Senegal;;1986;2031;53,7181;6878199
SEN;Africa;Senegal;;1987;2048;54,6317;7081535
SEN;Africa;Senegal;;1988;2085;55,5462;7289622
SEN;Africa;Senegal;;1989;1980;56,2093;7502213
SEN;Africa;Senegal;;1990;1999;56,6739;7720524
SEN;Africa;Senegal;;1991;1982,626;57,0369;7943091
SEN;Africa;Senegal;;1992;1942,9268;57,2872;8168396
SEN;Africa;Senegal;;1993;1906,8239;57,3483;8396289
SEN;Africa;Senegal;;1994;1847,5983;57,4792;8624077
SEN;Africa;Senegal;;1995;1886,5428;57,3356;8848112
SEN;Africa;Senegal;;1996;1866,3423;57,1285;9067018
SEN;Africa;Senegal;;1997;1866,3911;57,1069;9283505
SEN;Africa;Senegal;;1998;1915,4297;57,0764;9502951
SEN;Africa;Senegal;;1999;1978,0964;57,3145;9730897
SEN;Africa;Senegal;;2000;1983,524;57,6153;9968262
SEN;Africa;Senegal;;2001;2009,9423;58,158;10212941
SEN;Africa;Senegal;;2002;1959,6141;58,9124;10466216
SEN;Africa;Senegal;;2003;2025,0234;59,4735;10721176
SEN;Africa;Senegal;;2004;2074,9539;60,3076;10975711
SEN;Africa;Senegal;;2005;2121,1587;60,9801;11235473
SEN;Africa;Senegal;;2006;2104,437;61,8006;11500094
SEN;Africa;Senegal;;2007;2137,6716;62,6525;11770348
SEN;Africa;Senegal;;2008;2146,7915;63,2012;12048963
SEN;Africa;Senegal;;2009;2129,3364;63,7513;12337390
SEN;Africa;Senegal;;2010;2151,3247;64,2214;12635418
SEN;Africa;Senegal;;2011;2123;64,7987;12958902
SEN;Africa;Senegal;;2012;2141,3882;65,2291;13310499
SEN;Africa;Senegal;;2013;2127,3865;65,6376;13710857
SEN;Africa;Senegal;;2014;2191,9766;66,0014;14152103
SEN;Africa;Senegal;;2015;2262,3123;66,4511;14593335
SEN;Africa;Senegal;;2016;2335,8652;66,724;15034517
SEN;Africa;Senegal;;2017;2435,9604;67,0589;15475001
SEN;Africa;Senegal;;2018;2514,8071;67,3792;15914495
SEN;Africa;Senegal;;2019;2559,8176;67,668;16352926
SEN;Africa;Senegal;;2020;2524,2656;67,4961;16789217
SEN;Africa;Senegal;;2021;2607,2322;66,8685;17220866
SEN;Africa;Senegal;;2022;2660,6816;67,7884;17651099
SEN;Africa;Senegal;;2023;;68,6829;18077573
SRB;Europe;Serbia;;1970;6515;69,7347;7324426
SRB;Europe;Serbia;;1971;7084;69,7171;7375141
SRB;Europe;Serbia;;1972;7347;69,9821;7424742
SRB;Europe;Serbia;;1973;7716;70,497;7473516
SRB;Europe;Serbia;;1974;8322;71,1241;7522491
SRB;Europe;Serbia;;1975;8498;71,6126;7572433
SRB;Europe;Serbia;;1976;8877;71,8626;7622703
SRB;Europe;Serbia;;1977;9529;71,7708;7671486
SRB;Europe;Serbia;;1978;9958;71,442;7716932
SRB;Europe;Serbia;;1979;10772;71,173;7758219
SRB;Europe;Serbia;;1980;10724;71,0805;7796286
SRB;Europe;Serbia;;1981;10888;71,111;7827863
SRB;Europe;Serbia;;1982;10949;71,0352;7849652
SRB;Europe;Serbia;;1983;10707;71,0888;7864592
SRB;Europe;Serbia;;1984;10866;71,1564;7875050
SRB;Europe;Serbia;;1985;10839;71,4408;7881551
SRB;Europe;Serbia;;1986;11180;71,6423;7884582
SRB;Europe;Serbia;;1987;10973;71,8508;7885364
SRB;Europe;Serbia;;1988;10793;72,0392;7884457
SRB;Europe;Serbia;;1989;10963;72,3396;7881272
SRB;Europe;Serbia;;1990;9754;72,2251;7874595
SRB;Europe;Serbia;;1991;8858,007;71,9376;7867067
SRB;Europe;Serbia;;1992;6567,67;71,6279;7859811
SRB;Europe;Serbia;;1993;4673,6416;71,8756;7849723
SRB;Europe;Serbia;;1994;4910,8164;72,3036;7837157
SRB;Europe;Serbia;;1995;5325,4883;72,7264;7823281
SRB;Europe;Serbia;;1996;5710,197;72,916;7807720
SRB;Europe;Serbia;;1997;6288,024;72,9467;7789186
SRB;Europe;Serbia;;1998;6603,711;72,2993;7765929
SRB;Europe;Serbia;;1999;5532,5415;69,9939;7734367
SRB;Europe;Serbia;;2000;6059,583;72,3344;7694608
SRB;Europe;Serbia;;2001;6542,6797;72,2745;7651927
SRB;Europe;Serbia;;2002;7155,576;72,5994;7616741
SRB;Europe;Serbia;;2003;7637,832;72,7222;7590946
SRB;Europe;Serbia;;2004;8512,168;72,8667;7565843
SRB;Europe;Serbia;;2005;9198,414;73,1151;7539139
SRB;Europe;Serbia;;2006;9902,426;73,3951;7511395
SRB;Europe;Serbia;;2007;10768,942;73,724;7482996
SRB;Europe;Serbia;;2008;11650,228;73,9041;7454285
SRB;Europe;Serbia;;2009;11576,589;74,106;7425346
SRB;Europe;Serbia;;2010;11963,555;74,3762;7395872
SRB;Europe;Serbia;;2011;12463;74,7194;7364858
SRB;Europe;Serbia;;2012;12438,256;75,0888;7324624
SRB;Europe;Serbia;;2013;12860,451;75,3461;7276183
SRB;Europe;Serbia;;2014;12717,727;75,4778;7227203
SRB;Europe;Serbia;;2015;13013,854;75,653;7177257
SRB;Europe;Serbia;;2016;13518,949;75,7375;7126083
SRB;Europe;Serbia;;2017;13876,65;75,7921;7073507
SRB;Europe;Serbia;;2018;14579,859;76,0356;7020014
SRB;Europe;Serbia;;2019;15293,246;76,0585;6966155
SRB;Europe;Serbia;;2020;15256,421;74,5065;6907814
SRB;Europe;Serbia;;2021;16563,828;72,853;6835429
SRB;Europe;Serbia;;2022;17097,686;75,4778;6791215
SRB;Europe;Serbia;;2023;;76,7693;6773204
SYC;Africa;Seychelles;;1970;3537;63,9828;54276
SYC;Africa;Seychelles;;1971;3987;64,6445;55534
SYC;Africa;Seychelles;;1972;4149;65,3468;56913
SYC;Africa;Seychelles;;1973;4468;65,9282;58320
SYC;Africa;Seychelles;;1974;4457;66,4301;59765
SYC;Africa;Seychelles;;1975;4506;66,8473;61236
SYC;Africa;Seychelles;;1976;5149;67,22;62762
SYC;Africa;Seychelles;;1977;5491;67,588;64117
SYC;Africa;Seychelles;;1978;5906;67,9349;65008
SYC;Africa;Seychelles;;1979;6709;68,2368;65625
SYC;Africa;Seychelles;;1980;6424;68,4872;66281
SYC;Africa;Seychelles;;1981;5928;68,731;66974
SYC;Africa;Seychelles;;1982;5786;69,004;67666
SYC;Africa;Seychelles;;1983;5638;69,2574;68379
SYC;Africa;Seychelles;;1984;6030;69,468;69103
SYC;Africa;Seychelles;;1985;6585;69,6242;69837
SYC;Africa;Seychelles;;1986;6601;69,7665;70582
SYC;Africa;Seychelles;;1987;6827;69,8872;71358
SYC;Africa;Seychelles;;1988;7114;69,9897;72229
SYC;Africa;Seychelles;;1989;7755;70,0725;73142
SYC;Africa;Seychelles;;1990;8239;70,1698;74000
SYC;Africa;Seychelles;;1991;8570,674;70,2629;74838
SYC;Africa;Seychelles;;1992;9304,808;70,3457;75630
SYC;Africa;Seychelles;;1993;10009,914;70,4148;76420
SYC;Africa;Seychelles;;1994;10060,825;70,5039;77279
SYC;Africa;Seychelles;;1995;10135,096;70,6341;78144
SYC;Africa;Seychelles;;1996;10468,99;70,7952;78901
SYC;Africa;Seychelles;;1997;12233,05;70,7594;79670
SYC;Africa;Seychelles;;1998;13801,1875;71,092;80738
SYC;Africa;Seychelles;;1999;14235,787;71,2079;82033
SYC;Africa;Seychelles;;2000;14379,832;71,3127;83339
SYC;Africa;Seychelles;;2001;14221,163;71,4292;84621
SYC;Africa;Seychelles;;2002;14581,411;71,5458;85878
SYC;Africa;Seychelles;;2003;13835,993;71,684;87056
SYC;Africa;Seychelles;;2004;13735,897;71,7069;88175
SYC;Africa;Seychelles;;2005;15172,563;71,9209;89288
SYC;Africa;Seychelles;;2006;16824,613;72,0474;90391
SYC;Africa;Seychelles;;2007;18832,826;72,1617;91483
SYC;Africa;Seychelles;;2008;18687,39;72,3233;92563
SYC;Africa;Seychelles;;2009;18743,996;72,4139;93644
SYC;Africa;Seychelles;;2010;20147,178;72,4771;94993
SYC;Africa;Seychelles;;2011;21545;72,5062;97041
SYC;Africa;Seychelles;;2012;22130;72,4907;99565
SYC;Africa;Seychelles;;2013;23036;72,4279;102108
SYC;Africa;Seychelles;;2014;24250;72,3545;104663
SYC;Africa;Seychelles;;2015;25690;72,2854;107247
SYC;Africa;Seychelles;;2016;28588,604;72,2456;109836
SYC;Africa;Seychelles;;2017;30072,227;72,2319;112443
SYC;Africa;Seychelles;;2018;31524,877;72,1756;115053
SYC;Africa;Seychelles;;2019;32745,871;72,1226;117662
SYC;Africa;Seychelles;;2020;29647,482;74,0912;120299
SYC;Africa;Seychelles;;2021;30125,953;71,2198;123000
SYC;Africa;Seychelles;;2022;31055,39;71,2481;125533
SYC;Africa;Seychelles;;2023;;72,862;127961
SLE;Africa;Sierra Leone;;1970;1553;38,619;2712287
SLE;Africa;Sierra Leone;;1971;1535;39,1043;2763230
SLE;Africa;Sierra Leone;;1972;1525;39,5048;2814397
SLE;Africa;Sierra Leone;;1973;1553;39,9603;2866959
SLE;Africa;Sierra Leone;;1974;1581;40,4117;2920466
SLE;Africa;Sierra Leone;;1975;1551;40,9897;2974659
SLE;Africa;Sierra Leone;;1976;1511;41,4253;3028822
SLE;Africa;Sierra Leone;;1977;1495;41,8258;3085359
SLE;Africa;Sierra Leone;;1978;1524;42,1916;3145522
SLE;Africa;Sierra Leone;;1979;1572;42,53;3207502
SLE;Africa;Sierra Leone;;1980;1584;42,8389;3272097
SLE;Africa;Sierra Leone;;1981;1615;43,0856;3338944
SLE;Africa;Sierra Leone;;1982;1610;43,3021;3408188
SLE;Africa;Sierra Leone;;1983;1575;43,4548;3481644
SLE;Africa;Sierra Leone;;1984;1608;43,5611;3558762
SLE;Africa;Sierra Leone;;1985;1610;43,5563;3638444
SLE;Africa;Sierra Leone;;1986;1597;43,5025;3728381
SLE;Africa;Sierra Leone;;1987;1624;43,7482;3829720
SLE;Africa;Sierra Leone;;1988;1626;43,7652;3934517
SLE;Africa;Sierra Leone;;1989;1642;43,7413;4034038
SLE;Africa;Sierra Leone;;1990;1635;43,7204;4196834
SLE;Africa;Sierra Leone;;1991;1467,3888;43,287;4246268
SLE;Africa;Sierra Leone;;1992;1354,9681;43,451;4166368
SLE;Africa;Sierra Leone;;1993;1405,1628;43,4277;4157128
SLE;Africa;Sierra Leone;;1994;1500,2092;42,808;4173111
SLE;Africa;Sierra Leone;;1995;1383,1082;42,5787;4179178
SLE;Africa;Sierra Leone;;1996;1060,5624;43,5283;4199215
SLE;Africa;Sierra Leone;;1997;885,29846;43,6493;4253710
SLE;Africa;Sierra Leone;;1998;882,7294;42,7144;4295783
SLE;Africa;Sierra Leone;;1999;814,1233;41,9622;4318047
SLE;Africa;Sierra Leone;;2000;828,7939;44,8341;4423615
SLE;Africa;Sierra Leone;;2001;923,0458;45,4476;4692715
SLE;Africa;Sierra Leone;;2002;1101,7504;46,1739;4971435
SLE;Africa;Sierra Leone;;2003;1156,5192;46,7843;5177686
SLE;Africa;Sierra Leone;;2004;1197,153;47,4853;5355715
SLE;Africa;Sierra Leone;;2005;1223,7015;48,306;5501707
SLE;Africa;Sierra Leone;;2006;1247,2528;49,5472;5624464
SLE;Africa;Sierra Leone;;2007;1320,7577;50,0239;5749353
SLE;Africa;Sierra Leone;;2008;1363,4875;50,6927;5894728
SLE;Africa;Sierra Leone;;2009;1378,3579;51,3124;6055655
SLE;Africa;Sierra Leone;;2010;1421,1521;51,9272;6222715
SLE;Africa;Sierra Leone;;2011;1479;52,5936;6387258
SLE;Africa;Sierra Leone;;2012;1665;53,159;6551078
SLE;Africa;Sierra Leone;;2013;1965;54,0515;6714057
SLE;Africa;Sierra Leone;;2014;2007;54,2809;6876385
SLE;Africa;Sierra Leone;;2015;1563;55,454;7037660
SLE;Africa;Sierra Leone;;2016;1622,4203;56,9368;7205339
SLE;Africa;Sierra Leone;;2017;1643,3287;57,761;7379300
SLE;Africa;Sierra Leone;;2018;1660,427;59,0587;7554568
SLE;Africa;Sierra Leone;;2019;1707,3713;59,5935;7731994
SLE;Africa;Sierra Leone;;2020;1635,713;59,6935;7912557
SLE;Africa;Sierra Leone;;2021;1665,1047;60,2596;8094603
SLE;Africa;Sierra Leone;;2022;1690,4982;61,2748;8276809
SLE;Africa;Sierra Leone;;2023;;61,7858;8460523
SGP;Asia;Singapore;;1970;6650;68,4999;2091568
SGP;Asia;Singapore;;1971;7318;68,7955;2128445
SGP;Asia;Singapore;;1972;8155;68,9641;2164344
SGP;Asia;Singapore;;1973;8894;69,3571;2200145
SGP;Asia;Singapore;;1974;9314;69,7088;2235079
SGP;Asia;Singapore;;1975;9602;70,2322;2268532
SGP;Asia;Singapore;;1976;10178;70,5699;2300749
SGP;Asia;Singapore;;1977;10790;70,8837;2331547
SGP;Asia;Singapore;;1978;11588;71,1631;2360611
SGP;Asia;Singapore;;1979;12521;71,3566;2388159
SGP;Asia;Singapore;;1980;13601;71,5285;2437496
SGP;Asia;Singapore;;1981;14335;71,7476;2531801
SGP;Asia;Singapore;;1982;14687;72,0149;2627420
SGP;Asia;Singapore;;1983;15720;72,4147;2685982
SGP;Asia;Singapore;;1984;16767;72,6028;2720930
SGP;Asia;Singapore;;1985;16611;73,1235;2735032
SGP;Asia;Singapore;;1986;16831;73,5641;2744656
SGP;Asia;Singapore;;1987;18345;74,0353;2781625
SGP;Asia;Singapore;;1988;19853;74,0494;2849043
SGP;Asia;Singapore;;1989;21221;74,3325;2938656
SGP;Asia;Singapore;;1990;22666;74,5982;3039593
SGP;Asia;Singapore;;1991;23636,684;75,0582;3136294
SGP;Asia;Singapore;;1992;24775,57;75,3265;3226461
SGP;Asia;Singapore;;1993;27073,715;75,5328;3317892
SGP;Asia;Singapore;;1994;29454,613;75,6269;3417818
SGP;Asia;Singapore;;1995;30957,287;75,7249;3533624
SGP;Asia;Singapore;;1996;32724,488;76,0504;3664566
SGP;Asia;Singapore;;1997;34868,066;76,3889;3796629
SGP;Asia;Singapore;;1998;33590,48;76,851;3901418
SGP;Asia;Singapore;;1999;35156,117;77,2711;3966562
SGP;Asia;Singapore;;2000;37772,758;77,7525;4035251
SGP;Asia;Singapore;;2001;36864,574;78,2668;4116169
SGP;Asia;Singapore;;2002;37829,906;78,7357;4146898
SGP;Asia;Singapore;;2003;38950,746;79,1777;4138241
SGP;Asia;Singapore;;2004;42111,168;79,6584;4172767
SGP;Asia;Singapore;;2005;44698,84;80,2706;4268363
SGP;Asia;Singapore;;2006;48073,59;80,6404;4407064
SGP;Asia;Singapore;;2007;51844,062;80,8845;4596516
SGP;Asia;Singapore;;2008;52180,17;81,0992;4806742
SGP;Asia;Singapore;;2009;51344,477;81,4282;4968574
SGP;Asia;Singapore;;2010;58612,73;81,6472;5077020
SGP;Asia;Singapore;;2011;61672;81,9417;5182242
SGP;Asia;Singapore;;2012;62855,523;82,2089;5293345
SGP;Asia;Singapore;;2013;64821,926;82,4676;5385589
SGP;Asia;Singapore;;2014;66498,555;82,6146;5457899
SGP;Asia;Singapore;;2015;67673,94;82,7479;5525343
SGP;Asia;Singapore;;2016;69211,05;82,897;5577936
SGP;Asia;Singapore;;2017;72292,04;83,0947;5604087
SGP;Asia;Singapore;;2018;74518,15;83,3783;5634366
SGP;Asia;Singapore;;2019;74649,734;83,6622;5669562
SGP;Asia;Singapore;;2020;71964,7;83,6607;5620151
SGP;Asia;Singapore;;2021;77945,484;83,4846;5546291
SGP;Asia;Singapore;;2022;80320,086;82,9211;5649888
SGP;Asia;Singapore;;2023;;83,7362;5789092
SXM;North America;Sint Maarten (Dutch part);;1970;;70,8556;6437
SXM;North America;Sint Maarten (Dutch part);;1971;;71,3093;6909
SXM;North America;Sint Maarten (Dutch part);;1972;;71,7294;7402
SXM;North America;Sint Maarten (Dutch part);;1973;;72,0607;7939
SXM;North America;Sint Maarten (Dutch part);;1974;;72,2434;8514
SXM;North America;Sint Maarten (Dutch part);;1975;;72,3076;9114
SXM;North America;Sint Maarten (Dutch part);;1976;;72,2763;9739
SXM;North America;Sint Maarten (Dutch part);;1977;;72,1327;10387
SXM;North America;Sint Maarten (Dutch part);;1978;;71,9709;11059
SXM;North America;Sint Maarten (Dutch part);;1979;;71,839;11746
SXM;North America;Sint Maarten (Dutch part);;1980;;71,7905;12432
SXM;North America;Sint Maarten (Dutch part);;1981;;71,8637;13327
SXM;North America;Sint Maarten (Dutch part);;1982;;72,0096;14622
SXM;North America;Sint Maarten (Dutch part);;1983;;72,1458;16154
SXM;North America;Sint Maarten (Dutch part);;1984;;72,2802;17715
SXM;North America;Sint Maarten (Dutch part);;1985;;72,3854;19314
SXM;North America;Sint Maarten (Dutch part);;1986;;72,4359;20949
SXM;North America;Sint Maarten (Dutch part);;1987;;72,4352;22642
SXM;North America;Sint Maarten (Dutch part);;1988;;72,4563;24382
SXM;North America;Sint Maarten (Dutch part);;1989;;72,4411;26190
SXM;North America;Sint Maarten (Dutch part);;1990;;72,4137;28079
SXM;North America;Sint Maarten (Dutch part);;1991;;72,384;30063
SXM;North America;Sint Maarten (Dutch part);;1992;;72,4022;31589
SXM;North America;Sint Maarten (Dutch part);;1993;;72,462;32050
SXM;North America;Sint Maarten (Dutch part);;1994;;72,5975;31941
SXM;North America;Sint Maarten (Dutch part);;1995;;72,8492;31796
SXM;North America;Sint Maarten (Dutch part);;1996;;73,1877;31622
SXM;North America;Sint Maarten (Dutch part);;1997;;73,5508;31421
SXM;North America;Sint Maarten (Dutch part);;1998;;73,9001;31215
SXM;North America;Sint Maarten (Dutch part);;1999;;74,2222;30998
SXM;North America;Sint Maarten (Dutch part);;2000;;74,4091;30796
SXM;North America;Sint Maarten (Dutch part);;2001;;74,5246;30751
SXM;North America;Sint Maarten (Dutch part);;2002;;74,5847;30986
SXM;North America;Sint Maarten (Dutch part);;2003;;74,5879;31346
SXM;North America;Sint Maarten (Dutch part);;2004;;74,6175;31714
SXM;North America;Sint Maarten (Dutch part);;2005;;74,6812;32083
SXM;North America;Sint Maarten (Dutch part);;2006;;74,7786;32448
SXM;North America;Sint Maarten (Dutch part);;2007;;74,8123;32811
SXM;North America;Sint Maarten (Dutch part);;2008;;74,8522;33165
SXM;North America;Sint Maarten (Dutch part);;2009;;74,7963;33514
SXM;North America;Sint Maarten (Dutch part);;2010;;74,8212;33814
SXM;North America;Sint Maarten (Dutch part);;2011;;74,8684;34288
SXM;North America;Sint Maarten (Dutch part);;2012;;75,1253;35040
SXM;North America;Sint Maarten (Dutch part);;2013;;75,3913;35871
SXM;North America;Sint Maarten (Dutch part);;2014;;75,7346;36695
SXM;North America;Sint Maarten (Dutch part);;2015;;75,8992;37490
SXM;North America;Sint Maarten (Dutch part);;2016;;75,9518;38274
SXM;North America;Sint Maarten (Dutch part);;2017;;75,4551;39012
SXM;North America;Sint Maarten (Dutch part);;2018;;75,6932;39736
SXM;North America;Sint Maarten (Dutch part);;2019;;75,6796;40410
SXM;North America;Sint Maarten (Dutch part);;2020;;75,0023;41027
SXM;North America;Sint Maarten (Dutch part);;2021;;74,5049;41593
SXM;North America;Sint Maarten (Dutch part);;2022;;76,1804;42163
SXM;North America;Sint Maarten (Dutch part);;2023;;76,371;42775
SVK;Europe;Slovakia;;1970;;69,7226;4525876
SVK;Europe;Slovakia;;1971;;69,8642;4560415
SVK;Europe;Slovakia;;1972;;70,3009;4599802
SVK;Europe;Slovakia;;1973;;70,0292;4643683
SVK;Europe;Slovakia;;1974;;70,1773;4690647
SVK;Europe;Slovakia;;1975;;70,3033;4739175
SVK;Europe;Slovakia;;1976;;70,4656;4788513
SVK;Europe;Slovakia;;1977;;70,4074;4837710
SVK;Europe;Slovakia;;1978;;70,4218;4885733
SVK;Europe;Slovakia;;1979;;70,7419;4933451
SVK;Europe;Slovakia;;1980;;70,3802;4976659
SVK;Europe;Slovakia;;1981;;70,6229;5014960
SVK;Europe;Slovakia;;1982;;70,7606;5051811
SVK;Europe;Slovakia;;1983;;70,4753;5086443
SVK;Europe;Slovakia;;1984;;70,7103;5119394
SVK;Europe;Slovakia;;1985;11815;70,7208;5151164
SVK;Europe;Slovakia;;1986;12242;70,8861;5180090
SVK;Europe;Slovakia;;1987;12473;71,0679;5205882
SVK;Europe;Slovakia;;1988;12659;71,1261;5229678
SVK;Europe;Slovakia;;1989;12734;70,9375;5249932
SVK;Europe;Slovakia;;1990;12374;70,819;5266077
SVK;Europe;Slovakia;;1991;10537,41;70,9212;5284876
SVK;Europe;Slovakia;;1992;9838,615;71,3652;5306445
SVK;Europe;Slovakia;;1993;10481,115;71,8803;5326363
SVK;Europe;Slovakia;;1994;11063,948;72,3295;5343230
SVK;Europe;Slovakia;;1995;11874,398;72,2537;5354287
SVK;Europe;Slovakia;;1996;12622,909;72,7385;5362430
SVK;Europe;Slovakia;;1997;13335,459;72,6887;5369781
SVK;Europe;Slovakia;;1998;13822,1875;72,573;5374801
SVK;Europe;Slovakia;;1999;13750,333;72,9625;5378105
SVK;Europe;Slovakia;;2000;13904,985;73,1393;5380001
SVK;Europe;Slovakia;;2001;14361,901;73,5706;5379439
SVK;Europe;Slovakia;;2002;14984,731;73,765;5377685
SVK;Europe;Slovakia;;2003;15773,095;73,8185;5376197
SVK;Europe;Slovakia;;2004;16570,861;74,2172;5376038
SVK;Europe;Slovakia;;2005;17649,52;74,1562;5376697
SVK;Europe;Slovakia;;2006;19099,428;74,4161;5376847
SVK;Europe;Slovakia;;2007;21109,94;74,4947;5376993
SVK;Europe;Slovakia;;2008;22231,988;74,8643;5379127
SVK;Europe;Slovakia;;2009;20953,037;75,2175;5385074
SVK;Europe;Slovakia;;2010;21941,213;75,4963;5391857
SVK;Europe;Slovakia;;2011;22483;76,0181;5398105
SVK;Europe;Slovakia;;2012;22745,203;76,1764;5404877
SVK;Europe;Slovakia;;2013;22860,525;76,5139;5410422
SVK;Europe;Slovakia;;2014;23453,041;76,8484;5415238
SVK;Europe;Slovakia;;2015;24647,719;76,6505;5420278
SVK;Europe;Slovakia;;2016;25087,715;77,2156;5427262
SVK;Europe;Slovakia;;2017;25788,756;77,22;5435702
SVK;Europe;Slovakia;;2018;26790,652;77,265;5443229
SVK;Europe;Slovakia;;2019;27429,225;77,6863;5450627
SVK;Europe;Slovakia;;2020;26468,295;76,8643;5455028
SVK;Europe;Slovakia;;2021;27365,623;74,5901;5442766
SVK;Europe;Slovakia;;2022;27519,287;77,0356;5473195
SVK;Europe;Slovakia;;2023;;78,3414;5518057
SVN;Europe;Slovenia;;1970;12803;69,0488;1739869
SVN;Europe;Slovenia;;1971;13657;69,715;1752715
SVN;Europe;Slovenia;;1972;14269;70,33;1768220
SVN;Europe;Slovenia;;1973;15079;70,7523;1784579
SVN;Europe;Slovenia;;1974;16420;71,0388;1801032
SVN;Europe;Slovenia;;1975;17205;71,0825;1817595
SVN;Europe;Slovenia;;1976;17462;71,1377;1834356
SVN;Europe;Slovenia;;1977;18595;71,2652;1851329
SVN;Europe;Slovenia;;1978;20014;71,5871;1868515
SVN;Europe;Slovenia;;1979;21367;71,6255;1885912
SVN;Europe;Slovenia;;1980;21151;71,8172;1903075
SVN;Europe;Slovenia;;1981;20929;71,6474;1914594
SVN;Europe;Slovenia;;1982;20535;71,3683;1917974
SVN;Europe;Slovenia;;1983;20451;71,1885;1923360
SVN;Europe;Slovenia;;1984;20650;71,3331;1932703
SVN;Europe;Slovenia;;1985;20663;71,8019;1941480
SVN;Europe;Slovenia;;1986;21122;72,0879;1964833
SVN;Europe;Slovenia;;1987;20851;72,4437;1988025
SVN;Europe;Slovenia;;1988;20083;72,7634;1993520
SVN;Europe;Slovenia;;1989;19837;73,2901;1995463
SVN;Europe;Slovenia;;1990;18093;73,4654;1998010
SVN;Europe;Slovenia;;1991;16401,959;73,4746;1999191
SVN;Europe;Slovenia;;1992;15462,71;73,4192;1995862
SVN;Europe;Slovenia;;1993;15872,12;73,584;1990815
SVN;Europe;Slovenia;;1994;16664,705;73,9062;1988262
SVN;Europe;Slovenia;;1995;17816,8;74,4188;1988098
SVN;Europe;Slovenia;;1996;18376,246;74,7968;1986792
SVN;Europe;Slovenia;;1997;19258,945;74,9886;1984404
SVN;Europe;Slovenia;;1998;19851,057;75,1392;1980071
SVN;Europe;Slovenia;;1999;20793,918;75,4538;1981198
SVN;Europe;Slovenia;;2000;21501,336;75,8302;1986817
SVN;Europe;Slovenia;;2001;22006,953;76,1809;1989684
SVN;Europe;Slovenia;;2002;22725,312;76,3155;1991571
SVN;Europe;Slovenia;;2003;23257,422;76,3172;1992499
SVN;Europe;Slovenia;;2004;24150,584;76,9319;1993548
SVN;Europe;Slovenia;;2005;24966,94;77,5029;1996915
SVN;Europe;Slovenia;;2006;26182,78;77,8204;2003116
SVN;Europe;Slovenia;;2007;27832,764;78,2855;2014159
SVN;Europe;Slovenia;;2008;28473,596;78,595;2025090
SVN;Europe;Slovenia;;2009;25905,512;79,027;2035610
SVN;Europe;Slovenia;;2010;26000,92;79,3008;2044611
SVN;Europe;Slovenia;;2011;26004;79,5884;2048805
SVN;Europe;Slovenia;;2012;25269,232;79,7652;2053322
SVN;Europe;Slovenia;;2013;24975,363;80,0884;2056452
SVN;Europe;Slovenia;;2014;25638,66;80,2517;2058395
SVN;Europe;Slovenia;;2015;26186,248;80,4994;2059946
SVN;Europe;Slovenia;;2016;27004,717;80,512;2061379
SVN;Europe;Slovenia;;2017;28288,89;80,6163;2062410
SVN;Europe;Slovenia;;2018;29461,344;80,861;2069484
SVN;Europe;Slovenia;;2019;30229,299;81,007;2083438
SVN;Europe;Slovenia;;2020;28733,303;80,3641;2102421
SVN;Europe;Slovenia;;2021;31019,943;80,434;2113495
SVN;Europe;Slovenia;;2022;32673,762;80,7933;2115231
SVN;Europe;Slovenia;;2023;;81,6034;2118394
SLB;Oceania;Solomon Islands;;1970;;56,0607;176590
SLB;Oceania;Solomon Islands;;1971;;57,0149;180655
SLB;Oceania;Solomon Islands;;1972;;57,9134;185005
SLB;Oceania;Solomon Islands;;1973;;58,7772;189788
SLB;Oceania;Solomon Islands;;1974;;59,6113;195056
SLB;Oceania;Solomon Islands;;1975;;58,4043;200759
SLB;Oceania;Solomon Islands;;1976;;61,153;207210
SLB;Oceania;Solomon Islands;;1977;;61,5277;214426
SLB;Oceania;Solomon Islands;;1978;;62,5363;222040
SLB;Oceania;Solomon Islands;;1979;;63,1341;229964
SLB;Oceania;Solomon Islands;;1980;;63,669;238149
SLB;Oceania;Solomon Islands;;1981;;64,0766;246569
SLB;Oceania;Solomon Islands;;1982;;64,4563;255213
SLB;Oceania;Solomon Islands;;1983;;64,7713;264084
SLB;Oceania;Solomon Islands;;1984;;65,049;273176
SLB;Oceania;Solomon Islands;;1985;;65,2882;282468
SLB;Oceania;Solomon Islands;;1986;;64,7182;291855
SLB;Oceania;Solomon Islands;;1987;;65,6832;301426
SLB;Oceania;Solomon Islands;;1988;;65,866;311278
SLB;Oceania;Solomon Islands;;1989;;66,0511;321293
SLB;Oceania;Solomon Islands;;1990;;66,1942;331448
SLB;Oceania;Solomon Islands;;1991;;66,3573;341743
SLB;Oceania;Solomon Islands;;1992;;66,4709;352215
SLB;Oceania;Solomon Islands;;1993;;66,5577;362850
SLB;Oceania;Solomon Islands;;1994;;66,6614;373685
SLB;Oceania;Solomon Islands;;1995;;66,717;384744
SLB;Oceania;Solomon Islands;;1996;;66,7391;396017
SLB;Oceania;Solomon Islands;;1997;;66,7678;407480
SLB;Oceania;Solomon Islands;;1998;;66,8904;419078
SLB;Oceania;Solomon Islands;;1999;;67,001;430511
SLB;Oceania;Solomon Islands;;2000;;67,1164;440481
SLB;Oceania;Solomon Islands;;2001;;67,2365;449137
SLB;Oceania;Solomon Islands;;2002;;67,3501;457676
SLB;Oceania;Solomon Islands;;2003;;67,4787;466164
SLB;Oceania;Solomon Islands;;2004;;67,6283;474618
SLB;Oceania;Solomon Islands;;2005;;67,79;483090
SLB;Oceania;Solomon Islands;;2006;;67,9676;491602
SLB;Oceania;Solomon Islands;;2007;;67,8451;500168
SLB;Oceania;Solomon Islands;;2008;;68,3362;508802
SLB;Oceania;Solomon Islands;;2009;;68,3971;518150
SLB;Oceania;Solomon Islands;;2010;;68,6694;532976
SLB;Oceania;Solomon Islands;;2011;;68,8241;552958
SLB;Oceania;Solomon Islands;;2012;;68,9606;573623
SLB;Oceania;Solomon Islands;;2013;;69,0072;594952
SLB;Oceania;Solomon Islands;;2014;;68,9836;616915
SLB;Oceania;Solomon Islands;;2015;;69,3234;639423
SLB;Oceania;Solomon Islands;;2016;;69,5012;662387
SLB;Oceania;Solomon Islands;;2017;;69,6517;685677
SLB;Oceania;Solomon Islands;;2018;;69,8061;709109
SLB;Oceania;Solomon Islands;;2019;;69,9807;728156
SLB;Oceania;Solomon Islands;;2020;;69,2577;744505
SLB;Oceania;Solomon Islands;;2021;;68,8904;762594
SLB;Oceania;Solomon Islands;;2022;;70,4086;781075
SLB;Oceania;Solomon Islands;;2023;;70,5277;800014
SOM;Africa;Somalia;;1970;;45,644;3738451
SOM;Africa;Somalia;;1971;;45,8367;3837694
SOM;Africa;Somalia;;1972;;46,0321;3939438
SOM;Africa;Somalia;;1973;;46,2238;4045589
SOM;Africa;Somalia;;1974;;44,2591;4151851
SOM;Africa;Somalia;;1975;;44,4902;4257539
SOM;Africa;Somalia;;1976;;44,7266;4365815
SOM;Africa;Somalia;;1977;;47,0042;4484061
SOM;Africa;Somalia;;1978;;47,0131;4814897
SOM;Africa;Somalia;;1979;;47,4051;5449115
SOM;Africa;Somalia;;1980;;47,6108;5936155
SOM;Africa;Somalia;;1981;;47,8174;5982853
SOM;Africa;Somalia;;1982;;48,0201;6003838
SOM;Africa;Somalia;;1983;;48,2296;6198436
SOM;Africa;Somalia;;1984;;48,4378;6428396
SOM;Africa;Somalia;;1985;;48,2786;6693294
SOM;Africa;Somalia;;1986;;48,4315;6974790
SOM;Africa;Somalia;;1987;;49,0015;7228308
SOM;Africa;Somalia;;1988;;43,9326;7235362
SOM;Africa;Somalia;;1989;;46,6485;7114828
SOM;Africa;Somalia;;1990;;46,896;7082816
SOM;Africa;Somalia;;1991;;25,4184;6813762
SOM;Africa;Somalia;;1992;;25,0342;6495109
SOM;Africa;Somalia;;1993;;50,5506;6681406
SOM;Africa;Somalia;;1994;;50,3025;7026804
SOM;Africa;Somalia;;1995;;50,6499;7285013
SOM;Africa;Somalia;;1996;;50,5244;7554476
SOM;Africa;Somalia;;1997;;50,278;7824531
SOM;Africa;Somalia;;1998;;50,7552;8155414
SOM;Africa;Somalia;;1999;;50,611;8492066
SOM;Africa;Somalia;;2000;;50,7466;8838714
SOM;Africa;Somalia;;2001;;50,8291;9198495
SOM;Africa;Somalia;;2002;;50,8202;9550069
SOM;Africa;Somalia;;2003;;50,7208;9909161
SOM;Africa;Somalia;;2004;;50,6849;10281001
SOM;Africa;Somalia;;2005;;50,8937;10644234
SOM;Africa;Somalia;;2006;;50,9152;10975502
SOM;Africa;Somalia;;2007;;50,8852;11322581
SOM;Africa;Somalia;;2008;;51,4558;11663090
SOM;Africa;Somalia;;2009;;52,101;11961205
SOM;Africa;Somalia;;2010;;48,8996;12261761
SOM;Africa;Somalia;;2011;;32,4525;12348829
SOM;Africa;Somalia;;2012;;49,1384;12461163
SOM;Africa;Somalia;;2013;;54,0163;12869599
SOM;Africa;Somalia;;2014;;54,4421;13339497
SOM;Africa;Somalia;;2015;;55,0555;13806969
SOM;Africa;Somalia;;2016;;55,2828;14348741
SOM;Africa;Somalia;;2017;;52,1901;14916630
SOM;Africa;Somalia;;2018;;54,7673;15452489
SOM;Africa;Somalia;;2019;;57,2494;16030969
SOM;Africa;Somalia;;2020;;57,0948;16651200
SOM;Africa;Somalia;;2021;;55,7027;17271435
SOM;Africa;Somalia;;2022;;53,9315;17801895
SOM;Africa;Somalia;;2023;;58,8158;18358622
ZAF;Africa;South Africa;;1970;6448;55,6808;22279990
ZAF;Africa;South Africa;;1971;6591;56,0196;22942145
ZAF;Africa;South Africa;;1972;6550;56,3767;23609457
ZAF;Africa;South Africa;;1973;6655;56,7198;24294264
ZAF;Africa;South Africa;;1974;6853;57,1097;24989109
ZAF;Africa;South Africa;;1975;6808;57,5906;25690943
ZAF;Africa;South Africa;;1976;6802;58,0003;26395451
ZAF;Africa;South Africa;;1977;6623;58,48;27118951
ZAF;Africa;South Africa;;1978;6653;58,9911;27869506
ZAF;Africa;South Africa;;1979;6746;59,4725;28634161
ZAF;Africa;South Africa;;1980;6998;59,9605;29518857
ZAF;Africa;South Africa;;1981;7141;60,4453;30541046
ZAF;Africa;South Africa;;1982;6891;60,9364;31615339
ZAF;Africa;South Africa;;1983;6554;61,3926;32739308
ZAF;Africa;South Africa;;1984;6672;61,8372;33892793
ZAF;Africa;South Africa;;1985;6385;62,1954;35042097
ZAF;Africa;South Africa;;1986;6236;62,4212;36180519
ZAF;Africa;South Africa;;1987;6212;62,6941;37326192
ZAF;Africa;South Africa;;1988;6319;62,9022;38480647
ZAF;Africa;South Africa;;1989;6306;63,0168;39628574
ZAF;Africa;South Africa;;1990;6111;62,9422;40746274
ZAF;Africa;South Africa;;1991;6034,9004;62,9827;41687903
ZAF;Africa;South Africa;;1992;5901,9844;62,839;42443510
ZAF;Africa;South Africa;;1993;5965,9116;62,6183;43297155
ZAF;Africa;South Africa;;1994;6172,9736;62,0693;44004140
ZAF;Africa;South Africa;;1995;6406,428;61,6033;44541557
ZAF;Africa;South Africa;;1996;6725,791;61,0786;45123023
ZAF;Africa;South Africa;;1997;6950,4717;60,538;45666835
ZAF;Africa;South Africa;;1998;7024,2954;59,9124;46223888
ZAF;Africa;South Africa;;1999;7234,2856;59,1895;46730331
ZAF;Africa;South Africa;;2000;7582,7783;58,3678;47159715
ZAF;Africa;South Africa;;2001;7839,6255;57,1607;47566805
ZAF;Africa;South Africa;;2002;8171,2065;55,5795;48019414
ZAF;Africa;South Africa;;2003;8451,452;54,2451;48500351
ZAF;Africa;South Africa;;2004;8877,921;53,963;48991420
ZAF;Africa;South Africa;;2005;9393,693;53,9142;49490041
ZAF;Africa;South Africa;;2006;9978,471;54,2204;49998271
ZAF;Africa;South Africa;;2007;10576,291;54,9477;50528575
ZAF;Africa;South Africa;;2008;10977,146;55,9817;51114595
ZAF;Africa;South Africa;;2009;10873,046;57,413;51728518
ZAF;Africa;South Africa;;2010;11318,6045;58,8863;52344047
ZAF;Africa;South Africa;;2011;11838;60,6024;52995212
ZAF;Africa;South Africa;;2012;11938,226;61,7366;53782570
ZAF;Africa;South Africa;;2013;12048,068;62,3883;54678789
ZAF;Africa;South Africa;;2014;12034,149;63,1845;55594840
ZAF;Africa;South Africa;;2015;12009,91;64,0532;56723536
ZAF;Africa;South Africa;;2016;11908,111;64,7495;57259550
ZAF;Africa;South Africa;;2017;11867,522;65,4222;57635158
ZAF;Africa;South Africa;;2018;11873,3;65,726;58613001
ZAF;Africa;South Africa;;2019;11739,936;66,0711;59587880
ZAF;Africa;South Africa;;2020;10839,133;65,1502;60562374
ZAF;Africa;South Africa;;2021;11273,159;62,0099;61502602
ZAF;Africa;South Africa;;2022;11415,887;65,4536;62378417
ZAF;Africa;South Africa;;2023;;66,1387;63212386
KOR;Asia;South Korea;;1970;2974,8074;62,1754;32542203
KOR;Asia;South Korea;;1971;3221,6746;62,6697;33239859
KOR;Asia;South Korea;;1972;3387,8906;63,2199;33936470
KOR;Asia;South Korea;;1973;3822,046;63,7732;34625848
KOR;Asia;South Korea;;1974;4112,6016;64,2389;35287834
KOR;Asia;South Korea;;1975;4362,007;64,667;35875741
KOR;Asia;South Korea;;1976;4855,941;65,0115;36379928
KOR;Asia;South Korea;;1977;5367,795;64,6207;36843638
KOR;Asia;South Korea;;1978;5856,4966;64,9607;37281935
KOR;Asia;South Korea;;1979;6265,886;66,1067;37710898
KOR;Asia;South Korea;;1980;6064,04;64,8484;38141109
KOR;Asia;South Korea;;1981;6398,851;67,1406;38689192
KOR;Asia;South Korea;;1982;6821,475;67,0612;39356159
KOR;Asia;South Korea;;1983;7611,7344;66,7252;40000945
KOR;Asia;South Korea;;1984;8303,519;68,1088;40598302
KOR;Asia;South Korea;;1985;8859,355;68,4083;41148956
KOR;Asia;South Korea;;1986;9756,205;69,0349;41718508
KOR;Asia;South Korea;;1987;10864,975;69,315;42322092
KOR;Asia;South Korea;;1988;12039,945;70,1603;42922980
KOR;Asia;South Korea;;1989;12759,489;70,684;43524765
KOR;Asia;South Korea;;1990;13874;70,9936;44081425
KOR;Asia;South Korea;;1991;15056,16;71,4024;44439146
KOR;Asia;South Korea;;1992;15712,002;72,1755;44653699
KOR;Asia;South Korea;;1993;16503,434;72,7453;44887721
KOR;Asia;South Korea;;1994;17720,395;72,889;45130842
KOR;Asia;South Korea;;1995;19089,299;73,3752;45368425
KOR;Asia;South Korea;;1996;20204,56;74,0207;45638701
KOR;Asia;South Korea;;1997;21055,945;74,5313;45941541
KOR;Asia;South Korea;;1998;19624,691;75,035;46230885
KOR;Asia;South Korea;;1999;21540,693;75,6173;46500382
KOR;Asia;South Korea;;2000;23108,018;76,2351;46766660
KOR;Asia;South Korea;;2001;23804,438;76,9195;47043467
KOR;Asia;South Korea;;2002;25250,637;77,2304;47299118
KOR;Asia;South Korea;;2003;25679,246;77,4974;47514158
KOR;Asia;South Korea;;2004;26646,504;77,9571;47697076
KOR;Asia;South Korea;;2005;27443,283;78,4486;47851646
KOR;Asia;South Korea;;2006;28516,484;79,0348;48006518
KOR;Asia;South Korea;;2007;29716,57;79,4323;48178122
KOR;Asia;South Korea;;2008;30117,729;79,9956;48356485
KOR;Asia;South Korea;;2009;29967,562;80,5504;48546690
KOR;Asia;South Korea;;2010;31537,773;80,7172;48769329
KOR;Asia;South Korea;;2011;32225;81,1685;49127640
KOR;Asia;South Korea;;2012;32826,48;81,3075;49599580
KOR;Asia;South Korea;;2013;33711,656;81,8356;50071168
KOR;Asia;South Korea;;2014;34573,09;82,3641;50539055
KOR;Asia;South Korea;;2015;35357,52;82,5404;50983909
KOR;Asia;South Korea;;2016;36255,24;82,9204;51297836
KOR;Asia;South Korea;;2017;37296,047;83,2784;51486268
KOR;Asia;South Korea;;2018;38214,324;83,34;51640894
KOR;Asia;South Korea;;2019;38935,992;83,6846;51767844
KOR;Asia;South Korea;;2020;38606,984;83,6752;51858481
KOR;Asia;South Korea;;2021;40277,953;83,8517;51848401
KOR;Asia;South Korea;;2022;41320,9;82,727;51782515
KOR;Asia;South Korea;;2023;;84,3288;51748744
SSD;Africa;South Sudan;;1970;;25,6322;3409620
SSD;Africa;South Sudan;;1971;;30,993;3468646
SSD;Africa;South Sudan;;1972;;31,2905;3542492
SSD;Africa;South Sudan;;1973;;36,2771;3627387
SSD;Africa;South Sudan;;1974;;36,5893;3723264
SSD;Africa;South Sudan;;1975;;36,8666;3821494
SSD;Africa;South Sudan;;1976;;37,0922;3921912
SSD;Africa;South Sudan;;1977;;37,3971;4024037
SSD;Africa;South Sudan;;1978;;37,5918;4127666
SSD;Africa;South Sudan;;1979;;37,8051;4232613
SSD;Africa;South Sudan;;1980;;38,0343;4339041
SSD;Africa;South Sudan;;1981;;38,3135;4447275
SSD;Africa;South Sudan;;1982;;38,6766;4557690
SSD;Africa;South Sudan;;1983;;34,7333;4661577
SSD;Africa;South Sudan;;1984;;31,7879;4750626
SSD;Africa;South Sudan;;1985;;32,3603;4834296
SSD;Africa;South Sudan;;1986;;32,8159;4921245
SSD;Africa;South Sudan;;1987;;20,7211;4962397
SSD;Africa;South Sudan;;1988;;10,9891;4848029
SSD;Africa;South Sudan;;1989;;28,2167;4713234
SSD;Africa;South Sudan;;1990;;28,6275;4737637
SSD;Africa;South Sudan;;1991;;29,1851;4836686
SSD;Africa;South Sudan;;1992;;21,9378;4909746
SSD;Africa;South Sudan;;1993;;22,2634;4956006
SSD;Africa;South Sudan;;1994;;44,8582;5071191
SSD;Africa;South Sudan;;1995;;31,5104;5225840
SSD;Africa;South Sudan;;1996;;32,124;5356925
SSD;Africa;South Sudan;;1997;;33,0682;5509142
SSD;Africa;South Sudan;;1998;;19,0479;5620077
SSD;Africa;South Sudan;;1999;;44,5371;5771632
SSD;Africa;South Sudan;;2000;;47,5913;6032274
SSD;Africa;South Sudan;;2001;;48,5505;6308399
SSD;Africa;South Sudan;;2002;;49,3942;6596810
SSD;Africa;South Sudan;;2003;;52,3242;6903129
SSD;Africa;South Sudan;;2004;;53,0517;7233040
SSD;Africa;South Sudan;;2005;;53,9646;7590147
SSD;Africa;South Sudan;;2006;;54,6529;7976532
SSD;Africa;South Sudan;;2007;;55,4249;8388785
SSD;Africa;South Sudan;;2008;;56,2803;8817645
SSD;Africa;South Sudan;;2009;;56,8478;9243560
SSD;Africa;South Sudan;;2010;;57,4848;9745955
SSD;Africa;South Sudan;;2011;;57,6738;10288112
SSD;Africa;South Sudan;;2012;;58,2406;10756245
SSD;Africa;South Sudan;;2013;;58,2853;11166280
SSD;Africa;South Sudan;;2014;;45,6247;11235071
SSD;Africa;South Sudan;;2015;;39,7565;11107569
SSD;Africa;South Sudan;;2016;;36,72;10830108
SSD;Africa;South Sudan;;2017;;35,3511;10259150
SSD;Africa;South Sudan;;2018;;51,9049;10122983
SSD;Africa;South Sudan;;2019;;58,1293;10423382
SSD;Africa;South Sudan;;2020;;57,6479;10698471
SSD;Africa;South Sudan;;2021;;57,0474;10865786
SSD;Africa;South Sudan;;2022;;57,2026;11021175
SSD;Africa;South Sudan;;2023;;57,6174;11483370
ESP;Europe;Spain;;1970;9502,939;72,1491;33812720
ESP;Europe;Spain;;1971;9885,877;71,7353;34157447
ESP;Europe;Spain;;1972;10787,692;72,9533;34539861
ESP;Europe;Spain;;1973;11629,702;72,7324;34926521
ESP;Europe;Spain;;1974;12379,95;73,0928;35361763
ESP;Europe;Spain;;1975;12613,324;73,4918;35795771
ESP;Europe;Spain;;1976;13044,986;73,8069;36176273
ESP;Europe;Spain;;1977;13335,212;74,3066;36551267
ESP;Europe;Spain;;1978;13568,676;74,496;36904970
ESP;Europe;Spain;;1979;13678,094;74,9895;37230370
ESP;Europe;Spain;;1980;14005,935;75,5259;37537560
ESP;Europe;Spain;;1981;13895,314;75,7061;37812708
ESP;Europe;Spain;;1982;14046,1045;76,3188;38047097
ESP;Europe;Spain;;1983;14240,944;76,0966;38253247
ESP;Europe;Spain;;1984;14313,326;76,4822;38437483
ESP;Europe;Spain;;1985;14696,966;76,4105;38601315
ESP;Europe;Spain;;1986;15242,98;76,7034;38735706
ESP;Europe;Spain;;1987;16273,085;76,9564;38852007
ESP;Europe;Spain;;1988;17275,508;76,9491;38952258
ESP;Europe;Spain;;1989;18360,352;76,998;39029557
ESP;Europe;Spain;;1990;19215;77,0004;39084975
ESP;Europe;Spain;;1991;19958,06;77,1285;39201750
ESP;Europe;Spain;;1992;20329,168;77,5888;39420344
ESP;Europe;Spain;;1993;20056,54;77,728;39651627
ESP;Europe;Spain;;1994;20673,955;78,1141;39858721
ESP;Europe;Spain;;1995;21522,098;78,2002;40052733
ESP;Europe;Spain;;1996;22185,066;78,3389;40237375
ESP;Europe;Spain;;1997;23113,615;78,8504;40423823
ESP;Europe;Spain;;1998;24284,861;78,9395;40617436
ESP;Europe;Spain;;1999;25549,54;78,9437;40812855
ESP;Europe;Spain;;2000;26994,86;79,4123;41019772
ESP;Europe;Spain;;2001;28153,553;79,7387;41245602
ESP;Europe;Spain;;2002;28753,322;79,8177;41755703
ESP;Europe;Spain;;2003;29371,865;79,7482;42506540
ESP;Europe;Spain;;2004;30088,092;80,3283;43234562
ESP;Europe;Spain;;2005;30885,602;80,3196;43958883
ESP;Europe;Spain;;2006;31907,424;80,9627;44695446
ESP;Europe;Spain;;2007;32735,434;80,9696;45516501
ESP;Europe;Spain;;2008;32844,324;81,2782;46235055
ESP;Europe;Spain;;2009;31669,691;81,627;46635182
ESP;Europe;Spain;;2010;31786,404;82,0063;46840469
ESP;Europe;Spain;;2011;31600;82,1804;46998040
ESP;Europe;Spain;;2012;30645,215;82,1905;47018323
ESP;Europe;Spain;;2013;30327,451;82,6943;46860394
ESP;Europe;Spain;;2014;30842,184;82,8283;46720187
ESP;Europe;Spain;;2015;32057,098;82,6109;46683683
ESP;Europe;Spain;;2016;33002,676;82,9999;46732768
ESP;Europe;Spain;;2017;33924,137;82,9862;46868594
ESP;Europe;Spain;;2018;34553,625;83,0956;47092817
ESP;Europe;Spain;;2019;34957,465;83,4794;47435121
ESP;Europe;Spain;;2020;30834,514;82,2413;47679482
ESP;Europe;Spain;;2021;32553,05;82,9508;47735670
ESP;Europe;Spain;;2022;34123,387;82,3661;47828386
ESP;Europe;Spain;;2023;;83,6703;47911583
LKA;Asia;Sri Lanka;;1970;2389;64,3521;12287113
LKA;Asia;Sri Lanka;;1971;2322;64,2402;12551910
LKA;Asia;Sri Lanka;;1972;2327;64,6249;12809207
LKA;Asia;Sri Lanka;;1973;2378;64,7855;13060920
LKA;Asia;Sri Lanka;;1974;2418;64,966;13305697
LKA;Asia;Sri Lanka;;1975;2434;65,3554;13548989
LKA;Asia;Sri Lanka;;1976;2464;65,8399;13796776
LKA;Asia;Sri Lanka;;1977;2582;66,3913;14049365
LKA;Asia;Sri Lanka;;1978;2694;66,8436;14310127
LKA;Asia;Sri Lanka;;1979;2815;67,5141;14579616
LKA;Asia;Sri Lanka;;1980;2917;68,0059;14847972
LKA;Asia;Sri Lanka;;1981;3049;68,3802;15099417
LKA;Asia;Sri Lanka;;1982;3151;68,6649;15286571
LKA;Asia;Sri Lanka;;1983;3268;68,7258;15388795
LKA;Asia;Sri Lanka;;1984;3387;68,7612;15441858
LKA;Asia;Sri Lanka;;1985;3484;68,8812;15544152
LKA;Asia;Sri Lanka;;1986;3607;68,9617;15731253
LKA;Asia;Sri Lanka;;1987;3590;69,0086;15916578
LKA;Asia;Sri Lanka;;1988;3633;68,9952;16078624
LKA;Asia;Sri Lanka;;1989;3677;67,2839;16248560
LKA;Asia;Sri Lanka;;1990;3864;69,2389;16352460
LKA;Asia;Sri Lanka;;1991;4214,982;69,131;16475354
LKA;Asia;Sri Lanka;;1992;4020,974;69,6191;16739297
LKA;Asia;Sri Lanka;;1993;4247,023;70,0485;17025924
LKA;Asia;Sri Lanka;;1994;4500,8193;70,2114;17275777
LKA;Asia;Sri Lanka;;1995;4702,295;69,7456;17564065
LKA;Asia;Sri Lanka;;1996;5187,709;69,8405;17905020
LKA;Asia;Sri Lanka;;1997;5628,5303;69,9345;18248205
LKA;Asia;Sri Lanka;;1998;5440,221;70,1342;18596006
LKA;Asia;Sri Lanka;;1999;5488,515;70,4265;18944734
LKA;Asia;Sri Lanka;;2000;5841,094;71,1787;19293056
LKA;Asia;Sri Lanka;;2001;5620,966;71,8044;19600361
LKA;Asia;Sri Lanka;;2002;5721,3086;72,2711;19805750
LKA;Asia;Sri Lanka;;2003;5963,57;72,4417;19951521
LKA;Asia;Sri Lanka;;2004;6191,9663;68,0218;20087608
LKA;Asia;Sri Lanka;;2005;6491,198;73,0733;20216531
LKA;Asia;Sri Lanka;;2006;6904,036;72,825;20352416
LKA;Asia;Sri Lanka;;2007;7283,6323;72,9831;20492546
LKA;Asia;Sri Lanka;;2008;7622,4087;72,5557;20629377
LKA;Asia;Sri Lanka;;2009;7796,6475;70,2976;20756438
LKA;Asia;Sri Lanka;;2010;8319,703;74,4626;20879092
LKA;Asia;Sri Lanka;;2011;8918;74,7405;21009054
LKA;Asia;Sri Lanka;;2012;9599,045;75,1866;21169461
LKA;Asia;Sri Lanka;;2013;9898,523;75,5461;21358829
LKA;Asia;Sri Lanka;;2014;10437,811;75,7573;21547454
LKA;Asia;Sri Lanka;;2015;10784,185;75,9899;21729975
LKA;Asia;Sri Lanka;;2016;11236,119;76,1361;21910763
LKA;Asia;Sri Lanka;;2017;11868,202;76,2386;22087525
LKA;Asia;Sri Lanka;;2018;12051,547;76,4853;22253116
LKA;Asia;Sri Lanka;;2019;11939,55;76,698;22410552
LKA;Asia;Sri Lanka;;2020;11447,249;76,9281;22561808
LKA;Asia;Sri Lanka;;2021;11751,948;76,2779;22700377
LKA;Asia;Sri Lanka;;2022;10705,481;77,2996;22834965
LKA;Asia;Sri Lanka;;2023;;77,4828;22971615
SDN;Africa;Sudan;;1970;;52,2939;11695768
SDN;Africa;Sudan;;1971;;52,5405;12105542
SDN;Africa;Sudan;;1972;;52,8032;12527859
SDN;Africa;Sudan;;1973;;52,9884;13049322
SDN;Africa;Sudan;;1974;;53,1564;13580729
SDN;Africa;Sudan;;1975;;53,31;14064803
SDN;Africa;Sudan;;1976;;53,3417;14569724
SDN;Africa;Sudan;;1977;;53,522;15086623
SDN;Africa;Sudan;;1978;;53,2901;15695004
SDN;Africa;Sudan;;1979;;53,3738;16355353
SDN;Africa;Sudan;;1980;;54,072;17058908
SDN;Africa;Sudan;;1981;;54,3693;17780576
SDN;Africa;Sudan;;1982;;54,3753;18486645
SDN;Africa;Sudan;;1983;;49,5618;19109775
SDN;Africa;Sudan;;1984;;49,8073;19546531
SDN;Africa;Sudan;;1985;;50,0141;19905872
SDN;Africa;Sudan;;1986;;54,5578;20288246
SDN;Africa;Sudan;;1987;;54,747;20704903
SDN;Africa;Sudan;;1988;;54,9845;21138430
SDN;Africa;Sudan;;1989;;54,8826;21578027
SDN;Africa;Sudan;;1990;;55,4969;22021484
SDN;Africa;Sudan;;1991;;55,553;22470676
SDN;Africa;Sudan;;1992;;55,952;22927356
SDN;Africa;Sudan;;1993;;56,102;23445599
SDN;Africa;Sudan;;1994;;57,0223;24043951
SDN;Africa;Sudan;;1995;;57,4465;24672144
SDN;Africa;Sudan;;1996;;57,6379;25231534
SDN;Africa;Sudan;;1997;;58,0579;25799826
SDN;Africa;Sudan;;1998;;58,3082;26458999
SDN;Africa;Sudan;;1999;;58,6073;27130619
SDN;Africa;Sudan;;2000;;58,9456;27816748
SDN;Africa;Sudan;;2001;;59,2641;28516774
SDN;Africa;Sudan;;2002;;59,3078;29228728
SDN;Africa;Sudan;;2003;;58,3193;29896038
SDN;Africa;Sudan;;2004;;56,7731;30556641
SDN;Africa;Sudan;;2005;;57,2263;31262447
SDN;Africa;Sudan;;2006;;60,3996;31992438
SDN;Africa;Sudan;;2007;;61,4419;32764139
SDN;Africa;Sudan;;2008;;61,2609;33623980
SDN;Africa;Sudan;;2009;;62,6765;34569114
SDN;Africa;Sudan;;2010;;62,9792;35414403
SDN;Africa;Sudan;;2011;;63,1809;36140808
SDN;Africa;Sudan;;2012;;63,4273;36923175
SDN;Africa;Sudan;;2013;;63,4433;37785852
SDN;Africa;Sudan;;2014;;63,9905;38823324
SDN;Africa;Sudan;;2015;;64,3746;40024433
SDN;Africa;Sudan;;2016;;64,6773;41259892
SDN;Africa;Sudan;;2017;;65,1464;42714311
SDN;Africa;Sudan;;2018;;65,5005;44230597
SDN;Africa;Sudan;;2019;;65,8032;45548179
SDN;Africa;Sudan;;2020;;65,1237;46789237
SDN;Africa;Sudan;;2021;;64,4604;48066930
SDN;Africa;Sudan;;2022;;65,695;49383344
SDN;Africa;Sudan;;2023;;66,331;50042800
SUR;South America;Suriname;;1970;;59,4939;379451
SUR;South America;Suriname;;1971;;59,5895;391940
SUR;South America;Suriname;;1972;;59,6852;397420
SUR;South America;Suriname;;1973;;59,7932;395776
SUR;South America;Suriname;;1974;;59,914;393690
SUR;South America;Suriname;;1975;;60,0347;391182
SUR;South America;Suriname;;1976;;60,1548;388296
SUR;South America;Suriname;;1977;;60,2769;385073
SUR;South America;Suriname;;1978;;60,4011;381512
SUR;South America;Suriname;;1979;;60,5267;377607
SUR;South America;Suriname;;1980;;60,6539;375393
SUR;South America;Suriname;;1981;;60,795;375472
SUR;South America;Suriname;;1982;;60,9343;376566
SUR;South America;Suriname;;1983;;61,0718;378762
SUR;South America;Suriname;;1984;;61,2105;382202
SUR;South America;Suriname;;1985;;61,3575;386982
SUR;South America;Suriname;;1986;;61,1589;392344
SUR;South America;Suriname;;1987;;61,3143;396921
SUR;South America;Suriname;;1988;;61,4774;402231
SUR;South America;Suriname;;1989;;61,9816;408415
SUR;South America;Suriname;;1990;;62,0878;412500
SUR;South America;Suriname;;1991;;62,1512;415021
SUR;South America;Suriname;;1992;;62,2456;417602
SUR;South America;Suriname;;1993;;62,3817;419357
SUR;South America;Suriname;;1994;;62,542;422382
SUR;South America;Suriname;;1995;;62,7792;429611
SUR;South America;Suriname;;1996;;63,0786;438834
SUR;South America;Suriname;;1997;;63,3853;448068
SUR;South America;Suriname;;1998;;63,706;457413
SUR;South America;Suriname;;1999;;64,0353;466925
SUR;South America;Suriname;;2000;;64,4089;476647
SUR;South America;Suriname;;2001;;64,8201;486566
SUR;South America;Suriname;;2002;;65,2744;496566
SUR;South America;Suriname;;2003;;65,7785;506421
SUR;South America;Suriname;;2004;;66,3615;513928
SUR;South America;Suriname;;2005;;66,9974;519321
SUR;South America;Suriname;;2006;;67,6431;525003
SUR;South America;Suriname;;2007;;68,3071;531026
SUR;South America;Suriname;;2008;;68,8732;537252
SUR;South America;Suriname;;2009;;69,3231;543580
SUR;South America;Suriname;;2010;;69,6262;549931
SUR;South America;Suriname;;2011;;69,8203;556279
SUR;South America;Suriname;;2012;;69,9568;562640
SUR;South America;Suriname;;2013;;70,1101;569024
SUR;South America;Suriname;;2014;;70,33;575380
SUR;South America;Suriname;;2015;;70,5671;581634
SUR;South America;Suriname;;2016;;70,9786;587765
SUR;South America;Suriname;;2017;;71,2474;593720
SUR;South America;Suriname;;2018;;71,4679;599519
SUR;South America;Suriname;;2019;;71,7734;605779
SUR;South America;Suriname;;2020;;72,3208;612320
SUR;South America;Suriname;;2021;;68,9427;617905
SUR;South America;Suriname;;2022;;73,2538;623172
SUR;South America;Suriname;;2023;;73,631;628892
SWE;Europe;Sweden;;1970;20269;74,6641;8042783
SWE;Europe;Sweden;;1971;20320;74,6006;8098104
SWE;Europe;Sweden;;1972;20725;74,7048;8122426
SWE;Europe;Sweden;;1973;21509;74,8655;8137166
SWE;Europe;Sweden;;1974;22132;74,9693;8160636
SWE;Europe;Sweden;;1975;22607;74,9778;8192641
SWE;Europe;Sweden;;1976;22765;74,9728;8222392
SWE;Europe;Sweden;;1977;22322;75,3933;8251699
SWE;Europe;Sweden;;1978;22646;75,4837;8275793
SWE;Europe;Sweden;;1979;23465;75,523;8293749
SWE;Europe;Sweden;;1980;23809;75,7431;8310470
SWE;Europe;Sweden;;1981;23777;76,0405;8320460
SWE;Europe;Sweden;;1982;24002;76,3498;8325179
SWE;Europe;Sweden;;1983;24412;76,5802;8328915
SWE;Europe;Sweden;;1984;25357;76,8407;8336482
SWE;Europe;Sweden;;1985;25805;76,6911;8350249
SWE;Europe;Sweden;;1986;26309;76,9546;8369681
SWE;Europe;Sweden;;1987;27016;77,1087;8397651
SWE;Europe;Sweden;;1988;27468;76,9978;8436358
SWE;Europe;Sweden;;1989;27933;77,654;8492821
SWE;Europe;Sweden;;1990;28068;77,5886;8558571
SWE;Europe;Sweden;;1991;27614,035;77,7285;8616955
SWE;Europe;Sweden;;1992;27198,53;78,0712;8667576
SWE;Europe;Sweden;;1993;26558,824;78,1356;8718038
SWE;Europe;Sweden;;1994;27505,955;78,7471;8780190
SWE;Europe;Sweden;;1995;28519,443;78,8222;8826298
SWE;Europe;Sweden;;1996;29012,105;79,0447;8840330
SWE;Europe;Sweden;;1997;29862,666;79,2724;8845525
SWE;Europe;Sweden;;1998;31187,164;79,4163;8850606
SWE;Europe;Sweden;;1999;32705,215;79,5085;8857691
SWE;Europe;Sweden;;2000;34202,605;79,7387;8872099
SWE;Europe;Sweden;;2001;34666,664;79,8363;8896018
SWE;Europe;Sweden;;2002;35569,773;79,9349;8925045
SWE;Europe;Sweden;;2003;36435,754;80,1951;8958434
SWE;Europe;Sweden;;2004;38016,062;80,5465;8993805
SWE;Europe;Sweden;;2005;39258,992;80,6213;9029771
SWE;Europe;Sweden;;2006;40992,3;80,8318;9080628
SWE;Europe;Sweden;;2007;42399,844;80,97;9148280
SWE;Europe;Sweden;;2008;42189,965;81,1373;9219903
SWE;Europe;Sweden;;2009;40116,312;81,3633;9298738
SWE;Europe;Sweden;;2010;42634,754;81,519;9378234
SWE;Europe;Sweden;;2011;42079;81,7584;9449263
SWE;Europe;Sweden;;2012;41523,145;81,7299;9519477
SWE;Europe;Sweden;;2013;41661,805;81,9354;9600620
SWE;Europe;Sweden;;2014;42346,836;82,2241;9696438
SWE;Europe;Sweden;;2015;43782,457;82,1844;9799483
SWE;Europe;Sweden;;2016;44131,03;82,3391;9923281
SWE;Europe;Sweden;;2017;44658,484;82,4377;10057864
SWE;Europe;Sweden;;2018;45003,492;82,5321;10175400
SWE;Europe;Sweden;;2019;45434,402;83,0518;10279120
SWE;Europe;Sweden;;2020;44128,332;82,4271;10353682
SWE;Europe;Sweden;;2021;46226,543;83,0196;10416134
SWE;Europe;Sweden;;2022;47126,13;83,046;10487335
SWE;Europe;Sweden;;2023;;83,2624;10551493
CHE;Europe;Switzerland;;1970;23478,992;73,1238;6180922
CHE;Europe;Switzerland;;1971;24486,979;73,2406;6213536
CHE;Europe;Switzerland;;1972;25356,91;73,7591;6261086
CHE;Europe;Switzerland;;1973;26003,715;74,0598;6307408
CHE;Europe;Switzerland;;1974;25718,27;74,4013;6341381
CHE;Europe;Switzerland;;1975;24467,992;74,7913;6338600
CHE;Europe;Switzerland;;1976;24752,908;74,9059;6302556
CHE;Europe;Switzerland;;1977;25430,568;75,3673;6281365
CHE;Europe;Switzerland;;1978;26158,8;75,3079;6282045
CHE;Europe;Switzerland;;1979;26641,096;75,6078;6294719
CHE;Europe;Switzerland;;1980;27405,73;75,5898;6319848
CHE;Europe;Switzerland;;1981;27729,586;75,8183;6354561
CHE;Europe;Switzerland;;1982;27660,95;76,1624;6391805
CHE;Europe;Switzerland;;1983;28009,328;76,1574;6419309
CHE;Europe;Switzerland;;1984;28315,082;76,756;6442419
CHE;Europe;Switzerland;;1985;29416,752;76,882;6470959
CHE;Europe;Switzerland;;1986;30847,994;77,0403;6504748
CHE;Europe;Switzerland;;1987;31774,371;77,3317;6545771
CHE;Europe;Switzerland;;1988;32482,908;77,3646;6594145
CHE;Europe;Switzerland;;1989;33315,586;77,5573;6647787
CHE;Europe;Switzerland;;1990;34250;77,3851;6713168
CHE;Europe;Switzerland;;1991;34128,64;77,6485;6796942
CHE;Europe;Switzerland;;1992;34356,8;77,9441;6875049
CHE;Europe;Switzerland;;1993;34625,535;78,2335;6938106
CHE;Europe;Switzerland;;1994;35423,83;78,4946;6993594
CHE;Europe;Switzerland;;1995;36004,23;78,565;7040481
CHE;Europe;Switzerland;;1996;36720,492;79,0494;7071885
CHE;Europe;Switzerland;;1997;38165,477;79,2329;7089161
CHE;Europe;Switzerland;;1998;39890,54;79,4752;7110294
CHE;Europe;Switzerland;;1999;41091,637;79,7235;7144119
CHE;Europe;Switzerland;;2000;43251,105;79,834;7184003
CHE;Europe;Switzerland;;2001;44398,64;80,2511;7226391
CHE;Europe;Switzerland;;2002;44934,316;80,4438;7278744
CHE;Europe;Switzerland;;2003;45441,598;80,5325;7333451
CHE;Europe;Switzerland;;2004;47263,598;81,0549;7384196
CHE;Europe;Switzerland;;2005;49273,902;81,2362;7431824
CHE;Europe;Switzerland;;2006;51862,965;81,5495;7478514
CHE;Europe;Switzerland;;2007;54509,54;81,7028;7545386
CHE;Europe;Switzerland;;2008;56054,883;81,9709;7641730
CHE;Europe;Switzerland;;2009;55171,5;81,9891;7737644
CHE;Europe;Switzerland;;2010;57219,5;82,2873;7825750
CHE;Europe;Switzerland;;2011;58686;82,5738;7914379
CHE;Europe;Switzerland;;2012;58750,938;82,6167;7998927
CHE;Europe;Switzerland;;2013;59120,062;82,6892;8091199
CHE;Europe;Switzerland;;2014;59775,54;83,0841;8190238
CHE;Europe;Switzerland;;2015;60070,867;82,8461;8283940
CHE;Europe;Switzerland;;2016;60647,64;83,4457;8374903
CHE;Europe;Switzerland;;2017;60903,223;83,414;8453630
CHE;Europe;Switzerland;;2018;62185,477;83,5639;8516341
CHE;Europe;Switzerland;;2019;62448,598;83,7804;8577525
CHE;Europe;Switzerland;;2020;60521,26;83,0626;8640582
CHE;Europe;Switzerland;;2021;62595,31;83,6477;8707019
CHE;Europe;Switzerland;;2022;63323,254;83,2003;8792180
CHE;Europe;Switzerland;;2023;;83,9536;8870564
SYR;Asia;Syria;;1970;5643;60,6077;6380612
SYR;Asia;Syria;;1971;5992;61,3339;6598098
SYR;Asia;Syria;;1972;7243;61,9692;6826032
SYR;Asia;Syria;;1973;6403;60,8259;7060328
SYR;Asia;Syria;;1974;7685;63,4411;7302158
SYR;Asia;Syria;;1975;8878;64,1871;7554368
SYR;Asia;Syria;;1976;9526;64,844;7817317
SYR;Asia;Syria;;1977;9094;65,3981;8090507
SYR;Asia;Syria;;1978;9561;65,9321;8372761
SYR;Asia;Syria;;1979;9580;66,2441;8661911
SYR;Asia;Syria;;1980;10374;66,5449;8957664
SYR;Asia;Syria;;1981;10984;64,5981;9260187
SYR;Asia;Syria;;1982;10817;60,8391;9572513
SYR;Asia;Syria;;1983;10581;67,3504;9904814
SYR;Asia;Syria;;1984;9792;67,7231;10258406
SYR;Asia;Syria;;1985;10026;68,0481;10625673
SYR;Asia;Syria;;1986;9200;68,4155;11002842
SYR;Asia;Syria;;1987;9055;68,7974;11388916
SYR;Asia;Syria;;1988;9913;69,1717;11782269
SYR;Asia;Syria;;1989;8735;69,4855;12179070
SYR;Asia;Syria;;1990;9087;69,8298;12579212
SYR;Asia;Syria;;1991;9424,123;70,0752;12980824
SYR;Asia;Syria;;1992;10002,276;70,2428;13385570
SYR;Asia;Syria;;1993;10072,486;70,3087;13795687
SYR;Asia;Syria;;1994;9969,374;70,2958;14208585
SYR;Asia;Syria;;1995;9856,483;70,2093;14616804
SYR;Asia;Syria;;1996;9517,372;70,1565;15018110
SYR;Asia;Syria;;1997;8826,773;70,1582;15417539
SYR;Asia;Syria;;1998;8742,974;70,2372;15820409
SYR;Asia;Syria;;1999;7960,292;70,5065;16228064
SYR;Asia;Syria;;2000;7668,072;70,8563;16637884
SYR;Asia;Syria;;2001;7509,304;71,2958;17051337
SYR;Asia;Syria;;2002;7529,7017;71,7424;17468335
SYR;Asia;Syria;;2003;6986,524;72,1875;17889297
SYR;Asia;Syria;;2004;7051,4287;72,4938;18336879
SYR;Asia;Syria;;2005;7037,7183;72,7966;18814092
SYR;Asia;Syria;;2006;6901,778;73,0396;19637016
SYR;Asia;Syria;;2007;6779,537;73,2563;20884136
SYR;Asia;Syria;;2008;6600,379;73,3681;21636566
SYR;Asia;Syria;;2009;6586,5186;73,4959;21976971
SYR;Asia;Syria;;2010;6520,6123;73,5417;22482417
SYR;Asia;Syria;;2011;5979;72,2593;22878104
SYR;Asia;Syria;;2012;4443,686;66,2064;22759763
SYR;Asia;Syria;;2013;3487,681;65,1457;21666921
SYR;Asia;Syria;;2014;3384,4143;65,4916;20273661
SYR;Asia;Syria;;2015;3464,0376;63,2651;19424615
SYR;Asia;Syria;;2016;3380,5535;65,1896;19193835
SYR;Asia;Syria;;2017;3422,1772;65,6508;19224671
SYR;Asia;Syria;;2018;3418,6953;67,3711;19577849
SYR;Asia;Syria;;2019;3385,4192;70,9701;20353536
SYR;Asia;Syria;;2020;2903,7397;71,944;21049431
SYR;Asia;Syria;;2021;2682,3398;72,4175;21628837
SYR;Asia;Syria;;2022;2494,7612;72,7898;22462170
SYR;Asia;Syria;;2023;;72,1201;23594623
TWN;Asia;Taiwan;;1970;4044;69,0362;14815755
TWN;Asia;Taiwan;;1971;4470;69,3595;15121137
TWN;Asia;Taiwan;;1972;4962;69,6284;15450618
TWN;Asia;Taiwan;;1973;5496;69,8017;15772691
TWN;Asia;Taiwan;;1974;5455;70,3056;16082315
TWN;Asia;Taiwan;;1975;5614;70,8761;16365267
TWN;Asia;Taiwan;;1976;6245;71,1569;16671501
TWN;Asia;Taiwan;;1977;6752;71,2592;17020095
TWN;Asia;Taiwan;;1978;7519;71,7285;17373729
TWN;Asia;Taiwan;;1979;7967;71,7086;17735789
TWN;Asia;Taiwan;;1980;8384;71,9591;18086521
TWN;Asia;Taiwan;;1981;8749;72,018;18412829
TWN;Asia;Taiwan;;1982;8910;72,3966;18723986
TWN;Asia;Taiwan;;1983;9530;72,3973;19022629
TWN;Asia;Taiwan;;1984;10394;72,9877;19306762
TWN;Asia;Taiwan;;1985;10779;73,2953;19571695
TWN;Asia;Taiwan;;1986;11918;73,3182;19805981
TWN;Asia;Taiwan;;1987;13705;73,613;20015820
TWN;Asia;Taiwan;;1988;14183;73,4014;20223658
TWN;Asia;Taiwan;;1989;15203;73,6725;20418913
TWN;Asia;Taiwan;;1990;15841;73,9362;20594907
TWN;Asia;Taiwan;;1991;16934,814;74,287;20781752
TWN;Asia;Taiwan;;1992;18101,332;74,3047;20982088
TWN;Asia;Taiwan;;1993;19087,598;74,5644;21174678
TWN;Asia;Taiwan;;1994;20269,266;74,7036;21357145
TWN;Asia;Taiwan;;1995;21329,686;74,6174;21534497
TWN;Asia;Taiwan;;1996;22390,053;74,9181;21709270
TWN;Asia;Taiwan;;1997;23437,768;75,3222;21885332
TWN;Asia;Taiwan;;1998;24131,22;75,4752;22049226
TWN;Asia;Taiwan;;1999;25471,781;75,6198;22203788
TWN;Asia;Taiwan;;2000;26787,445;76,1389;22332873
TWN;Asia;Taiwan;;2001;26203,977;76,4775;22446254
TWN;Asia;Taiwan;;2002;27425,807;76,8708;22566898
TWN;Asia;Taiwan;;2003;28348,852;77,0431;22664130
TWN;Asia;Taiwan;;2004;29975,139;77,1732;22745432
TWN;Asia;Taiwan;;2005;31374,455;77,133;22824932
TWN;Asia;Taiwan;;2006;32867,367;77,8448;22914644
TWN;Asia;Taiwan;;2007;34761,312;78,0458;23006921
TWN;Asia;Taiwan;;2008;34762,367;78,2979;23086238
TWN;Asia;Taiwan;;2009;33974,453;78,7005;23164353
TWN;Asia;Taiwan;;2010;37385,49;79,0363;23224049
TWN;Asia;Taiwan;;2011;38565;78,8804;23273078
TWN;Asia;Taiwan;;2012;39291,184;79,1791;23345963
TWN;Asia;Taiwan;;2013;40140,73;79,5976;23416870
TWN;Asia;Taiwan;;2014;41930,84;79,4726;23472811
TWN;Asia;Taiwan;;2015;42438,46;79,8786;23529260
TWN;Asia;Taiwan;;2016;43262,195;79,6996;23586140
TWN;Asia;Taiwan;;2017;44618,29;80,061;23632950
TWN;Asia;Taiwan;;2018;45817,938;80,4312;23659308
TWN;Asia;Taiwan;;2019;47200,254;80,5958;23674137
TWN;Asia;Taiwan;;2020;48779,438;81,1067;23663461
TWN;Asia;Taiwan;;2021;51943,883;80,7847;23558330
TWN;Asia;Taiwan;;2022;53142,984;80,1569;23420107
TWN;Asia;Taiwan;;2023;;80,5588;23317145
TJK;Asia;Tajikistan;;1970;;56,5886;2936784
TJK;Asia;Tajikistan;;1971;;56,884;3028841
TJK;Asia;Tajikistan;;1972;;57,1569;3123696
TJK;Asia;Tajikistan;;1973;6527;57,4179;3222299
TJK;Asia;Tajikistan;;1974;;57,6512;3324503
TJK;Asia;Tajikistan;;1975;;57,8803;3430428
TJK;Asia;Tajikistan;;1976;;58,0762;3540077
TJK;Asia;Tajikistan;;1977;;58,2441;3653264
TJK;Asia;Tajikistan;;1978;;58,396;3768514
TJK;Asia;Tajikistan;;1979;;58,523;3882697
TJK;Asia;Tajikistan;;1980;5746;58,6321;3995258
TJK;Asia;Tajikistan;;1981;5622;58,7584;4109026
TJK;Asia;Tajikistan;;1982;5498;60,1614;4227177
TJK;Asia;Tajikistan;;1983;5547;60,4597;4350877
TJK;Asia;Tajikistan;;1984;5469;60,6904;4480027
TJK;Asia;Tajikistan;;1985;5364;60,9727;4619006
TJK;Asia;Tajikistan;;1986;5319;61,8304;4772150
TJK;Asia;Tajikistan;;1987;5040;61,5824;4939063
TJK;Asia;Tajikistan;;1988;5515;61,8388;5114988
TJK;Asia;Tajikistan;;1989;4962;61,7356;5267255
TJK;Asia;Tajikistan;;1990;4803;61,6358;5398773
TJK;Asia;Tajikistan;;1991;4270,37;61,6795;5541200
TJK;Asia;Tajikistan;;1992;2832,7034;57,0846;5649397
TJK;Asia;Tajikistan;;1993;2482,4136;55,5119;5725001
TJK;Asia;Tajikistan;;1994;1928,3185;60,0935;5825371
TJK;Asia;Tajikistan;;1995;1666,184;61,389;5948588
TJK;Asia;Tajikistan;;1996;1559,5212;60,8059;6066524
TJK;Asia;Tajikistan;;1997;1552,6323;61,9285;6139829
TJK;Asia;Tajikistan;;1998;1589,3315;62,4037;6176403
TJK;Asia;Tajikistan;;1999;1621,3206;63,1138;6208373
TJK;Asia;Tajikistan;;2000;1723,3563;63,542;6284737
TJK;Asia;Tajikistan;;2001;1845,4783;64,197;6407376
TJK;Asia;Tajikistan;;2002;1982,8837;64,8983;6531674
TJK;Asia;Tajikistan;;2003;2135,9082;65,8742;6658575
TJK;Asia;Tajikistan;;2004;2301,292;66,6042;6790555
TJK;Asia;Tajikistan;;2005;2416,867;66,5313;6924722
TJK;Asia;Tajikistan;;2006;2524,8447;66,9968;7057566
TJK;Asia;Tajikistan;;2007;2647,2095;67,4046;7194479
TJK;Asia;Tajikistan;;2008;2801,7761;67,9243;7338402
TJK;Asia;Tajikistan;;2009;2853,8884;68,2475;7490232
TJK;Asia;Tajikistan;;2010;2975,9268;68,3698;7652144
TJK;Asia;Tajikistan;;2011;3111;68,6983;7824788
TJK;Asia;Tajikistan;;2012;3283,9092;69,1296;8014087
TJK;Asia;Tajikistan;;2013;3464,207;69,579;8216733
TJK;Asia;Tajikistan;;2014;3631,8794;69,697;8425559
TJK;Asia;Tajikistan;;2015;3784,3435;69,6647;8643839
TJK;Asia;Tajikistan;;2016;3978,5557;69,9819;8865623
TJK;Asia;Tajikistan;;2017;4192,402;70,5241;9085942
TJK;Asia;Tajikistan;;2018;4440,1567;70,7366;9307345
TJK;Asia;Tajikistan;;2019;4695,543;70,962;9529970
TJK;Asia;Tajikistan;;2020;4828,3936;68,6054;9749312
TJK;Asia;Tajikistan;;2021;5205,606;69,5935;9966912
TJK;Asia;Tajikistan;;2022;5507,5454;71,5624;10182228
TJK;Asia;Tajikistan;;2023;;71,7901;10389807
TZA;Africa;Tanzania;;1970;905;46,4947;13492674
TZA;Africa;Tanzania;;1971;915;46,9725;13971453
TZA;Africa;Tanzania;;1972;945;47,4358;14479311
TZA;Africa;Tanzania;;1973;945;47,9116;15010099
TZA;Africa;Tanzania;;1974;937;48,4219;15561633
TZA;Africa;Tanzania;;1975;956;48,9216;16138364
TZA;Africa;Tanzania;;1976;996;49,4586;16736216
TZA;Africa;Tanzania;;1977;993;49,9687;17352936
TZA;Africa;Tanzania;;1978;993;50,351;17976569
TZA;Africa;Tanzania;;1979;977;50,791;18592045
TZA;Africa;Tanzania;;1980;958;51,2719;19189769
TZA;Africa;Tanzania;;1981;920;51,7032;19784713
TZA;Africa;Tanzania;;1982;905;51,9901;20398574
TZA;Africa;Tanzania;;1983;875;52,1783;21079877
TZA;Africa;Tanzania;;1984;870;52,1508;21779064
TZA;Africa;Tanzania;;1985;843;52,1843;22501696
TZA;Africa;Tanzania;;1986;845;52,2074;23258959
TZA;Africa;Tanzania;;1987;859;52,1824;24030376
TZA;Africa;Tanzania;;1988;867;52,2245;24769690
TZA;Africa;Tanzania;;1989;870;52,09;25438759
TZA;Africa;Tanzania;;1990;875;51,9849;26110210
TZA;Africa;Tanzania;;1991;891,8943;51,8373;26780440
TZA;Africa;Tanzania;;1992;895,4806;51,4317;27457599
TZA;Africa;Tanzania;;1993;900,4133;51,2153;28332691
TZA;Africa;Tanzania;;1994;904,75745;51,0772;29442357
TZA;Africa;Tanzania;;1995;931,00275;51,0048;30383496
TZA;Africa;Tanzania;;1996;979,7304;51,1321;30945761
TZA;Africa;Tanzania;;1997;1017,1681;51,2457;31578093
TZA;Africa;Tanzania;;1998;1052,0751;51,8074;32420461
TZA;Africa;Tanzania;;1999;1100,3531;52,3988;33300335
TZA;Africa;Tanzania;;2000;1148,6802;53,2439;34260142
TZA;Africa;Tanzania;;2001;1213,6268;54,1243;35198303
TZA;Africa;Tanzania;;2002;1293,2051;54,9396;36121301
TZA;Africa;Tanzania;;2003;1369,9391;55,9292;37089555
TZA;Africa;Tanzania;;2004;1464,3854;56,8355;38109666
TZA;Africa;Tanzania;;2005;1554,1523;57,675;39182083
TZA;Africa;Tanzania;;2006;1621,9966;58,5123;40294900
TZA;Africa;Tanzania;;2007;1754,4626;59,2602;41435508
TZA;Africa;Tanzania;;2008;1848,1746;59,8961;42570728
TZA;Africa;Tanzania;;2009;1946,8481;60,494;43633975
TZA;Africa;Tanzania;;2010;2068,8638;61,1266;44758491
TZA;Africa;Tanzania;;2011;2227;61,6176;46029371
TZA;Africa;Tanzania;;2012;2271,4644;62,2862;47374261
TZA;Africa;Tanzania;;2013;2353,3416;62,788;48824134
TZA;Africa;Tanzania;;2014;2436,4563;63,3638;50351506
TZA;Africa;Tanzania;;2015;2505,9724;63,9284;52020958
TZA;Africa;Tanzania;;2016;2592,6619;64,4037;53824012
TZA;Africa;Tanzania;;2017;2683,0535;64,9631;55652888
TZA;Africa;Tanzania;;2018;2785,1824;65,488;57437134
TZA;Africa;Tanzania;;2019;2894,6472;66,0068;59174889
TZA;Africa;Tanzania;;2020;2948,4724;66,7712;60972803
TZA;Africa;Tanzania;;2021;3008,113;66,1306;62830410
TZA;Africa;Tanzania;;2022;3057,3286;66,8786;64711822
TZA;Africa;Tanzania;;2023;;66,9953;66617607
THA;Asia;Thailand;;1970;2700;56,4699;35954411
THA;Asia;Thailand;;1971;2750;57,1004;36937392
THA;Asia;Thailand;;1972;2786;57,7464;37933932
THA;Asia;Thailand;;1973;2987;58,3234;38947791
THA;Asia;Thailand;;1974;3045;59,0306;39952896
THA;Asia;Thailand;;1975;3123;59,7128;40939999
THA;Asia;Thailand;;1976;3333;60,3715;41896511
THA;Asia;Thailand;;1977;3585;60,9061;42843973
THA;Asia;Thailand;;1978;3861;61,2657;43788976
THA;Asia;Thailand;;1979;3979;61,696;44718436
THA;Asia;Thailand;;1980;4071;62,186;45650031
THA;Asia;Thailand;;1981;4230;62,8557;46575851
THA;Asia;Thailand;;1982;4375;63,6026;47494577
THA;Asia;Thailand;;1983;4538;64,4998;48423309
THA;Asia;Thailand;;1984;4720;65,5497;49351711
THA;Asia;Thailand;;1985;4862;66,5429;50270754
THA;Asia;Thailand;;1986;5053;67,3084;51177832
THA;Asia;Thailand;;1987;5453;67,8333;52074109
THA;Asia;Thailand;;1988;6089;68,1937;52969595
THA;Asia;Thailand;;1989;6735;68,5574;53848955
THA;Asia;Thailand;;1990;7385;68,9244;54738329
THA;Asia;Thailand;;1991;7849,7446;69,1322;55637436
THA;Asia;Thailand;;1992;8409,0205;69,353;56528832
THA;Asia;Thailand;;1993;8964,292;69,5677;57408198
THA;Asia;Thailand;;1994;9499,518;69,6609;58260855
THA;Asia;Thailand;;1995;10080,208;69,7565;59098231
THA;Asia;Thailand;;1996;10458,358;69,94;59920059
THA;Asia;Thailand;;1997;9995,618;70,3622;60724588
THA;Asia;Thailand;;1998;9077,748;70,7029;61522632
THA;Asia;Thailand;;1999;9347,061;70,9787;62299039
THA;Asia;Thailand;;2000;9627,1045;71,2053;63007815
THA;Asia;Thailand;;2001;9818,721;71,5198;63651137
THA;Asia;Thailand;;2002;10276,398;71,7747;64266433
THA;Asia;Thailand;;2003;10868,836;72,1012;64868164
THA;Asia;Thailand;;2004;11408,326;72,1;65452049
THA;Asia;Thailand;;2005;11742,128;72,8938;66017415
THA;Asia;Thailand;;2006;12180,711;73,3413;66567685
THA;Asia;Thailand;;2007;12694,715;73,7795;67102388
THA;Asia;Thailand;;2008;12768,129;74,2205;67619835
THA;Asia;Thailand;;2009;12543,398;74,6691;68121077
THA;Asia;Thailand;;2010;13343,547;75,0117;68579443
THA;Asia;Thailand;;2011;13318;75,3015;69007212
THA;Asia;Thailand;;2012;14202,251;75,5899;69436091
THA;Asia;Thailand;;2013;14504,184;75,9601;69845112
THA;Asia;Thailand;;2014;14571,971;76,2792;70216362
THA;Asia;Thailand;;2015;14960,908;76,5631;70540787
THA;Asia;Thailand;;2016;15411,534;76,7693;70859835
THA;Asia;Thailand;;2017;15994,506;76,9888;71160183
THA;Asia;Thailand;;2018;16610,05;77,1903;71376081
THA;Asia;Thailand;;2019;16905,293;77,1967;71522264
THA;Asia;Thailand;;2020;15815,915;77,3314;71641484
THA;Asia;Thailand;;2021;16019,519;77,6065;71727338
THA;Asia;Thailand;;2022;16421,072;75,2913;71735321
THA;Asia;Thailand;;2023;;76,4115;71702436
TGO;Africa;Togo;;1970;1631;46,7819;2149480
TGO;Africa;Togo;;1971;1699;47,2323;2219828
TGO;Africa;Togo;;1972;1709;47,692;2283857
TGO;Africa;Togo;;1973;1591;48,1385;2344511
TGO;Africa;Togo;;1974;1612;48,5932;2404290
TGO;Africa;Togo;;1975;1556;49,0461;2463792
TGO;Africa;Togo;;1976;1505;49,5088;2523483
TGO;Africa;Togo;;1977;1543;50,1632;2583984
TGO;Africa;Togo;;1978;1650;50,9024;2646505
TGO;Africa;Togo;;1979;1698;51,5153;2714356
TGO;Africa;Togo;;1980;1572;52,1458;2791409
TGO;Africa;Togo;;1981;1423;52,7807;2879439
TGO;Africa;Togo;;1982;1323;53,2729;2961651
TGO;Africa;Togo;;1983;1211;53,7686;3033081
TGO;Africa;Togo;;1984;1239;54,0941;3105744
TGO;Africa;Togo;;1985;1240;54,361;3194544
TGO;Africa;Togo;;1986;1237;54,6137;3296341
TGO;Africa;Togo;;1987;1165;54,8205;3397614
TGO;Africa;Togo;;1988;1239;54,901;3501544
TGO;Africa;Togo;;1989;1246;54,7324;3606911
TGO;Africa;Togo;;1990;1275;54,557;3714023
TGO;Africa;Togo;;1991;1249,168;54,2551;3822637
TGO;Africa;Togo;;1992;1181,8712;54,0767;3932581
TGO;Africa;Togo;;1993;1003,16486;53,8516;3887976
TGO;Africa;Togo;;1994;1145,7776;53,7069;3904183
TGO;Africa;Togo;;1995;1170,5977;53,6922;4110452
TGO;Africa;Togo;;1996;1215,74;53,8172;4291129
TGO;Africa;Togo;;1997;1226,327;53,8453;4438798
TGO;Africa;Togo;;1998;1174,8528;53,9561;4551633
TGO;Africa;Togo;;1999;1183,013;54,3101;4665757
TGO;Africa;Togo;;2000;1150,366;54,577;4783721
TGO;Africa;Togo;;2001;1115,5503;54,7456;4904135
TGO;Africa;Togo;;2002;1081,7445;55,0319;5027128
TGO;Africa;Togo;;2003;1114,4639;55,2994;5154113
TGO;Africa;Togo;;2004;1121,8059;55,5941;5281320
TGO;Africa;Togo;;2005;1119,8043;55,9159;5413151
TGO;Africa;Togo;;2006;1144,8815;56,1416;5569659
TGO;Africa;Togo;;2007;1145,9207;56,3821;5748437
TGO;Africa;Togo;;2008;1150,3579;56,6511;5936140
TGO;Africa;Togo;;2009;1165,8888;56,9267;6130944
TGO;Africa;Togo;;2010;1191,1449;57,2266;6325791
TGO;Africa;Togo;;2011;1227;57,6118;6500577
TGO;Africa;Togo;;2012;1263;57,9396;6653719
TGO;Africa;Togo;;2013;1292;58,3447;6798851
TGO;Africa;Togo;;2014;1334;58,7663;6937647
TGO;Africa;Togo;;2015;1370;59,2201;7071500
TGO;Africa;Togo;;2016;1412,9878;59,6686;7200883
TGO;Africa;Togo;;2017;1433,7917;60,1351;7324379
TGO;Africa;Togo;;2018;1466,341;60,6006;7458205
TGO;Africa;Togo;;2019;1501,8667;61,0554;7619916
TGO;Africa;Togo;;2020;1482,7515;61,1225;7788058
TGO;Africa;Togo;;2021;1534,8236;61,3285;7936185
TGO;Africa;Togo;;2022;1586,5889;62,2898;8068616
TGO;Africa;Togo;;2023;;62,7387;8223853
TKL;Oceania;Tokelau;;1970;;62,2986;1740
TKL;Oceania;Tokelau;;1971;;62,6117;1684
TKL;Oceania;Tokelau;;1972;;62,8225;1663
TKL;Oceania;Tokelau;;1973;;63,0389;1664
TKL;Oceania;Tokelau;;1974;;63,2614;1664
TKL;Oceania;Tokelau;;1975;;63,4743;1661
TKL;Oceania;Tokelau;;1976;;63,7163;1660
TKL;Oceania;Tokelau;;1977;;64,01;1671
TKL;Oceania;Tokelau;;1978;;64,3617;1681
TKL;Oceania;Tokelau;;1979;;64,7353;1685
TKL;Oceania;Tokelau;;1980;;65,1598;1679
TKL;Oceania;Tokelau;;1981;;65,6179;1680
TKL;Oceania;Tokelau;;1982;;66,0725;1686
TKL;Oceania;Tokelau;;1983;;66,5097;1709
TKL;Oceania;Tokelau;;1984;;66,9132;1748
TKL;Oceania;Tokelau;;1985;;67,3411;1781
TKL;Oceania;Tokelau;;1986;;67,7333;1803
TKL;Oceania;Tokelau;;1987;;68,1392;1798
TKL;Oceania;Tokelau;;1988;;68,5343;1787
TKL;Oceania;Tokelau;;1989;;68,9534;1782
TKL;Oceania;Tokelau;;1990;;69,3765;1785
TKL;Oceania;Tokelau;;1991;;69,7972;1792
TKL;Oceania;Tokelau;;1992;;70,2148;1797
TKL;Oceania;Tokelau;;1993;;70,5855;1795
TKL;Oceania;Tokelau;;1994;;70,9236;1790
TKL;Oceania;Tokelau;;1995;;71,2134;1792
TKL;Oceania;Tokelau;;1996;;71,4674;1795
TKL;Oceania;Tokelau;;1997;;71,6523;1803
TKL;Oceania;Tokelau;;1998;;71,8105;1817
TKL;Oceania;Tokelau;;1999;;71,9999;1844
TKL;Oceania;Tokelau;;2000;;72,1967;1866
TKL;Oceania;Tokelau;;2001;;72,4259;1887
TKL;Oceania;Tokelau;;2002;;72,6536;1864
TKL;Oceania;Tokelau;;2003;;72,8907;1793
TKL;Oceania;Tokelau;;2004;;73,1245;1726
TKL;Oceania;Tokelau;;2005;;73,342;1652
TKL;Oceania;Tokelau;;2006;;73,555;1593
TKL;Oceania;Tokelau;;2007;;73,7796;1573
TKL;Oceania;Tokelau;;2008;;74,0213;1585
TKL;Oceania;Tokelau;;2009;;74,2712;1597
TKL;Oceania;Tokelau;;2010;;74,5103;1610
TKL;Oceania;Tokelau;;2011;;74,7605;1625
TKL;Oceania;Tokelau;;2012;;75,0127;1681
TKL;Oceania;Tokelau;;2013;;75,2692;1749
TKL;Oceania;Tokelau;;2014;;75,4738;1748
TKL;Oceania;Tokelau;;2015;;75,7071;1719
TKL;Oceania;Tokelau;;2016;;75,9262;1703
TKL;Oceania;Tokelau;;2017;;76,0554;1767
TKL;Oceania;Tokelau;;2018;;76,2435;1902
TKL;Oceania;Tokelau;;2019;;76,4524;2038
TKL;Oceania;Tokelau;;2020;;76,6217;2152
TKL;Oceania;Tokelau;;2021;;76,7183;2225
TKL;Oceania;Tokelau;;2022;;76,887;2312
TKL;Oceania;Tokelau;;2023;;77,0512;2424
TON;Oceania;Tonga;;1970;;63,1819;84416
TON;Oceania;Tonga;;1971;;63,6074;85914
TON;Oceania;Tonga;;1972;;64,0606;87369
TON;Oceania;Tonga;;1973;;64,389;88818
TON;Oceania;Tonga;;1974;;64,8249;90699
TON;Oceania;Tonga;;1975;;65,1216;93032
TON;Oceania;Tonga;;1976;;65,4184;95343
TON;Oceania;Tonga;;1977;;65,6249;96740
TON;Oceania;Tonga;;1978;;65,8538;97222
TON;Oceania;Tonga;;1979;;66,0391;97564
TON;Oceania;Tonga;;1980;;66,186;97785
TON;Oceania;Tonga;;1981;;66,3574;97930
TON;Oceania;Tonga;;1982;;66,3269;98000
TON;Oceania;Tonga;;1983;;66,6518;98016
TON;Oceania;Tonga;;1984;;66,8061;98008
TON;Oceania;Tonga;;1985;;66,9282;98000
TON;Oceania;Tonga;;1986;;67,0577;98025
TON;Oceania;Tonga;;1987;;67,1889;98394
TON;Oceania;Tonga;;1988;;67,3208;98985
TON;Oceania;Tonga;;1989;;67,4451;99419
TON;Oceania;Tonga;;1990;;67,5392;99717
TON;Oceania;Tonga;;1991;;67,7487;99911
TON;Oceania;Tonga;;1992;;67,9269;100045
TON;Oceania;Tonga;;1993;;68,1572;100120
TON;Oceania;Tonga;;1994;;68,3705;100187
TON;Oceania;Tonga;;1995;;68,592;100240
TON;Oceania;Tonga;;1996;;68,8031;100294
TON;Oceania;Tonga;;1997;;69,0122;100691
TON;Oceania;Tonga;;1998;;69,2244;101406
TON;Oceania;Tonga;;1999;;69,4315;102058
TON;Oceania;Tonga;;2000;;69,6349;102695
TON;Oceania;Tonga;;2001;;69,7998;103305
TON;Oceania;Tonga;;2002;;70,0301;103888
TON;Oceania;Tonga;;2003;;70,2275;104481
TON;Oceania;Tonga;;2004;;70,433;105088
TON;Oceania;Tonga;;2005;;70,56;105684
TON;Oceania;Tonga;;2006;;70,7098;106266
TON;Oceania;Tonga;;2007;;70,8868;106744
TON;Oceania;Tonga;;2008;;71,0412;107036
TON;Oceania;Tonga;;2009;;70,9489;107219
TON;Oceania;Tonga;;2010;;71,3185;107415
TON;Oceania;Tonga;;2011;;71,4372;107584
TON;Oceania;Tonga;;2012;;71,5461;107476
TON;Oceania;Tonga;;2013;;71,6499;107093
TON;Oceania;Tonga;;2014;;71,7212;106627
TON;Oceania;Tonga;;2015;;71,851;106110
TON;Oceania;Tonga;;2016;;71,9505;105536
TON;Oceania;Tonga;;2017;;72,0657;105373
TON;Oceania;Tonga;;2018;;72,1691;105590
TON;Oceania;Tonga;;2019;;72,292;105688
TON;Oceania;Tonga;;2020;;72,3787;105721
TON;Oceania;Tonga;;2021;;72,1296;105504
TON;Oceania;Tonga;;2022;;72,6353;105053
TON;Oceania;Tonga;;2023;;72,8947;104613
TTO;North America;Trinidad and Tobago;;1970;13141;64,8689;991480
TTO;North America;Trinidad and Tobago;;1971;13185;64,9342;1002588
TTO;North America;Trinidad and Tobago;;1972;13753;65,1835;1014927
TTO;North America;Trinidad and Tobago;;1973;13844;65,412;1027860
TTO;North America;Trinidad and Tobago;;1974;14430;65,5117;1040768
TTO;North America;Trinidad and Tobago;;1975;14534;65,6471;1053468
TTO;North America;Trinidad and Tobago;;1976;15696;66,0321;1066314
TTO;North America;Trinidad and Tobago;;1977;16412;66,1698;1079560
TTO;North America;Trinidad and Tobago;;1978;18042;66,1976;1093393
TTO;North America;Trinidad and Tobago;;1979;18568;66,4224;1107652
TTO;North America;Trinidad and Tobago;;1980;19734;66,5066;1121750
TTO;North America;Trinidad and Tobago;;1981;20298;66,4587;1135140
TTO;North America;Trinidad and Tobago;;1982;18771;66,3825;1147932
TTO;North America;Trinidad and Tobago;;1983;16982;66,4401;1160537
TTO;North America;Trinidad and Tobago;;1984;17680;66,5556;1172985
TTO;North America;Trinidad and Tobago;;1985;16671;66,7475;1187370
TTO;North America;Trinidad and Tobago;;1986;15871;66,9028;1203132
TTO;North America;Trinidad and Tobago;;1987;14929;67,1345;1217367
TTO;North America;Trinidad and Tobago;;1988;14198;67,3786;1230071
TTO;North America;Trinidad and Tobago;;1989;13970;67,5178;1241606
TTO;North America;Trinidad and Tobago;;1990;14112;67,5905;1252215
TTO;North America;Trinidad and Tobago;;1991;14060,736;67,7817;1262174
TTO;North America;Trinidad and Tobago;;1992;14195,952;67,7798;1271681
TTO;North America;Trinidad and Tobago;;1993;13745,797;67,8246;1280474
TTO;North America;Trinidad and Tobago;;1994;13350,896;67,8368;1288353
TTO;North America;Trinidad and Tobago;;1995;14187,659;67,9952;1295167
TTO;North America;Trinidad and Tobago;;1996;15004,265;68,0386;1300937
TTO;North America;Trinidad and Tobago;;1997;15931,672;68,1434;1305838
TTO;North America;Trinidad and Tobago;;1998;17013,754;68,3306;1310226
TTO;North America;Trinidad and Tobago;;1999;18159,916;68,5087;1314711
TTO;North America;Trinidad and Tobago;;2000;19179,918;68,6288;1319781
TTO;North America;Trinidad and Tobago;;2001;19736,68;68,8744;1325573
TTO;North America;Trinidad and Tobago;;2002;21052,45;69,2322;1332017
TTO;North America;Trinidad and Tobago;;2003;23814,066;69,4536;1338718
TTO;North America;Trinidad and Tobago;;2004;25403,27;69,8791;1345386
TTO;North America;Trinidad and Tobago;;2005;26651,834;70,1847;1352040
TTO;North America;Trinidad and Tobago;;2006;29792,424;70,4367;1358706
TTO;North America;Trinidad and Tobago;;2007;30806,174;70,7973;1365381
TTO;North America;Trinidad and Tobago;;2008;31434,305;71,1171;1372090
TTO;North America;Trinidad and Tobago;;2009;29657,463;71,4042;1379056
TTO;North America;Trinidad and Tobago;;2010;30235,994;71,809;1386657
TTO;North America;Trinidad and Tobago;;2011;29745;72,2323;1394990
TTO;North America;Trinidad and Tobago;;2012;30944,223;72,513;1403814
TTO;North America;Trinidad and Tobago;;2013;31976,953;72,7855;1412658
TTO;North America;Trinidad and Tobago;;2014;32878,203;72,8984;1421135
TTO;North America;Trinidad and Tobago;;2015;32480,59;72,8817;1429190
TTO;North America;Trinidad and Tobago;;2016;30158,125;72,9348;1437031
TTO;North America;Trinidad and Tobago;;2017;28618,176;72,9844;1445265
TTO;North America;Trinidad and Tobago;;2018;27863,434;72,6582;1470522
TTO;North America;Trinidad and Tobago;;2019;27582,568;72,8357;1484898
TTO;North America;Trinidad and Tobago;;2020;25548,51;72,645;1481026
TTO;North America;Trinidad and Tobago;;2021;25237,664;71,1114;1487715
TTO;North America;Trinidad and Tobago;;2022;25773,006;73,3308;1495923
TTO;North America;Trinidad and Tobago;;2023;;73,4896;1502938
TUN;Africa;Tunisia;;1970;2912;53,7917;5131394
TUN;Africa;Tunisia;;1971;3159;54,9055;5261660
TUN;Africa;Tunisia;;1972;3645;56,0947;5396564
TUN;Africa;Tunisia;;1973;3540;57,1153;5537244
TUN;Africa;Tunisia;;1974;3735;58,2509;5684686
TUN;Africa;Tunisia;;1975;3899;59,3055;5839266
TUN;Africa;Tunisia;;1976;4095;60,3134;5996993
TUN;Africa;Tunisia;;1977;4132;61,2556;6155927
TUN;Africa;Tunisia;;1978;4304;62,1472;6309393
TUN;Africa;Tunisia;;1979;4481;62,9291;6456418
TUN;Africa;Tunisia;;1980;4693;63,6688;6606194
TUN;Africa;Tunisia;;1981;4830;64,3742;6758291
TUN;Africa;Tunisia;;1982;4713;65,0102;6908649
TUN;Africa;Tunisia;;1983;4844;65,696;7053797
TUN;Africa;Tunisia;;1984;4890;66,2936;7220050
TUN;Africa;Tunisia;;1985;5039;66,8771;7409907
TUN;Africa;Tunisia;;1986;4841;67,4289;7600300
TUN;Africa;Tunisia;;1987;5043;68,0106;7789990
TUN;Africa;Tunisia;;1988;4940;68,4559;7974447
TUN;Africa;Tunisia;;1989;5023;68,8253;8151665
TUN;Africa;Tunisia;;1990;5316;69,0919;8324509
TUN;Africa;Tunisia;;1991;5446,228;69,3985;8501826
TUN;Africa;Tunisia;;1992;5789,955;69,6836;8682509
TUN;Africa;Tunisia;;1993;5843,0684;69,9921;8857916
TUN;Africa;Tunisia;;1994;5968,8447;70,3628;9018447
TUN;Africa;Tunisia;;1995;6048,7476;70,7855;9161263
TUN;Africa;Tunisia;;1996;6388,394;71,2472;9294433
TUN;Africa;Tunisia;;1997;6680,1035;71,6696;9421273
TUN;Africa;Tunisia;;1998;6944,661;72,0672;9541669
TUN;Africa;Tunisia;;1999;7297,4746;72,3435;9655966
TUN;Africa;Tunisia;;2000;7548,438;72,6043;9764940
TUN;Africa;Tunisia;;2001;7848,094;72,8219;9869679
TUN;Africa;Tunisia;;2002;7916,6797;73,0695;9971521
TUN;Africa;Tunisia;;2003;8281,715;73,3036;10071638
TUN;Africa;Tunisia;;2004;8705,084;73,5195;10166170
TUN;Africa;Tunisia;;2005;8983,384;73,7117;10255474
TUN;Africa;Tunisia;;2006;9420,023;73,8884;10346408
TUN;Africa;Tunisia;;2007;9932,938;74,0391;10441705
TUN;Africa;Tunisia;;2008;10294,922;74,1923;10542637
TUN;Africa;Tunisia;;2009;10533,218;74,3199;10650682
TUN;Africa;Tunisia;;2010;10721,812;74,4376;10765984
TUN;Africa;Tunisia;;2011;10437;74,4714;10886041
TUN;Africa;Tunisia;;2012;10750,85;74,5985;11009649
TUN;Africa;Tunisia;;2013;10881,511;74,6736;11141365
TUN;Africa;Tunisia;;2014;11084,781;74,7838;11274295
TUN;Africa;Tunisia;;2015;11063,081;74,8748;11402270
TUN;Africa;Tunisia;;2016;11064,023;75,0074;11528676
TUN;Africa;Tunisia;;2017;11194,365;75,1768;11650504
TUN;Africa;Tunisia;;2018;11376,29;75,37;11765515
TUN;Africa;Tunisia;;2019;11451,897;75,5992;11875084
TUN;Africa;Tunisia;;2020;10354,239;75,0035;11974058
TUN;Africa;Tunisia;;2021;10726,256;72,8928;12048625
TUN;Africa;Tunisia;;2022;10913,846;76,0505;12119338
TUN;Africa;Tunisia;;2023;;76,5077;12200434
TUR;Asia;Turkey;;1970;4398;56,7016;36638458
TUR;Asia;Turkey;;1971;4715;57,2226;37518610
TUR;Asia;Turkey;;1972;4929;57,9712;38430215
TUR;Asia;Turkey;;1973;5050;58,4549;39329533
TUR;Asia;Turkey;;1974;5353;59,0191;40210234
TUR;Asia;Turkey;;1975;5719;59,513;41053123
TUR;Asia;Turkey;;1976;6110;60,0144;41899990
TUR;Asia;Turkey;;1977;6271;60,8459;42773301
TUR;Asia;Turkey;;1978;6350;61,614;43645306
TUR;Asia;Turkey;;1979;6204;62,1609;44510430
TUR;Asia;Turkey;;1980;6070;62,7391;45408818
TUR;Asia;Turkey;;1981;6201;63,1935;46321190
TUR;Asia;Turkey;;1982;6381;63,7404;47322104
TUR;Asia;Turkey;;1983;6489;64,2687;48447413
TUR;Asia;Turkey;;1984;6736;64,8099;49574065
TUR;Asia;Turkey;;1985;6958;65,3437;50687118
TUR;Asia;Turkey;;1986;7323;65,8699;51777768
TUR;Asia;Turkey;;1987;7838;66,3785;52843671
TUR;Asia;Turkey;;1988;8019;66,902;53909628
TUR;Asia;Turkey;;1989;7992;67,3649;54976719
TUR;Asia;Turkey;;1990;8606;67,8348;56015627
TUR;Asia;Turkey;;1991;8658,379;68,2867;57009892
TUR;Asia;Turkey;;1992;9150,435;68,6031;57990121
TUR;Asia;Turkey;;1993;9865,301;69,0178;58999164
TUR;Asia;Turkey;;1994;9308,695;69,4024;60033832
TUR;Asia;Turkey;;1995;9962,536;69,7341;61024501
TUR;Asia;Turkey;;1996;10644,634;70,2454;61951134
TUR;Asia;Turkey;;1997;11432,437;70,6681;62852968
TUR;Asia;Turkey;;1998;11772,83;71,144;63734385
TUR;Asia;Turkey;;1999;11151,674;70,7523;64591916
TUR;Asia;Turkey;;2000;11904,008;71,9312;65425957
TUR;Asia;Turkey;;2001;10950,992;72,2711;66245125
TUR;Asia;Turkey;;2002;11753,953;72,6047;67048792
TUR;Asia;Turkey;;2003;12380,207;72,9061;67831735
TUR;Asia;Turkey;;2004;13423,795;73,2232;68592621
TUR;Asia;Turkey;;2005;14487,758;73,5098;69329557
TUR;Asia;Turkey;;2006;15425,188;73,8038;70045351
TUR;Asia;Turkey;;2007;16090,835;74,1291;70750593
TUR;Asia;Turkey;;2008;16182,732;74,3802;71562343
TUR;Asia;Turkey;;2009;15188,421;74,679;72464846
TUR;Asia;Turkey;;2010;16528,12;74,9642;73346766
TUR;Asia;Turkey;;2011;17919;74,8234;74215203
TUR;Asia;Turkey;;2012;18539,223;75,5519;75197196
TUR;Asia;Turkey;;2013;19855,717;76,1705;76403032
TUR;Asia;Turkey;;2014;20557,4;76,4519;78036154
TUR;Asia;Turkey;;2015;21519,33;76,5389;80014222
TUR;Asia;Turkey;;2016;21937,162;76,5948;81652087
TUR;Asia;Turkey;;2017;23278,996;77,0372;83083667
TUR;Asia;Turkey;;2018;23650,49;77,4535;84415966
TUR;Asia;Turkey;;2019;23497,504;77,737;85357670
TUR;Asia;Turkey;;2020;23721,88;76,5255;86091691
TUR;Asia;Turkey;;2021;26175,93;75,7222;86686254
TUR;Asia;Turkey;;2022;27361,988;77,5913;87058469
TUR;Asia;Turkey;;2023;;77,1557;87270502
TKM;Asia;Turkmenistan;;1970;;56,0455;2195617
TKM;Asia;Turkmenistan;;1971;;56,3493;2253123
TKM;Asia;Turkmenistan;;1972;;56,6028;2311431
TKM;Asia;Turkmenistan;;1973;7693;56,8362;2370918
TKM;Asia;Turkmenistan;;1974;;57,0403;2432032
TKM;Asia;Turkmenistan;;1975;;57,2407;2494573
TKM;Asia;Turkmenistan;;1976;;57,449;2558525
TKM;Asia;Turkmenistan;;1977;;57,689;2623946
TKM;Asia;Turkmenistan;;1978;;58,2787;2691095
TKM;Asia;Turkmenistan;;1979;;59,1199;2760361
TKM;Asia;Turkmenistan;;1980;6763;60,1815;2832201
TKM;Asia;Turkmenistan;;1981;6666;60,9831;2907193
TKM;Asia;Turkmenistan;;1982;6575;61,5772;2985566
TKM;Asia;Turkmenistan;;1983;6535;61,9876;3067535
TKM;Asia;Turkmenistan;;1984;6314;62,3636;3154080
TKM;Asia;Turkmenistan;;1985;6186;62,8027;3247541
TKM;Asia;Turkmenistan;;1986;6204;63,2118;3347813
TKM;Asia;Turkmenistan;;1987;6194;63,5314;3452736
TKM;Asia;Turkmenistan;;1988;6601;63,6987;3559364
TKM;Asia;Turkmenistan;;1989;5915;63,7815;3662464
TKM;Asia;Turkmenistan;;1990;5796;63,8665;3760561
TKM;Asia;Turkmenistan;;1991;5457,757;63,8424;3855902
TKM;Asia;Turkmenistan;;1992;4587,7637;63,7528;3944689
TKM;Asia;Turkmenistan;;1993;4604,3843;63,5855;4032415
TKM;Asia;Turkmenistan;;1994;3769,6248;63,5148;4116662
TKM;Asia;Turkmenistan;;1995;3473,6802;63,5137;4191207
TKM;Asia;Turkmenistan;;1996;3226,9849;63,5378;4263818
TKM;Asia;Turkmenistan;;1997;2856,1487;63,6674;4336732
TKM;Asia;Turkmenistan;;1998;3037,7043;63,9664;4410511
TKM;Asia;Turkmenistan;;1999;3527,1604;64,4749;4492174
TKM;Asia;Turkmenistan;;2000;4173,195;64,9315;4582675
TKM;Asia;Turkmenistan;;2001;5014,0625;65,3246;4675416
TKM;Asia;Turkmenistan;;2002;5795,641;65,5934;4769473
TKM;Asia;Turkmenistan;;2003;6784,561;65,8538;4863871
TKM;Asia;Turkmenistan;;2004;7781,7437;66,0548;4958091
TKM;Asia;Turkmenistan;;2005;8791,676;66,2747;5052260
TKM;Asia;Turkmenistan;;2006;9752,355;66,5744;5147103
TKM;Asia;Turkmenistan;;2007;10829,376;67,0198;5244047
TKM;Asia;Turkmenistan;;2008;12426,719;67,5836;5345033
TKM;Asia;Turkmenistan;;2009;13188,448;68,1552;5451597
TKM;Asia;Turkmenistan;;2010;14397,149;68,6078;5564356
TKM;Asia;Turkmenistan;;2011;16518;68,8696;5683413
TKM;Asia;Turkmenistan;;2012;17333,729;68,9607;5808548
TKM;Asia;Turkmenistan;;2013;17080,463;68,968;5939348
TKM;Asia;Turkmenistan;;2014;17536,766;69,0014;6075286
TKM;Asia;Turkmenistan;;2015;17857,26;69,0608;6215773
TKM;Asia;Turkmenistan;;2016;17484,646;69,1421;6360041
TKM;Asia;Turkmenistan;;2017;18104,434;69,19;6507065
TKM;Asia;Turkmenistan;;2018;18064,107;69,2718;6655523
TKM;Asia;Turkmenistan;;2019;17264,172;69,4046;6803943
TKM;Asia;Turkmenistan;;2020;16580,84;68,8457;6949915
TKM;Asia;Turkmenistan;;2021;17169,06;69,3525;7092042
TKM;Asia;Turkmenistan;;2022;17234,555;69,9133;7230197
TKM;Asia;Turkmenistan;;2023;;70,0727;7364437
TCA;North America;Turks and Caicos Islands;;1970;;62,6887;5686
TCA;North America;Turks and Caicos Islands;;1971;;63,2558;5773
TCA;North America;Turks and Caicos Islands;;1972;;63,7604;5936
TCA;North America;Turks and Caicos Islands;;1973;;64,2277;6112
TCA;North America;Turks and Caicos Islands;;1974;;64,7305;6296
TCA;North America;Turks and Caicos Islands;;1975;;65,2015;6486
TCA;North America;Turks and Caicos Islands;;1976;;65,607;6677
TCA;North America;Turks and Caicos Islands;;1977;;66,0254;6885
TCA;North America;Turks and Caicos Islands;;1978;;66,4321;7105
TCA;North America;Turks and Caicos Islands;;1979;;66,7721;7327
TCA;North America;Turks and Caicos Islands;;1980;;67,1083;7584
TCA;North America;Turks and Caicos Islands;;1981;;67,4386;7927
TCA;North America;Turks and Caicos Islands;;1982;;67,7469;8316
TCA;North America;Turks and Caicos Islands;;1983;;68,0688;8722
TCA;North America;Turks and Caicos Islands;;1984;;68,3863;9127
TCA;North America;Turks and Caicos Islands;;1985;;68,6686;9545
TCA;North America;Turks and Caicos Islands;;1986;;68,9897;9962
TCA;North America;Turks and Caicos Islands;;1987;;69,3;10384
TCA;North America;Turks and Caicos Islands;;1988;;69,6194;10800
TCA;North America;Turks and Caicos Islands;;1989;;69,9163;11213
TCA;North America;Turks and Caicos Islands;;1990;;70,2177;11708
TCA;North America;Turks and Caicos Islands;;1991;;70,5396;12328
TCA;North America;Turks and Caicos Islands;;1992;;70,887;12992
TCA;North America;Turks and Caicos Islands;;1993;;71,1937;13670
TCA;North America;Turks and Caicos Islands;;1994;;71,5754;14368
TCA;North America;Turks and Caicos Islands;;1995;;71,9485;15074
TCA;North America;Turks and Caicos Islands;;1996;;72,328;15786
TCA;North America;Turks and Caicos Islands;;1997;;72,7134;16505
TCA;North America;Turks and Caicos Islands;;1998;;73,1126;17236
TCA;North America;Turks and Caicos Islands;;1999;;73,5309;17981
TCA;North America;Turks and Caicos Islands;;2000;;73,9715;18754
TCA;North America;Turks and Caicos Islands;;2001;;74,4085;19603
TCA;North America;Turks and Caicos Islands;;2002;;74,8434;20619
TCA;North America;Turks and Caicos Islands;;2003;;75,2624;21749
TCA;North America;Turks and Caicos Islands;;2004;;75,6305;22881
TCA;North America;Turks and Caicos Islands;;2005;;75,9539;24011
TCA;North America;Turks and Caicos Islands;;2006;;76,1965;25146
TCA;North America;Turks and Caicos Islands;;2007;;76,4267;26290
TCA;North America;Turks and Caicos Islands;;2008;;76,0839;27452
TCA;North America;Turks and Caicos Islands;;2009;;76,672;28610
TCA;North America;Turks and Caicos Islands;;2010;;76,784;29763
TCA;North America;Turks and Caicos Islands;;2011;;76,8697;30870
TCA;North America;Turks and Caicos Islands;;2012;;76,9694;32152
TCA;North America;Turks and Caicos Islands;;2013;;77,0998;33675
TCA;North America;Turks and Caicos Islands;;2014;;77,2116;35077
TCA;North America;Turks and Caicos Islands;;2015;;77,3211;36632
TCA;North America;Turks and Caicos Islands;;2016;;77,4372;38342
TCA;North America;Turks and Caicos Islands;;2017;;77,5051;39931
TCA;North America;Turks and Caicos Islands;;2018;;77,5957;41580
TCA;North America;Turks and Caicos Islands;;2019;;77,691;43191
TCA;North America;Turks and Caicos Islands;;2020;;77,4989;44405
TCA;North America;Turks and Caicos Islands;;2021;;77,2342;45262
TCA;North America;Turks and Caicos Islands;;2022;;77,9176;45869
TCA;North America;Turks and Caicos Islands;;2023;;78,0077;46221
TUV;Oceania;Tuvalu;;1970;;55,3475;5684
TUV;Oceania;Tuvalu;;1971;;55,9715;5704
TUV;Oceania;Tuvalu;;1972;;54,6942;5712
TUV;Oceania;Tuvalu;;1973;;57,1974;5704
TUV;Oceania;Tuvalu;;1974;;57,6931;5844
TUV;Oceania;Tuvalu;;1975;;58,2532;6133
TUV;Oceania;Tuvalu;;1976;;58,7728;6427
TUV;Oceania;Tuvalu;;1977;;59,2008;6708
TUV;Oceania;Tuvalu;;1978;;59,5707;6980
TUV;Oceania;Tuvalu;;1979;;59,8794;7207
TUV;Oceania;Tuvalu;;1980;;60,2173;7387
TUV;Oceania;Tuvalu;;1981;;60,4889;7545
TUV;Oceania;Tuvalu;;1982;;60,7465;7686
TUV;Oceania;Tuvalu;;1983;;60,9378;7809
TUV;Oceania;Tuvalu;;1984;;61,0521;7926
TUV;Oceania;Tuvalu;;1985;;61,1367;8068
TUV;Oceania;Tuvalu;;1986;;61,2072;8238
TUV;Oceania;Tuvalu;;1987;;61,2863;8393
TUV;Oceania;Tuvalu;;1988;;61,3666;8539
TUV;Oceania;Tuvalu;;1989;;61,506;8685
TUV;Oceania;Tuvalu;;1990;;61,6431;8821
TUV;Oceania;Tuvalu;;1991;;61,8086;8953
TUV;Oceania;Tuvalu;;1992;;60,2896;9060
TUV;Oceania;Tuvalu;;1993;;62,1097;9146
TUV;Oceania;Tuvalu;;1994;;62,317;9231
TUV;Oceania;Tuvalu;;1995;;62,5047;9299
TUV;Oceania;Tuvalu;;1996;;62,7086;9363
TUV;Oceania;Tuvalu;;1997;;62,9417;9425
TUV;Oceania;Tuvalu;;1998;;63,1619;9469
TUV;Oceania;Tuvalu;;1999;;63,3457;9518
TUV;Oceania;Tuvalu;;2000;;63,5356;9566
TUV;Oceania;Tuvalu;;2001;;63,709;9608
TUV;Oceania;Tuvalu;;2002;;63,8246;9645
TUV;Oceania;Tuvalu;;2003;;63,8974;9715
TUV;Oceania;Tuvalu;;2004;;63,9885;9839
TUV;Oceania;Tuvalu;;2005;;64,0962;9964
TUV;Oceania;Tuvalu;;2006;;64,2467;10078
TUV;Oceania;Tuvalu;;2007;;64,4017;10204
TUV;Oceania;Tuvalu;;2008;;64,5162;10344
TUV;Oceania;Tuvalu;;2009;;64,693;10479
TUV;Oceania;Tuvalu;;2010;;64,834;10635
TUV;Oceania;Tuvalu;;2011;;64,9598;10804
TUV;Oceania;Tuvalu;;2012;;65,0792;10960
TUV;Oceania;Tuvalu;;2013;;65,1713;11028
TUV;Oceania;Tuvalu;;2014;;65,2778;11007
TUV;Oceania;Tuvalu;;2015;;65,3652;10985
TUV;Oceania;Tuvalu;;2016;;65,51;10951
TUV;Oceania;Tuvalu;;2017;;65,6826;10892
TUV;Oceania;Tuvalu;;2018;;65,871;10775
TUV;Oceania;Tuvalu;;2019;;66,1085;10603
TUV;Oceania;Tuvalu;;2020;;66,3567;10423
TUV;Oceania;Tuvalu;;2021;;65,8236;10214
TUV;Oceania;Tuvalu;;2022;;66,8516;10012
TUV;Oceania;Tuvalu;;2023;;67,1049;9837
UGA;Africa;Uganda;;1970;1382;49,621;10321608
UGA;Africa;Uganda;;1971;1385;47,1465;10618207
UGA;Africa;Uganda;;1972;1364;47,1619;10885795
UGA;Africa;Uganda;;1973;1331;46,9915;11144237
UGA;Africa;Uganda;;1974;1302;46,8613;11424845
UGA;Africa;Uganda;;1975;1243;46,5175;11725240
UGA;Africa;Uganda;;1976;1219;46,1695;12037302
UGA;Africa;Uganda;;1977;1207;45,8399;12359671
UGA;Africa;Uganda;;1978;1111;45,5963;12692122
UGA;Africa;Uganda;;1979;966;45,3846;13002167
UGA;Africa;Uganda;;1980;912;43,4526;13275751
UGA;Africa;Uganda;;1981;923;43,4563;13556457
UGA;Africa;Uganda;;1982;972;43,3086;13873637
UGA;Africa;Uganda;;1983;1014;43,4891;14221891
UGA;Africa;Uganda;;1984;897;43,7065;14607679
UGA;Africa;Uganda;;1985;886;45,4963;15023679
UGA;Africa;Uganda;;1986;858;45,6515;15467581
UGA;Africa;Uganda;;1987;877;47,3604;15954165
UGA;Africa;Uganda;;1988;902;47,476;16470485
UGA;Africa;Uganda;;1989;929;47,4882;17010704
UGA;Africa;Uganda;;1990;932;47,5612;17569895
UGA;Africa;Uganda;;1991;915,40533;47,549;18155901
UGA;Africa;Uganda;;1992;934,82623;47,6706;18785037
UGA;Africa;Uganda;;1993;959,1882;47,6808;19445161
UGA;Africa;Uganda;;1994;994,5334;47,6748;20108804
UGA;Africa;Uganda;;1995;1054,714;47,7062;20665673
UGA;Africa;Uganda;;1996;1091,5275;47,759;21231553
UGA;Africa;Uganda;;1997;1107,501;48,0259;21856044
UGA;Africa;Uganda;;1998;1137,6382;48,2634;22515809
UGA;Africa;Uganda;;1999;1185,4313;48,9771;23257279
UGA;Africa;Uganda;;2000;1191,9539;49,6397;24000158
UGA;Africa;Uganda;;2001;1255,8844;50,5761;24745678
UGA;Africa;Uganda;;2002;1301,0588;51,4432;25532872
UGA;Africa;Uganda;;2003;1335,0305;52,4136;26352124
UGA;Africa;Uganda;;2004;1364,6852;53,6988;27154513
UGA;Africa;Uganda;;2005;1451,0973;54,9264;27963287
UGA;Africa;Uganda;;2006;1501,3855;56,1184;28794005
UGA;Africa;Uganda;;2007;1569,8298;57,2479;29653437
UGA;Africa;Uganda;;2008;1679,3995;58,253;30539547
UGA;Africa;Uganda;;2009;1757,3862;59,1574;31451147
UGA;Africa;Uganda;;2010;1831,2906;59,9593;32390801
UGA;Africa;Uganda;;2011;1890;60,7914;33354541
UGA;Africa;Uganda;;2012;1878,8959;61,5786;34337436
UGA;Africa;Uganda;;2013;1895,4644;62,3531;35337050
UGA;Africa;Uganda;;2014;1941,1904;63,0575;36395542
UGA;Africa;Uganda;;2015;2026,8052;63,8315;37531444
UGA;Africa;Uganda;;2016;1953,0966;64,4944;38799153
UGA;Africa;Uganda;;2017;1998,5995;65,1738;40177384
UGA;Africa;Uganda;;2018;2036,3313;65,7751;41565839
UGA;Africa;Uganda;;2019;2128,9087;66,3537;42999636
UGA;Africa;Uganda;;2020;2032,2618;66,4098;44457148
UGA;Africa;Uganda;;2021;2083,8281;66,4497;45910931
UGA;Africa;Uganda;;2022;2122,0278;67,6747;47312718
UGA;Africa;Uganda;;2023;;68,2523;48656606
UKR;Europe;Ukraine;;1970;;70,8438;47261309
UKR;Europe;Ukraine;;1971;;70,8722;47573291
UKR;Europe;Ukraine;;1972;;70,966;47946893
UKR;Europe;Ukraine;;1973;7849;70,8222;48277120
UKR;Europe;Ukraine;;1974;;70,6269;48576573
UKR;Europe;Ukraine;;1975;;70,3612;48865230
UKR;Europe;Ukraine;;1976;;70,1441;49120842
UKR;Europe;Ukraine;;1977;;70,007;49336485
UKR;Europe;Ukraine;;1978;;69,839;49521243
UKR;Europe;Ukraine;;1979;;69,775;49721384
UKR;Europe;Ukraine;;1980;8467;69,7589;49955147
UKR;Europe;Ukraine;;1981;8695;69,8163;50189280
UKR;Europe;Ukraine;;1982;8934;69,9024;50402724
UKR;Europe;Ukraine;;1983;9288;69,9482;50637026
UKR;Europe;Ukraine;;1984;9476;69,9915;50887600
UKR;Europe;Ukraine;;1985;9387;70,4094;51108771
UKR;Europe;Ukraine;;1986;9408;70,8327;51318738
UKR;Europe;Ukraine;;1987;9648;71,1792;51515727
UKR;Europe;Ukraine;;1988;9704;71,0399;51724854
UKR;Europe;Ukraine;;1989;10082;70,8389;51917825
UKR;Europe;Ukraine;;1990;9607;70,3538;52054096
UKR;Europe;Ukraine;;1991;8899,097;69,6881;52170967
UKR;Europe;Ukraine;;1992;8130,277;68,9471;52323675
UKR;Europe;Ukraine;;1993;7090,2573;68,2873;52350122
UKR;Europe;Ukraine;;1994;5585,413;67,5337;52076000
UKR;Europe;Ukraine;;1995;5024,1816;67,1138;51665535
UKR;Europe;Ukraine;;1996;4636,6265;67,0972;51226111
UKR;Europe;Ukraine;;1997;4612,4043;67,658;50786881
UKR;Europe;Ukraine;;1998;4640,199;67,9929;50379728
UKR;Europe;Ukraine;;1999;4751,3164;68,0037;49976445
UKR;Europe;Ukraine;;2000;5165,808;67,7862;49556654
UKR;Europe;Ukraine;;2001;5793,6597;67,6754;49106854
UKR;Europe;Ukraine;;2002;6262,9824;67,6986;48677280
UKR;Europe;Ukraine;;2003;7029,5703;67,6383;48315133
UKR;Europe;Ukraine;;2004;8049,3955;67,4724;47979502
UKR;Europe;Ukraine;;2005;8496,677;67,5168;47585558
UKR;Europe;Ukraine;;2006;9355,988;67,4901;47278691
UKR;Europe;Ukraine;;2007;10355,818;67,7147;47062802
UKR;Europe;Ukraine;;2008;10824,076;68,2618;46819168
UKR;Europe;Ukraine;;2009;9381,225;69,1595;46623731
UKR;Europe;Ukraine;;2010;9601,209;70,1883;46455997
UKR;Europe;Ukraine;;2011;10333;70,7106;46307854
UKR;Europe;Ukraine;;2012;10381,639;71,0896;46210051
UKR;Europe;Ukraine;;2013;10405,39;71,4744;46126760
UKR;Europe;Ukraine;;2014;9817,459;71,8034;45972379
UKR;Europe;Ukraine;;2015;8959,174;72,6862;45784904
UKR;Europe;Ukraine;;2016;9221,608;73,3894;45616831
UKR;Europe;Ukraine;;2017;9477,51;73,9935;45436037
UKR;Europe;Ukraine;;2018;9827,172;73,5691;45208903
UKR;Europe;Ukraine;;2019;10139,761;73,9199;44957451
UKR;Europe;Ukraine;;2020;9769,828;73,2833;44680008
UKR;Europe;Ukraine;;2021;10133,885;71,6308;44298642
UKR;Europe;Ukraine;;2022;7749,0996;72,6582;41048768
UKR;Europe;Ukraine;;2023;;73,4225;37732833
ARE;Asia;United Arab Emirates;;1970;39135;60,7796;286553
ARE;Asia;United Arab Emirates;;1971;39540;61,7529;335042
ARE;Asia;United Arab Emirates;;1972;39540;62,6751;385025
ARE;Asia;United Arab Emirates;;1973;39669;63,5416;436407
ARE;Asia;United Arab Emirates;;1974;45347;64,3511;489098
ARE;Asia;United Arab Emirates;;1975;40591;65,1054;542868
ARE;Asia;United Arab Emirates;;1976;40803;65,8061;615871
ARE;Asia;United Arab Emirates;;1977;41915;66,4714;710216
ARE;Asia;United Arab Emirates;;1978;35936;67,0832;809285
ARE;Asia;United Arab Emirates;;1979;39534;67,6446;912016
ARE;Asia;United Arab Emirates;;1980;44168;68,1567;1015711
ARE;Asia;United Arab Emirates;;1981;42456;68,6218;1099864
ARE;Asia;United Arab Emirates;;1982;36635;69,0562;1166383
ARE;Asia;United Arab Emirates;;1983;32737;69,448;1235309
ARE;Asia;United Arab Emirates;;1984;32135;69,802;1306005
ARE;Asia;United Arab Emirates;;1985;29562;70,1226;1377918
ARE;Asia;United Arab Emirates;;1986;21949;70,4105;1467386
ARE;Asia;United Arab Emirates;;1987;21487;70,6226;1574258
ARE;Asia;United Arab Emirates;;1988;20215;70,8081;1681797
ARE;Asia;United Arab Emirates;;1989;21072;70,9602;1789858
ARE;Asia;United Arab Emirates;;1990;22254;71,0737;1898220
ARE;Asia;United Arab Emirates;;1991;;71,1441;2006630
ARE;Asia;United Arab Emirates;;1992;;71,1664;2114738
ARE;Asia;United Arab Emirates;;1993;25558,756;71,1594;2222098
ARE;Asia;United Arab Emirates;;1994;28334,582;71,2037;2328191
ARE;Asia;United Arab Emirates;;1995;31239,918;71,3917;2434667
ARE;Asia;United Arab Emirates;;1996;34042,742;71,8203;2597570
ARE;Asia;United Arab Emirates;;1997;38168,465;72,5589;2817410
ARE;Asia;United Arab Emirates;;1998;39667,793;73,66;3040432
ARE;Asia;United Arab Emirates;;1999;42372,438;74,9818;3266011
ARE;Asia;United Arab Emirates;;2000;48888,03;76,347;3493583
ARE;Asia;United Arab Emirates;;2001;51263,375;77,6207;3723596
ARE;Asia;United Arab Emirates;;2002;54077,47;78,7211;3956829
ARE;Asia;United Arab Emirates;;2003;59823,266;79,5995;4192465
ARE;Asia;United Arab Emirates;;2004;64925,67;80,2724;4428964
ARE;Asia;United Arab Emirates;;2005;65599,055;80,779;4664797
ARE;Asia;United Arab Emirates;;2006;67830,93;81,1553;5009106
ARE;Asia;United Arab Emirates;;2007;65412,8;81,4384;5624640
ARE;Asia;United Arab Emirates;;2008;63862,086;81,5915;6302669
ARE;Asia;United Arab Emirates;;2009;58860,535;81,6794;6707063
ARE;Asia;United Arab Emirates;;2010;60112,402;81,886;6938372
ARE;Asia;United Arab Emirates;;2011;65307;81,8984;7199436
ARE;Asia;United Arab Emirates;;2012;66007;81,9129;7497122
ARE;Asia;United Arab Emirates;;2013;66825,305;81,95;7831851
ARE;Asia;United Arab Emirates;;2014;67791,39;81,9902;8236880
ARE;Asia;United Arab Emirates;;2015;71319,61;82,0759;8674633
ARE;Asia;United Arab Emirates;;2016;74292,95;82,1946;9030873
ARE;Asia;United Arab Emirates;;2017;73973,29;82,3884;9234330
ARE;Asia;United Arab Emirates;;2018;74206,484;82,4493;9346870
ARE;Asia;United Arab Emirates;;2019;74396,14;82,5961;9377855
ARE;Asia;United Arab Emirates;;2020;70188,27;81,9363;9448529
ARE;Asia;United Arab Emirates;;2021;72460,04;79,0831;9789055
ARE;Asia;United Arab Emirates;;2022;77203,67;80,4868;10242085
ARE;Asia;United Arab Emirates;;2023;;82,9091;10642089
GBR;Europe;United Kingdom;;1970;17162;71,8819;55663801
GBR;Europe;United Kingdom;;1971;17440;72,234;55890372
GBR;Europe;United Kingdom;;1972;18002;71,9882;56079239
GBR;Europe;United Kingdom;;1973;19168;72,1846;56188787
GBR;Europe;United Kingdom;;1974;18903;72,376;56224550
GBR;Europe;United Kingdom;;1975;18884;72,65;56220139
GBR;Europe;United Kingdom;;1976;19311;72,6341;56201143
GBR;Europe;United Kingdom;;1977;19740;73,1111;56175829
GBR;Europe;United Kingdom;;1978;20448;73,0429;56175553
GBR;Europe;United Kingdom;;1979;20988;73,1607;56218759
GBR;Europe;United Kingdom;;1980;20612;73,5906;56282102
GBR;Europe;United Kingdom;;1981;20319;73,9162;56304590
GBR;Europe;United Kingdom;;1982;20650;74,0388;56292761
GBR;Europe;United Kingdom;;1983;21366;74,2927;56332060
GBR;Europe;United Kingdom;;1984;21869;74,6741;56451312
GBR;Europe;United Kingdom;;1985;22579;74,5362;56606416
GBR;Europe;United Kingdom;;1986;23498;74,7948;56751926
GBR;Europe;United Kingdom;;1987;24536;75,147;56886021
GBR;Europe;United Kingdom;;1988;25679;75,2593;57026539
GBR;Europe;United Kingdom;;1989;26164;75,3971;57182137
GBR;Europe;United Kingdom;;1990;26189;75,7377;57367867
GBR;Europe;United Kingdom;;1991;25792,014;75,9108;57555199
GBR;Europe;United Kingdom;;1992;25790,186;76,3074;57719273
GBR;Europe;United Kingdom;;1993;26349,342;76,1602;57861037
GBR;Europe;United Kingdom;;1994;27277,543;76,7198;58003200
GBR;Europe;United Kingdom;;1995;27861,215;76,614;58154632
GBR;Europe;United Kingdom;;1996;28472,248;76,8719;58298563
GBR;Europe;United Kingdom;;1997;29259,764;77,1389;58447091
GBR;Europe;United Kingdom;;1998;30077,385;77,2745;58626822
GBR;Europe;United Kingdom;;1999;30932,537;77,3728;58838663
GBR;Europe;United Kingdom;;2000;31946,037;77,8491;59057333
GBR;Europe;United Kingdom;;2001;32660,441;78,1208;59288095
GBR;Europe;United Kingdom;;2002;33271,3;78,237;59540764
GBR;Europe;United Kingdom;;2003;34232,426;78,3302;59820385
GBR;Europe;United Kingdom;;2004;34865,78;78,8998;60169964
GBR;Europe;United Kingdom;;2005;35623,625;79,1061;60596107
GBR;Europe;United Kingdom;;2006;36214,07;79,3474;61051093
GBR;Europe;United Kingdom;;2007;36816,676;79,5337;61535859
GBR;Europe;United Kingdom;;2008;36264,79;79,6554;62027303
GBR;Europe;United Kingdom;;2009;34402,36;80,1556;62506222
GBR;Europe;United Kingdom;;2010;34754,473;80,3908;63006482
GBR;Europe;United Kingdom;;2011;34971;80,7961;63509285
GBR;Europe;United Kingdom;;2012;35243,64;80,8594;63960488
GBR;Europe;United Kingdom;;2013;35660,56;80,9232;64389386
GBR;Europe;United Kingdom;;2014;36521,86;81,1529;64865914
GBR;Europe;United Kingdom;;2015;37101,227;80,919;65382107
GBR;Europe;United Kingdom;;2016;37593,906;81,0675;65893359
GBR;Europe;United Kingdom;;2017;38283,938;81,164;66354473
GBR;Europe;United Kingdom;;2018;38704,6;81,1229;66752473
GBR;Europe;United Kingdom;;2019;39113,01;81,4426;67110958
GBR;Europe;United Kingdom;;2020;34651,184;80,3854;67351860
GBR;Europe;United Kingdom;;2021;37134,33;80,708;67668788
GBR;Europe;United Kingdom;;2022;38406,53;81,0744;68179315
GBR;Europe;United Kingdom;;2023;;81,3015;68682965
USA;North America;United States;;1970;23958;70,7343;207796338
USA;North America;United States;;1971;24394;71,0979;210426423
USA;North America;United States;;1972;25414;71,1779;212842571
USA;North America;United States;;1973;26602;71,3966;215006548
USA;North America;United States;;1974;26286;71,9592;217076475
USA;North America;United States;;1975;25956;72,5434;219129299
USA;North America;United States;;1976;27058;72,8448;221168755
USA;North America;United States;;1977;28001;73,2267;223259417
USA;North America;United States;;1978;29286;73,4091;225396097
USA;North America;United States;;1979;29949;73,8331;227575082
USA;North America;United States;;1980;29611;73,73;229858656
USA;North America;United States;;1981;30056;74,1174;232201613
USA;North America;United States;;1982;29210;74,4635;234583155
USA;North America;United States;;1983;30158;74,5528;236986362
USA;North America;United States;;1984;32076;74,6747;239353967
USA;North America;United States;;1985;33023;74,65;241690438
USA;North America;United States;;1986;33850;74,7284;243953807
USA;North America;United States;;1987;34730;74,8599;246161292
USA;North America;United States;;1988;35863;74,8333;248393236
USA;North America;United States;;1989;36756;75,1091;250675047
USA;North America;United States;;1990;36982;75,3743;253373387
USA;North America;United States;;1991;36463,957;75,5243;256471424
USA;North America;United States;;1992;37240,3;75,779;259606021
USA;North America;United States;;1993;37761,535;75,5677;262633229
USA;North America;United States;;1994;38807,28;75,7381;265474811
USA;North America;United States;;1995;39390,625;75,8522;268205796
USA;North America;United States;;1996;40412,75;76,1749;270860695
USA;North America;United States;;1997;41722,67;76,4981;273468014
USA;North America;United States;;1998;43072,758;76,6592;276119323
USA;North America;United States;;1999;44575,848;76,6691;278785482
USA;North America;United States;;2000;45886,47;76,8058;281484126
USA;North America;United States;;2001;45878,008;76,9194;284279634
USA;North America;United States;;2002;46266,297;76,9883;287084335
USA;North America;United States;;2003;47157,996;77,1369;289908091
USA;North America;United States;;2004;48492,72;77,535;292786248
USA;North America;United States;;2005;49654,76;77,5264;295716666
USA;North America;United States;;2006;50489,86;77,7976;298730208
USA;North America;United States;;2007;50901,746;78,0471;301844223
USA;North America;United States;;2008;50275,746;78,1273;304970325
USA;North America;United States;;2009;48452,934;78,4758;308023452
USA;North America;United States;;2010;49266,914;78,6681;311062785
USA;North America;United States;;2011;49675;78,7023;314105075
USA;North America;United States;;2012;50436,434;78,8169;317115349
USA;North America;United States;;2013;51010,797;78,8175;320110752
USA;North America;United States;;2014;51796,62;78,8785;323115377
USA;North America;United States;;2015;52808,152;78,7219;326126496
USA;North America;United States;;2016;53301,016;78,686;329179423
USA;North America;United States;;2017;54152,363;78,6483;332204657
USA;North America;United States;;2018;55454,668;78,7997;335056492
USA;North America;United States;;2019;56469,26;78,916;337790069
USA;North America;United States;;2020;54379,207;77,0115;339436156
USA;North America;United States;;2021;57522,703;76,3836;340161438
USA;North America;United States;;2022;58487,465;77,9789;341534041
USA;North America;United States;;2023;;79,3043;343477330
VIR;North America;United States Virgin Islands;;1970;;66,4292;63874
VIR;North America;United States Virgin Islands;;1971;;67,0188;67929
VIR;North America;United States Virgin Islands;;1972;;65,5463;71931
VIR;North America;United States Virgin Islands;;1973;;67,0394;75742
VIR;North America;United States Virgin Islands;;1974;;67,3399;79320
VIR;North America;United States Virgin Islands;;1975;;67,6372;82621
VIR;North America;United States Virgin Islands;;1976;;67,8527;85719
VIR;North America;United States Virgin Islands;;1977;;68,0744;88731
VIR;North America;United States Virgin Islands;;1978;;68,2854;91629
VIR;North America;United States Virgin Islands;;1979;;68,5062;94448
VIR;North America;United States Virgin Islands;;1980;;68,7439;96580
VIR;North America;United States Virgin Islands;;1981;;68,9204;97772
VIR;North America;United States Virgin Islands;;1982;;69,1267;98653
VIR;North America;United States Virgin Islands;;1983;;69,3544;99454
VIR;North America;United States Virgin Islands;;1984;;69,5394;100178
VIR;North America;United States Virgin Islands;;1985;;69,6823;100812
VIR;North America;United States Virgin Islands;;1986;;69,9651;101347
VIR;North America;United States Virgin Islands;;1987;;70,1944;101743
VIR;North America;United States Virgin Islands;;1988;;70,3999;101957
VIR;North America;United States Virgin Islands;;1989;;70,53;101937
VIR;North America;United States Virgin Islands;;1990;;70,6806;102318
VIR;North America;United States Virgin Islands;;1991;;70,8089;103355
VIR;North America;United States Virgin Islands;;1992;;70,9693;104430
VIR;North America;United States Virgin Islands;;1993;;71,0895;105396
VIR;North America;United States Virgin Islands;;1994;;71,2404;106242
VIR;North America;United States Virgin Islands;;1995;;71,1893;106985
VIR;North America;United States Virgin Islands;;1996;;71,6013;107608
VIR;North America;United States Virgin Islands;;1997;;70,9082;108097
VIR;North America;United States Virgin Islands;;1998;;71,2644;108441
VIR;North America;United States Virgin Islands;;1999;;71,1089;108588
VIR;North America;United States Virgin Islands;;2000;;71,8046;108591
VIR;North America;United States Virgin Islands;;2001;;72,2175;108535
VIR;North America;United States Virgin Islands;;2002;;72,0544;108433
VIR;North America;United States Virgin Islands;;2003;;72,0065;108186
VIR;North America;United States Virgin Islands;;2004;;71,8287;107851
VIR;North America;United States Virgin Islands;;2005;;72,2349;107622
VIR;North America;United States Virgin Islands;;2006;;72,4788;107463
VIR;North America;United States Virgin Islands;;2007;;72,5874;107238
VIR;North America;United States Virgin Islands;;2008;;72,6575;106971
VIR;North America;United States Virgin Islands;;2009;;72,9192;106767
VIR;North America;United States Virgin Islands;;2010;;73,235;106325
VIR;North America;United States Virgin Islands;;2011;;73,4027;105398
VIR;North America;United States Virgin Islands;;2012;;73,6956;104307
VIR;North America;United States Virgin Islands;;2013;;73,9471;103168
VIR;North America;United States Virgin Islands;;2014;;74,1975;102012
VIR;North America;United States Virgin Islands;;2015;;74,3104;100251
VIR;North America;United States Virgin Islands;;2016;;74,4236;97795
VIR;North America;United States Virgin Islands;;2017;;74,3721;95124
VIR;North America;United States Virgin Islands;;2018;;74,6823;92317
VIR;North America;United States Virgin Islands;;2019;;74,8761;89390
VIR;North America;United States Virgin Islands;;2020;;74,7137;87724
VIR;North America;United States Virgin Islands;;2021;;74,6132;87238
VIR;North America;United States Virgin Islands;;2022;;75,0449;86521
VIR;North America;United States Virgin Islands;;2023;;75,4724;85712
URY;South America;Uruguay;;1970;8030;68,7336;2790811
URY;South America;Uruguay;;1971;7933;68,9262;2806462
URY;South America;Uruguay;;1972;7643;69,1694;2821648
URY;South America;Uruguay;;1973;7885;69,3476;2837143
URY;South America;Uruguay;;1974;8176;69,5244;2853947
URY;South America;Uruguay;;1975;8563;69,7054;2872328
URY;South America;Uruguay;;1976;8853;69,8873;2891395
URY;South America;Uruguay;;1977;8950;70,0807;2909469
URY;South America;Uruguay;;1978;9483;70,2646;2925714
URY;South America;Uruguay;;1979;9966;70,2554;2939906
URY;South America;Uruguay;;1980;10546;70,5054;2951956
URY;South America;Uruguay;;1981;10643;70,9519;2963250
URY;South America;Uruguay;;1982;9578;71,5279;2975490
URY;South America;Uruguay;;1983;8950;71,5954;2988779
URY;South America;Uruguay;;1984;8805;71,708;3002495
URY;South America;Uruguay;;1985;8901;71,8608;3017044
URY;South America;Uruguay;;1986;9628;72,1868;3032846
URY;South America;Uruguay;;1987;10305;72,1961;3049896
URY;South America;Uruguay;;1988;10256;72,4079;3067957
URY;South America;Uruguay;;1989;10305;72,6281;3086254
URY;South America;Uruguay;;1990;10305;72,9937;3104404
URY;South America;Uruguay;;1991;10586,408;73,1982;3122357
URY;South America;Uruguay;;1992;11349,542;73,1853;3139704
URY;South America;Uruguay;;1993;11581,705;73,1466;3156351
URY;South America;Uruguay;;1994;12344,15;73,1616;3172839
URY;South America;Uruguay;;1995;12092,639;73,4927;3189438
URY;South America;Uruguay;;1996;12660,163;73,8121;3206329
URY;South America;Uruguay;;1997;13226,478;73,9199;3223349
URY;South America;Uruguay;;1998;13744,321;74,0293;3239286
URY;South America;Uruguay;;1999;13348,756;74,2926;3254020
URY;South America;Uruguay;;2000;13050,063;74,6929;3266212
URY;South America;Uruguay;;2001;12463,919;74,9865;3274257
URY;South America;Uruguay;;2002;11399,581;74,9788;3278868
URY;South America;Uruguay;;2003;11438,687;75,0858;3281188
URY;South America;Uruguay;;2004;11955,31;75,3194;3283157
URY;South America;Uruguay;;2005;12757,499;75,8286;3285776
URY;South America;Uruguay;;2006;13223,781;75,8884;3289508
URY;South America;Uruguay;;2007;13976,393;76,1502;3295155
URY;South America;Uruguay;;2008;14869,927;76,2746;3302184
URY;South America;Uruguay;;2009;15143,996;76,67;3310093
URY;South America;Uruguay;;2010;16415,629;76,6911;3318581
URY;South America;Uruguay;;2011;17211;76,6141;3326829
URY;South America;Uruguay;;2012;17776,027;76,6914;3335406
URY;South America;Uruguay;;2013;18553,332;76,9531;3345335
URY;South America;Uruguay;;2014;19104,312;77,1941;3356343
URY;South America;Uruguay;;2015;19123,604;77,2847;3368022
URY;South America;Uruguay;;2016;19393,982;77,3511;3379279
URY;South America;Uruguay;;2017;19656,627;77,618;3388444
URY;South America;Uruguay;;2018;19697,76;77,5273;3394538
URY;South America;Uruguay;;2019;19714,148;77,5028;3397206
URY;South America;Uruguay;;2020;18460,04;78,3811;3398966
URY;South America;Uruguay;;2021;19222,295;75,4345;3396693
URY;South America;Uruguay;;2022;20181,94;76,4682;3390913
URY;South America;Uruguay;;2023;;78,1385;3388083
UZB;Asia;Uzbekistan;;1970;;60,0723;11762643
UZB;Asia;Uzbekistan;;1971;;60,4173;12111512
UZB;Asia;Uzbekistan;;1972;;60,75;12465108
UZB;Asia;Uzbekistan;;1973;8125;61,0583;12831046
UZB;Asia;Uzbekistan;;1974;;61,3549;13209013
UZB;Asia;Uzbekistan;;1975;;61,6319;13598521
UZB;Asia;Uzbekistan;;1976;;61,903;13998620
UZB;Asia;Uzbekistan;;1977;;62,1733;14408815
UZB;Asia;Uzbekistan;;1978;;62,44;14816350
UZB;Asia;Uzbekistan;;1979;;62,707;15215588
UZB;Asia;Uzbekistan;;1980;7453;62,9813;15619935
UZB;Asia;Uzbekistan;;1981;7527;63,2231;16035031
UZB;Asia;Uzbekistan;;1982;7594;63,4649;16462742
UZB;Asia;Uzbekistan;;1983;7672;63,7502;16908402
UZB;Asia;Uzbekistan;;1984;7189;64,1083;17378855
UZB;Asia;Uzbekistan;;1985;7181;64,5737;17875337
UZB;Asia;Uzbekistan;;1986;6904;65,0271;18395621
UZB;Asia;Uzbekistan;;1987;6680;65,4858;18930068
UZB;Asia;Uzbekistan;;1988;7101;65,7568;19460634
UZB;Asia;Uzbekistan;;1989;7093;65,8435;19977192
UZB;Asia;Uzbekistan;;1990;6790;65,7717;20464963
UZB;Asia;Uzbekistan;;1991;6485,528;65,5288;20962908
UZB;Asia;Uzbekistan;;1992;5530,4785;65,2362;21485095
UZB;Asia;Uzbekistan;;1993;5193,4644;64,9239;21987960
UZB;Asia;Uzbekistan;;1994;4744,458;64,6815;22463295
UZB;Asia;Uzbekistan;;1995;4535,263;64,6696;22917588
UZB;Asia;Uzbekistan;;1996;4452,882;64,7799;23351981
UZB;Asia;Uzbekistan;;1997;4529,3345;65,0285;23758961
UZB;Asia;Uzbekistan;;1998;4575,987;65,1686;24134930
UZB;Asia;Uzbekistan;;1999;4630,6514;65,3071;24476013
UZB;Asia;Uzbekistan;;2000;4667,26;65,456;24787052
UZB;Asia;Uzbekistan;;2001;4725,2524;65,8532;25090289
UZB;Asia;Uzbekistan;;2002;4777,2886;66,3763;25399987
UZB;Asia;Uzbekistan;;2003;4844,73;66,8523;25711261
UZB;Asia;Uzbekistan;;2004;5068,2085;67,2031;26029350
UZB;Asia;Uzbekistan;;2005;5284,005;67,481;26356977
UZB;Asia;Uzbekistan;;2006;5535,1216;67,9053;26699046
UZB;Asia;Uzbekistan;;2007;5907,999;68,4833;27076013
UZB;Asia;Uzbekistan;;2008;6278,2734;69,0347;27494780
UZB;Asia;Uzbekistan;;2009;6618,0977;69,517;27939333
UZB;Asia;Uzbekistan;;2010;7002,8594;69,8364;28385509
UZB;Asia;Uzbekistan;;2011;7396;70,1429;28823194
UZB;Asia;Uzbekistan;;2012;7847,0747;70,4108;29261908
UZB;Asia;Uzbekistan;;2013;8340,988;70,6925;29724065
UZB;Asia;Uzbekistan;;2014;8831,602;70,9732;30222994
UZB;Asia;Uzbekistan;;2015;9381,347;71,3298;30749349
UZB;Asia;Uzbekistan;;2016;9845,353;71,5798;31284565
UZB;Asia;Uzbekistan;;2017;10182,692;71,7372;31819172
UZB;Asia;Uzbekistan;;2018;10682,418;71,9988;32373489
UZB;Asia;Uzbekistan;;2019;11219,243;72,0934;32964700
UZB;Asia;Uzbekistan;;2020;11341,919;71,4613;33586373
UZB;Asia;Uzbekistan;;2021;12076,092;71,6808;34243696
UZB;Asia;Uzbekistan;;2022;12559,401;72,1465;34938953
UZB;Asia;Uzbekistan;;2023;;72,3884;35652311
VUT;Oceania;Vanuatu;;1970;;55,3107;86283
VUT;Oceania;Vanuatu;;1971;;55,8797;88881
VUT;Oceania;Vanuatu;;1972;;56,3724;91578
VUT;Oceania;Vanuatu;;1973;;57,0007;94379
VUT;Oceania;Vanuatu;;1974;;57,5725;97273
VUT;Oceania;Vanuatu;;1975;;58,1333;100288
VUT;Oceania;Vanuatu;;1976;;58,664;103402
VUT;Oceania;Vanuatu;;1977;;59,2467;106634
VUT;Oceania;Vanuatu;;1978;;59,8813;109980
VUT;Oceania;Vanuatu;;1979;;60,8931;113061
VUT;Oceania;Vanuatu;;1980;;61,3222;115683
VUT;Oceania;Vanuatu;;1981;;61,9496;118268
VUT;Oceania;Vanuatu;;1982;;62,5403;121051
VUT;Oceania;Vanuatu;;1983;;63,0755;124013
VUT;Oceania;Vanuatu;;1984;;63,5185;127125
VUT;Oceania;Vanuatu;;1985;;63,9273;130375
VUT;Oceania;Vanuatu;;1986;;64,6178;133737
VUT;Oceania;Vanuatu;;1987;;64,4392;137206
VUT;Oceania;Vanuatu;;1988;;65,6987;140769
VUT;Oceania;Vanuatu;;1989;;66,0234;144410
VUT;Oceania;Vanuatu;;1990;;66,6837;148073
VUT;Oceania;Vanuatu;;1991;;67,114;151807
VUT;Oceania;Vanuatu;;1992;;67,4327;155619
VUT;Oceania;Vanuatu;;1993;;67,7241;159475
VUT;Oceania;Vanuatu;;1994;;67,9842;163328
VUT;Oceania;Vanuatu;;1995;;68,1036;167155
VUT;Oceania;Vanuatu;;1996;;68,1756;170926
VUT;Oceania;Vanuatu;;1997;;68,3087;174638
VUT;Oceania;Vanuatu;;1998;;68,3722;178322
VUT;Oceania;Vanuatu;;1999;;67,9244;182056
VUT;Oceania;Vanuatu;;2000;;68,586;186290
VUT;Oceania;Vanuatu;;2001;;68,722;191047
VUT;Oceania;Vanuatu;;2002;;68,8358;195871
VUT;Oceania;Vanuatu;;2003;;68,9331;200760
VUT;Oceania;Vanuatu;;2004;;68,9847;205720
VUT;Oceania;Vanuatu;;2005;;69,1656;210772
VUT;Oceania;Vanuatu;;2006;;69,1264;215939
VUT;Oceania;Vanuatu;;2007;;69,1439;221291
VUT;Oceania;Vanuatu;;2008;;69,3017;226908
VUT;Oceania;Vanuatu;;2009;;69,422;232740
VUT;Oceania;Vanuatu;;2010;;69,5703;238256
VUT;Oceania;Vanuatu;;2011;;69,7287;243483
VUT;Oceania;Vanuatu;;2012;;69,8983;248894
VUT;Oceania;Vanuatu;;2013;;69,9861;254495
VUT;Oceania;Vanuatu;;2014;;70,0433;260247
VUT;Oceania;Vanuatu;;2015;;70,1632;266115
VUT;Oceania;Vanuatu;;2016;;70,3975;272097
VUT;Oceania;Vanuatu;;2017;;70,4996;278518
VUT;Oceania;Vanuatu;;2018;;70,6259;285273
VUT;Oceania;Vanuatu;;2019;;70,7834;291995
VUT;Oceania;Vanuatu;;2020;;70,3845;298867
VUT;Oceania;Vanuatu;;2021;;69,9518;305882
VUT;Oceania;Vanuatu;;2022;;71,3016;313061
VUT;Oceania;Vanuatu;;2023;;71,4769;320422
VAT;Europe;Vatican;;1970;;71,4792;758
VAT;Europe;Vatican;;1971;;71,7431;750
VAT;Europe;Vatican;;1972;;71,9717;746
VAT;Europe;Vatican;;1973;;71,9431;745
VAT;Europe;Vatican;;1974;;72,6509;743
VAT;Europe;Vatican;;1975;;72,5904;742
VAT;Europe;Vatican;;1976;;72,9288;746
VAT;Europe;Vatican;;1977;;73,2952;749
VAT;Europe;Vatican;;1978;;73,7387;752
VAT;Europe;Vatican;;1979;;73,9911;755
VAT;Europe;Vatican;;1980;;74,1287;754
VAT;Europe;Vatican;;1981;;74,3178;753
VAT;Europe;Vatican;;1982;;74,7821;750
VAT;Europe;Vatican;;1983;;74,6546;747
VAT;Europe;Vatican;;1984;;75,0625;744
VAT;Europe;Vatican;;1985;;75,4564;741
VAT;Europe;Vatican;;1986;;75,749;740
VAT;Europe;Vatican;;1987;;76,1969;740
VAT;Europe;Vatican;;1988;;76,3708;737
VAT;Europe;Vatican;;1989;;76,7935;737
VAT;Europe;Vatican;;1990;;76,9016;736
VAT;Europe;Vatican;;1991;;76,9221;737
VAT;Europe;Vatican;;1992;;77,316;736
VAT;Europe;Vatican;;1993;;77,0195;729
VAT;Europe;Vatican;;1994;;77,6575;720
VAT;Europe;Vatican;;1995;;77,8022;714
VAT;Europe;Vatican;;1996;;78,5087;709
VAT;Europe;Vatican;;1997;;78,1935;706
VAT;Europe;Vatican;;1998;;78,34;707
VAT;Europe;Vatican;;1999;;78,668;706
VAT;Europe;Vatican;;2000;;79,3373;701
VAT;Europe;Vatican;;2001;;79,8502;691
VAT;Europe;Vatican;;2002;;79,9531;684
VAT;Europe;Vatican;;2003;;79,8455;674
VAT;Europe;Vatican;;2004;;80,1907;667
VAT;Europe;Vatican;;2005;;80,6475;667
VAT;Europe;Vatican;;2006;;81,2237;664
VAT;Europe;Vatican;;2007;;81,2977;657
VAT;Europe;Vatican;;2008;;81,3727;648
VAT;Europe;Vatican;;2009;;81,3006;637
VAT;Europe;Vatican;;2010;;81,5413;629
VAT;Europe;Vatican;;2011;;81,7071;624
VAT;Europe;Vatican;;2012;;81,9805;612
VAT;Europe;Vatican;;2013;;82,4736;598
VAT;Europe;Vatican;;2014;;82,6278;587
VAT;Europe;Vatican;;2015;;82,4639;579
VAT;Europe;Vatican;;2016;;82,8758;571
VAT;Europe;Vatican;;2017;;82,7189;563
VAT;Europe;Vatican;;2018;;83,3126;552
VAT;Europe;Vatican;;2019;;83,6243;543
VAT;Europe;Vatican;;2020;;82,986;536
VAT;Europe;Vatican;;2021;;82,946;527
VAT;Europe;Vatican;;2022;;83,3354;513
VAT;Europe;Vatican;;2023;;82,9848;501
VEN;South America;Venezuela;;1970;15289;64,8162;11387795
VEN;South America;Venezuela;;1971;15192;65,1836;11741013
VEN;South America;Venezuela;;1972;15135;65,5549;12099184
VEN;South America;Venezuela;;1973;15540;65,7395;12463539
VEN;South America;Venezuela;;1974;15943;66,2231;12835356
VEN;South America;Venezuela;;1975;16385;66,6855;13215889
VEN;South America;Venezuela;;1976;17174;67,2664;13606286
VEN;South America;Venezuela;;1977;17693;67,7263;14006819
VEN;South America;Venezuela;;1978;17481;68,1082;14416680
VEN;South America;Venezuela;;1979;17135;68,2261;14834551
VEN;South America;Venezuela;;1980;16270;68,179;15258225
VEN;South America;Venezuela;;1981;15750;68,6967;15687305
VEN;South America;Venezuela;;1982;15423;68,9848;16121876
VEN;South America;Venezuela;;1983;14155;69,5413;16562202
VEN;South America;Venezuela;;1984;13597;69,6721;17008838
VEN;South America;Venezuela;;1985;13270;69,9611;17461433
VEN;South America;Venezuela;;1986;13751;70,5285;17923542
VEN;South America;Venezuela;;1987;13866;70,6727;18394970
VEN;South America;Venezuela;;1988;14308;70,7619;18871021
VEN;South America;Venezuela;;1989;12750;70,8051;19348925
VEN;South America;Venezuela;;1990;13251;70,9641;19827005
VEN;South America;Venezuela;;1991;14274,525;71,1719;20304898
VEN;South America;Venezuela;;1992;14901,616;71,1766;20780946
VEN;South America;Venezuela;;1993;14693,902;71,3849;21254525
VEN;South America;Venezuela;;1994;14129,278;71,2826;21725186
VEN;South America;Venezuela;;1995;14448,282;71,7138;22193822
VEN;South America;Venezuela;;1996;14211,81;71,9196;22662117
VEN;South America;Venezuela;;1997;14894,337;72,5598;23131691
VEN;South America;Venezuela;;1998;14739,051;72,446;23601341
VEN;South America;Venezuela;;1999;13669,484;72,0883;24066595
VEN;South America;Venezuela;;2000;13992,608;72,3876;24526707
VEN;South America;Venezuela;;2001;14298,037;71,0189;24979934
VEN;South America;Venezuela;;2002;12856,049;72,8225;25435674
VEN;South America;Venezuela;;2003;11728,183;72,0556;25892710
VEN;South America;Venezuela;;2004;13713,045;72,7523;26340843
VEN;South America;Venezuela;;2005;14944,34;73,0752;26785797
VEN;South America;Venezuela;;2006;16253,686;72,9724;27224691
VEN;South America;Venezuela;;2007;17386,086;73,3478;27649369
VEN;South America;Venezuela;;2008;18019,09;72,5776;28053694
VEN;South America;Venezuela;;2009;17242,945;72,7852;28438296
VEN;South America;Venezuela;;2010;17105,58;73,0922;28813101
VEN;South America;Venezuela;;2011;17746;73,0895;29185220
VEN;South America;Venezuela;;2012;18486,459;73,0858;29553829
VEN;South America;Venezuela;;2013;18484,234;73,0765;29912195
VEN;South America;Venezuela;;2014;17579,223;72,8371;30254080
VEN;South America;Venezuela;;2015;16333,083;73,0044;30573968
VEN;South America;Venezuela;;2016;13428,789;72,0019;30765719
VEN;South America;Venezuela;;2017;11363,969;71,9026;30565331
VEN;South America;Venezuela;;2018;9446,1875;72,6415;29807591
VEN;South America;Venezuela;;2019;7061,7617;72,7664;28938096
VEN;South America;Venezuela;;2020;4952,53;72,3693;28444080
VEN;South America;Venezuela;;2021;4896,802;71,5364;28237830
VEN;South America;Venezuela;;2022;5267,1753;72,5656;28213015
VEN;South America;Venezuela;;2023;;72,5142;28300861
VNM;Asia;Vietnam;;1970;1172;54,93;41475227
VNM;Asia;Vietnam;;1971;1202;55,5848;42449281
VNM;Asia;Vietnam;;1972;1278;51,9133;43429169
VNM;Asia;Vietnam;;1973;1333;55,6766;44409864
VNM;Asia;Vietnam;;1974;1248;54,7512;45413538
VNM;Asia;Vietnam;;1975;1132;61,865;46482905
VNM;Asia;Vietnam;;1976;1290;63,6692;47684927
VNM;Asia;Vietnam;;1977;1304;64,0697;48954875
VNM;Asia;Vietnam;;1978;1285;64,5289;50249551
VNM;Asia;Vietnam;;1979;1267;64,9864;51378214
VNM;Asia;Vietnam;;1980;1207;65,3381;52490098
VNM;Asia;Vietnam;;1981;1223;65,7794;53738141
VNM;Asia;Vietnam;;1982;1293;66,2118;55011292
VNM;Asia;Vietnam;;1983;1333;66,5447;56337918
VNM;Asia;Vietnam;;1984;1420;66,9291;57706071
VNM;Asia;Vietnam;;1985;1471;67,1916;59060622
VNM;Asia;Vietnam;;1986;1481;67,5502;60347044
VNM;Asia;Vietnam;;1987;1500;68,005;61584645
VNM;Asia;Vietnam;;1988;1556;68,5848;62843234
VNM;Asia;Vietnam;;1989;1588;68,8051;64147354
VNM;Asia;Vietnam;;1990;1634;69,0268;65504551
VNM;Asia;Vietnam;;1991;1688,1599;69,3035;66891778
VNM;Asia;Vietnam;;1992;1792,6708;69,6197;68260336
VNM;Asia;Vietnam;;1993;1894,8586;69,9569;69586394
VNM;Asia;Vietnam;;1994;2018,3507;70,3789;70854393
VNM;Asia;Vietnam;;1995;2167,042;70,8714;72049945
VNM;Asia;Vietnam;;1996;2323,0464;71,2961;73156456
VNM;Asia;Vietnam;;1997;2466,8735;71,67;74226890
VNM;Asia;Vietnam;;1998;2564,2844;72,2829;75299665
VNM;Asia;Vietnam;;1999;2641,3484;72,5754;76287454
VNM;Asia;Vietnam;;2000;2773,1016;72,7455;77154016
VNM;Asia;Vietnam;;2001;2915,686;72,9842;77969357
VNM;Asia;Vietnam;;2002;3070,6934;73,1384;78772227
VNM;Asia;Vietnam;;2003;3242,2854;73,2356;79563778
VNM;Asia;Vietnam;;2004;3437,6643;73,0623;80338977
VNM;Asia;Vietnam;;2005;3637,6565;73,1983;81088309
VNM;Asia;Vietnam;;2006;3828,9077;73,2925;82167901
VNM;Asia;Vietnam;;2007;4037,233;73,385;83633374
VNM;Asia;Vietnam;;2008;4200,2354;73,455;85175789
VNM;Asia;Vietnam;;2009;4360,0615;73,5253;86460023
VNM;Asia;Vietnam;;2010;4571,8486;73,6107;87455148
VNM;Asia;Vietnam;;2011;4786;73,7126;88468315
VNM;Asia;Vietnam;;2012;4987,9644;73,7619;89510355
VNM;Asia;Vietnam;;2013;5199,779;73,8207;90573103
VNM;Asia;Vietnam;;2014;5465,4834;73,8859;91679582
VNM;Asia;Vietnam;;2015;5776,465;73,9554;92823254
VNM;Asia;Vietnam;;2016;6089,623;73,9837;94000115
VNM;Asia;Vietnam;;2017;6437,739;74,0265;95176978
VNM;Asia;Vietnam;;2018;6842,1387;74,1004;96237319
VNM;Asia;Vietnam;;2019;7266,0483;74,2113;97173778
VNM;Asia;Vietnam;;2020;7395,3613;75,3832;98079196
VNM;Asia;Vietnam;;2021;7507,759;74,1448;98935101
VNM;Asia;Vietnam;;2022;8050,359;74,5025;99680656
VNM;Asia;Vietnam;;2023;;74,5883;100352189
WLF;Oceania;Wallis and Futuna;;1970;;52,2997;8857
WLF;Oceania;Wallis and Futuna;;1971;;52,8912;9014
WLF;Oceania;Wallis and Futuna;;1972;;53,4997;9160
WLF;Oceania;Wallis and Futuna;;1973;;54,1373;9285
WLF;Oceania;Wallis and Futuna;;1974;;54,809;9383
WLF;Oceania;Wallis and Futuna;;1975;;55,4896;9357
WLF;Oceania;Wallis and Futuna;;1976;;56,1795;9426
WLF;Oceania;Wallis and Futuna;;1977;;56,9332;9770
WLF;Oceania;Wallis and Futuna;;1978;;57,7031;10201
WLF;Oceania;Wallis and Futuna;;1979;;58,4732;10660
WLF;Oceania;Wallis and Futuna;;1980;;59,2992;11139
WLF;Oceania;Wallis and Futuna;;1981;;60,1435;11642
WLF;Oceania;Wallis and Futuna;;1982;;60,9825;12163
WLF;Oceania;Wallis and Futuna;;1983;;61,8957;12525
WLF;Oceania;Wallis and Futuna;;1984;;62,8967;12688
WLF;Oceania;Wallis and Futuna;;1985;;63,9737;12822
WLF;Oceania;Wallis and Futuna;;1986;;65,0418;12956
WLF;Oceania;Wallis and Futuna;;1987;;66,4764;13085
WLF;Oceania;Wallis and Futuna;;1988;;67,7829;13224
WLF;Oceania;Wallis and Futuna;;1989;;68,944;13364
WLF;Oceania;Wallis and Futuna;;1990;;69,9192;13503
WLF;Oceania;Wallis and Futuna;;1991;;70,5849;13654
WLF;Oceania;Wallis and Futuna;;1992;;71,1318;13799
WLF;Oceania;Wallis and Futuna;;1993;;70,5926;13949
WLF;Oceania;Wallis and Futuna;;1994;;71,9968;14084
WLF;Oceania;Wallis and Futuna;;1995;;72,495;14222
WLF;Oceania;Wallis and Futuna;;1996;;73,1284;14340
WLF;Oceania;Wallis and Futuna;;1997;;73,8346;14438
WLF;Oceania;Wallis and Futuna;;1998;;74,5222;14553
WLF;Oceania;Wallis and Futuna;;1999;;75,0162;14675
WLF;Oceania;Wallis and Futuna;;2000;;75,3901;14804
WLF;Oceania;Wallis and Futuna;;2001;;75,6448;14931
WLF;Oceania;Wallis and Futuna;;2002;;75,7205;15048
WLF;Oceania;Wallis and Futuna;;2003;;75,7606;15071
WLF;Oceania;Wallis and Futuna;;2004;;75,9345;14916
WLF;Oceania;Wallis and Futuna;;2005;;76,1412;14635
WLF;Oceania;Wallis and Futuna;;2006;;76,3171;14333
WLF;Oceania;Wallis and Futuna;;2007;;76,542;14020
WLF;Oceania;Wallis and Futuna;;2008;;76,7181;13706
WLF;Oceania;Wallis and Futuna;;2009;;76,7891;13436
WLF;Oceania;Wallis and Futuna;;2010;;76,8087;13189
WLF;Oceania;Wallis and Futuna;;2011;;76,9293;12942
WLF;Oceania;Wallis and Futuna;;2012;;77,0467;12709
WLF;Oceania;Wallis and Futuna;;2013;;77,1567;12500
WLF;Oceania;Wallis and Futuna;;2014;;77,2859;12328
WLF;Oceania;Wallis and Futuna;;2015;;77,4504;12185
WLF;Oceania;Wallis and Futuna;;2016;;77,5447;12057
WLF;Oceania;Wallis and Futuna;;2017;;77,6279;11945
WLF;Oceania;Wallis and Futuna;;2018;;77,7633;11827
WLF;Oceania;Wallis and Futuna;;2019;;77,9936;11711
WLF;Oceania;Wallis and Futuna;;2020;;78,1637;11640
WLF;Oceania;Wallis and Futuna;;2021;;77,4609;11590
WLF;Oceania;Wallis and Futuna;;2022;;78,5005;11501
WLF;Oceania;Wallis and Futuna;;2023;;78,6286;11394
ESH;Africa;Western Sahara;;1970;;42,6617;71745
ESH;Africa;Western Sahara;;1971;;42,9249;78738
ESH;Africa;Western Sahara;;1972;;43,5407;78269
ESH;Africa;Western Sahara;;1973;;44,2084;77665
ESH;Africa;Western Sahara;;1974;;44,9509;76496
ESH;Africa;Western Sahara;;1975;;35,9568;66911
ESH;Africa;Western Sahara;;1976;;36,2644;64509
ESH;Africa;Western Sahara;;1977;;38,2649;77407
ESH;Africa;Western Sahara;;1978;;40,3983;90904
ESH;Africa;Western Sahara;;1979;;37,5455;104999
ESH;Africa;Western Sahara;;1980;;39,3989;117389
ESH;Africa;Western Sahara;;1981;;44,1805;126906
ESH;Africa;Western Sahara;;1982;;45,2175;134496
ESH;Africa;Western Sahara;;1983;;46,1192;140600
ESH;Africa;Western Sahara;;1984;;46,9435;146165
ESH;Africa;Western Sahara;;1985;;47,7584;151772
ESH;Africa;Western Sahara;;1986;;48,5378;157376
ESH;Africa;Western Sahara;;1987;;48,8471;162892
ESH;Africa;Western Sahara;;1988;;52,0909;168420
ESH;Africa;Western Sahara;;1989;;51,4454;173937
ESH;Africa;Western Sahara;;1990;;57,661;179553
ESH;Africa;Western Sahara;;1991;;58,1912;185312
ESH;Africa;Western Sahara;;1992;;58,7132;190948
ESH;Africa;Western Sahara;;1993;;59,2241;196484
ESH;Africa;Western Sahara;;1994;;59,7437;201927
ESH;Africa;Western Sahara;;1995;;60,244;209941
ESH;Africa;Western Sahara;;1996;;60,72;221402
ESH;Africa;Western Sahara;;1997;;61,2122;233786
ESH;Africa;Western Sahara;;1998;;61,7098;246315
ESH;Africa;Western Sahara;;1999;;62,2309;258979
ESH;Africa;Western Sahara;;2000;;62,7345;271946
ESH;Africa;Western Sahara;;2001;;63,2225;285197
ESH;Africa;Western Sahara;;2002;;63,7369;298468
ESH;Africa;Western Sahara;;2003;;64,2329;311791
ESH;Africa;Western Sahara;;2004;;64,7439;325197
ESH;Africa;Western Sahara;;2005;;65,2223;338704
ESH;Africa;Western Sahara;;2006;;65,6697;352658
ESH;Africa;Western Sahara;;2007;;66,1443;366874
ESH;Africa;Western Sahara;;2008;;66,5816;380834
ESH;Africa;Western Sahara;;2009;;67,0572;394959
ESH;Africa;Western Sahara;;2010;;67,492;409722
ESH;Africa;Western Sahara;;2011;;67,8831;425093
ESH;Africa;Western Sahara;;2012;;68,2373;441033
ESH;Africa;Western Sahara;;2013;;68,6173;457436
ESH;Africa;Western Sahara;;2014;;68,9533;472591
ESH;Africa;Western Sahara;;2015;;69,2753;486232
ESH;Africa;Western Sahara;;2016;;69,5959;499658
ESH;Africa;Western Sahara;;2017;;69,8831;512851
ESH;Africa;Western Sahara;;2018;;70,1433;525790
ESH;Africa;Western Sahara;;2019;;70,3822;538450
ESH;Africa;Western Sahara;;2020;;70,6126;549374
ESH;Africa;Western Sahara;;2021;;70,8869;558625
ESH;Africa;Western Sahara;;2022;;71,1432;568746
ESH;Africa;Western Sahara;;2023;;71,385;579734
YEM;Asia;Yemen;;1970;1961;40,5729;7065279
YEM;Asia;Yemen;;1971;2254;41,7571;7257468
YEM;Asia;Yemen;;1972;2383;42,6878;7460068
YEM;Asia;Yemen;;1973;2614;43,6031;7672798
YEM;Asia;Yemen;;1974;2703;44,5409;7896789
YEM;Asia;Yemen;;1975;2844;45,4752;8133602
YEM;Asia;Yemen;;1976;3193;46,4406;8384119
YEM;Asia;Yemen;;1977;3446;47,4417;8648223
YEM;Asia;Yemen;;1978;3636;48,4837;8926592
YEM;Asia;Yemen;;1979;3733;49,5308;9224198
YEM;Asia;Yemen;;1980;3650;50,6081;9543358
YEM;Asia;Yemen;;1981;3767;51,6793;9882368
YEM;Asia;Yemen;;1982;3724;52,3674;10241006
YEM;Asia;Yemen;;1983;3827;53,6185;10621498
YEM;Asia;Yemen;;1984;3861;54,5861;11025596
YEM;Asia;Yemen;;1985;3717;55,4184;11453825
YEM;Asia;Yemen;;1986;3684;54,0021;11901045
YEM;Asia;Yemen;;1987;3712;56,8282;12369914
YEM;Asia;Yemen;;1988;3747;57,4304;12859720
YEM;Asia;Yemen;;1989;3751;58,025;13364180
YEM;Asia;Yemen;;1990;3622;58,5282;13887863
YEM;Asia;Yemen;;1991;3661,9236;58,8053;14430205
YEM;Asia;Yemen;;1992;3759,7183;59,2596;14989497
YEM;Asia;Yemen;;1993;3712,341;59,6551;15563919
YEM;Asia;Yemen;;1994;3775,0696;59,8279;16149147
YEM;Asia;Yemen;;1995;3823,3188;60,5324;16740057
YEM;Asia;Yemen;;1996;3855,572;60,8838;17313181
YEM;Asia;Yemen;;1997;3927,6804;61,3404;17873943
YEM;Asia;Yemen;;1998;4044,1484;61,7878;18446015
YEM;Asia;Yemen;;1999;4080,2185;62,2754;19029421
YEM;Asia;Yemen;;2000;4212,1055;62,761;19624139
YEM;Asia;Yemen;;2001;4249,0337;63,2864;20226146
YEM;Asia;Yemen;;2002;4292,0986;63,8066;20835092
YEM;Asia;Yemen;;2003;4326,5103;64,4075;21456379
YEM;Asia;Yemen;;2004;4371,3955;64,881;22095161
YEM;Asia;Yemen;;2005;4485,583;65,3561;22790082
YEM;Asia;Yemen;;2006;4497,2593;65,7997;23543090
YEM;Asia;Yemen;;2007;4516,1436;66,2304;24318090
YEM;Asia;Yemen;;2008;4549,009;66,6091;25111941
YEM;Asia;Yemen;;2009;4593,5425;66,9053;25927723
YEM;Asia;Yemen;;2010;4812,345;67,223;26754383
YEM;Asia;Yemen;;2011;4088;67,4124;27582902
YEM;Asia;Yemen;;2012;4064,3423;67,569;28433655
YEM;Asia;Yemen;;2013;4139,823;67,961;29312955
YEM;Asia;Yemen;;2014;4019,4;68,0027;30226311
YEM;Asia;Yemen;;2015;2820,6172;66,7613;31159378
YEM;Asia;Yemen;;2016;2495,4993;67,1054;32109023
YEM;Asia;Yemen;;2017;2314,9673;67,1198;33090923
YEM;Asia;Yemen;;2018;2281,545;65,9154;34085181
YEM;Asia;Yemen;;2019;2265,343;66,5673;35111416
YEM;Asia;Yemen;;2020;2031,4436;66,4354;36134867
YEM;Asia;Yemen;;2021;1972,2102;66,0191;37140234
YEM;Asia;Yemen;;2022;1959,3195;67,9517;38222878
YEM;Asia;Yemen;;2023;;69,2952;39390800
ZMB;Africa;Zambia;;1970;1710;53,4039;4321726
ZMB;Africa;Zambia;;1971;1661;53,8871;4442528
ZMB;Africa;Zambia;;1972;1761;54,375;4569311
ZMB;Africa;Zambia;;1973;1693;54,9125;4702694
ZMB;Africa;Zambia;;1974;1776;55,3766;4842750
ZMB;Africa;Zambia;;1975;1659;55,742;4990087
ZMB;Africa;Zambia;;1976;1707;56,1015;5143847
ZMB;Africa;Zambia;;1977;1578;56,2814;5302477
ZMB;Africa;Zambia;;1978;1541;56,3349;5465379
ZMB;Africa;Zambia;;1979;1451;56,0499;5631734
ZMB;Africa;Zambia;;1980;1452;55,4961;5802841
ZMB;Africa;Zambia;;1981;1492;54,986;5983299
ZMB;Africa;Zambia;;1982;1398;54,361;6178638
ZMB;Africa;Zambia;;1983;1320;53,6737;6381045
ZMB;Africa;Zambia;;1984;1269;52,8772;6580497
ZMB;Africa;Zambia;;1985;1250;52,0014;6780953
ZMB;Africa;Zambia;;1986;1215;51,1489;6986475
ZMB;Africa;Zambia;;1987;1203;50,4211;7191285
ZMB;Africa;Zambia;;1988;1239;49,6737;7391450
ZMB;Africa;Zambia;;1989;1215;48,8817;7589226
ZMB;Africa;Zambia;;1990;1285;48,204;7786163
ZMB;Africa;Zambia;;1991;1279,7516;47,4431;7981653
ZMB;Africa;Zambia;;1992;1308,8517;46,9679;8176677
ZMB;Africa;Zambia;;1993;1312,337;46,6781;8373920
ZMB;Africa;Zambia;;1994;1142,2018;46,3439;8576270
ZMB;Africa;Zambia;;1995;1180,9438;46,0509;8785768
ZMB;Africa;Zambia;;1996;1260,7262;45,7565;9004059
ZMB;Africa;Zambia;;1997;1311,357;45,7429;9237064
ZMB;Africa;Zambia;;1998;1308,9514;45,7095;9482414
ZMB;Africa;Zambia;;1999;1373,8511;45,924;9740013
ZMB;Africa;Zambia;;2000;1428,5023;46,5771;10017633
ZMB;Africa;Zambia;;2001;1504,4498;47,4077;10325186
ZMB;Africa;Zambia;;2002;1579,0227;48,4614;10647955
ZMB;Africa;Zambia;;2003;1698,5515;49,6158;10983604
ZMB;Africa;Zambia;;2004;1828,3098;50,5398;11338201
ZMB;Africa;Zambia;;2005;1970,0187;51,6147;11718819
ZMB;Africa;Zambia;;2006;2133,594;52,6928;12129560
ZMB;Africa;Zambia;;2007;2318,627;53,73;12565093
ZMB;Africa;Zambia;;2008;2504,757;54,835;13021327
ZMB;Africa;Zambia;;2009;2743,322;55,8862;13490395
ZMB;Africa;Zambia;;2010;3032,0679;56,896;13965592
ZMB;Africa;Zambia;;2011;3205;57,8431;14437796
ZMB;Africa;Zambia;;2012;3344,8652;58,704;14913631
ZMB;Africa;Zambia;;2013;3409,314;59,4452;15399000
ZMB;Africa;Zambia;;2014;3461,09;60,1091;15895320
ZMB;Africa;Zambia;;2015;3454,3528;60,7284;16399092
ZMB;Africa;Zambia;;2016;3476,8513;61,1285;16914428
ZMB;Africa;Zambia;;2017;3489,8547;61,5644;17441328
ZMB;Africa;Zambia;;2018;3521,5051;62,1381;17973574
ZMB;Africa;Zambia;;2019;3466,2363;62,9145;18513839
ZMB;Africa;Zambia;;2020;3270,599;63,3607;19059394
ZMB;Africa;Zambia;;2021;3321,5945;62,3631;19603610
ZMB;Africa;Zambia;;2022;3342,4214;65,2791;20152935
ZMB;Africa;Zambia;;2023;;66,3487;20723967
ZWE;Africa;Zimbabwe;;1970;2043;57,7608;5215919
ZWE;Africa;Zimbabwe;;1971;2157;57,9959;5374719
ZWE;Africa;Zimbabwe;;1972;2268;58,1755;5542444
ZWE;Africa;Zimbabwe;;1973;2283;58,0872;5720413
ZWE;Africa;Zimbabwe;;1974;2275;58,1937;5908337
ZWE;Africa;Zimbabwe;;1975;2235;58,2495;6098653
ZWE;Africa;Zimbabwe;;1976;2163;57,6277;6287107
ZWE;Africa;Zimbabwe;;1977;1946;56,9962;6449517
ZWE;Africa;Zimbabwe;;1978;1964;54,7297;6543573
ZWE;Africa;Zimbabwe;;1979;1930;54,9184;6647557
ZWE;Africa;Zimbabwe;;1980;2064;59,0621;7041304
ZWE;Africa;Zimbabwe;;1981;2243;59,4463;7498641
ZWE;Africa;Zimbabwe;;1982;2240;59,859;7796503
ZWE;Africa;Zimbabwe;;1983;2190;59,9888;8098408
ZWE;Africa;Zimbabwe;;1984;2067;60,6223;8391494
ZWE;Africa;Zimbabwe;;1985;2128;60,9012;8686815
ZWE;Africa;Zimbabwe;;1986;2107;60,9824;8982579
ZWE;Africa;Zimbabwe;;1987;2004;60,7239;9284649
ZWE;Africa;Zimbabwe;;1988;2114;60,2414;9583099
ZWE;Africa;Zimbabwe;;1989;2181;59,4458;9864797
ZWE;Africa;Zimbabwe;;1990;2160;58,3191;10137287
ZWE;Africa;Zimbabwe;;1991;2222,2554;57,0371;10404820
ZWE;Africa;Zimbabwe;;1992;1971,4456;55,6021;10702697
ZWE;Africa;Zimbabwe;;1993;1948,9105;53,9764;10860285
ZWE;Africa;Zimbabwe;;1994;2110,712;52,5367;10873146
ZWE;Africa;Zimbabwe;;1995;2102,8599;51,1435;10974607
ZWE;Africa;Zimbabwe;;1996;2292,4875;48,9815;11158364
ZWE;Africa;Zimbabwe;;1997;2326,5388;48,5361;11369833
ZWE;Africa;Zimbabwe;;1998;2369,019;47,5508;11594299
ZWE;Africa;Zimbabwe;;1999;2323,0093;46,3786;11783454
ZWE;Africa;Zimbabwe;;2000;2211,1963;46,0339;11892055
ZWE;Africa;Zimbabwe;;2001;2193,7385;44,5249;11971904
ZWE;Africa;Zimbabwe;;2002;2025,3177;45,9381;12087661
ZWE;Africa;Zimbabwe;;2003;1700,9558;45,373;12232324
ZWE;Africa;Zimbabwe;;2004;1604,503;46,0426;12365901
ZWE;Africa;Zimbabwe;;2005;1496,0343;46,5701;12483433
ZWE;Africa;Zimbabwe;;2006;1455,7286;47,0559;12636442
ZWE;Africa;Zimbabwe;;2007;1422,1553;47,5756;12804062
ZWE;Africa;Zimbabwe;;2008;1197,5261;48,4559;12959154
ZWE;Africa;Zimbabwe;;2009;1285,0466;49,7496;13142791
ZWE;Africa;Zimbabwe;;2010;1401,8566;51,9252;13356551
ZWE;Africa;Zimbabwe;;2011;1515;53,9112;13595421
ZWE;Africa;Zimbabwe;;2012;1749,8566;55,3855;13817887
ZWE;Africa;Zimbabwe;;2013;1766,3789;56,8422;14013811
ZWE;Africa;Zimbabwe;;2014;1789,0048;58,106;14207367
ZWE;Africa;Zimbabwe;;2015;1798,7872;58,9895;14399008
ZWE;Africa;Zimbabwe;;2016;1782,8301;59,7601;14600297
ZWE;Africa;Zimbabwe;;2017;1843,9463;60,2626;14812484
ZWE;Africa;Zimbabwe;;2018;1900,1992;60,9055;15034457
ZWE;Africa;Zimbabwe;;2019;1753,0244;61,0603;15271377
ZWE;Africa;Zimbabwe;;2020;1585,9728;61,53;15526887
ZWE;Africa;Zimbabwe;;2021;1687,2532;60,1347;15797220
ZWE;Africa;Zimbabwe;;2022;1703,5294;62,3601;16069061
ZWE;Africa;Zimbabwe;;2023;;62,7748;16340829
